icao24,callsign,origin_country,time_position,last_contact,lon,lat,alt,on_ground,velocity,heading,vertical_rate,sensors,alt,squawk,spi,position_source
801632,AKJ1985 ,India,1775071754.0,1775071754,77.4214,13.2589,2202.18,False,130.12,158.91,-6.83,,2232.66,,False,0
801686,AXB712  ,India,1775071711.0,1775071711,72.585,16.4945,10058.4,False,242.01,129.31,0.33,,10576.56,,False,0
801681,AXB1121 ,India,1775071754.0,1775071754,87.2438,26.1642,9753.6,False,200.04,276.94,0.33,,10142.22,0470,False,0
80164f,AIC4FB  ,India,1775071752.0,1775071752,85.2591,24.2174,9144.0,False,212.74,300.04,0.0,,9563.1,2645,False,0
801662,IGO207W ,India,1775071753.0,1775071753,76.7591,28.4917,1249.68,False,110.05,284.62,-3.58,,1242.06,,False,0
801669,IGO6436 ,India,1775071754.0,1775071754,77.3558,27.3677,4312.92,False,193.85,352.99,-4.88,,4465.32,,False,0
801674,,India,1775071753.0,1775071753,74.8292,25.7305,11285.22,False,257.1,23.59,0.0,,11727.18,,False,0
80169d,IGO154E ,India,1775071754.0,1775071754,77.2181,26.0691,9753.6,False,240.9,358.04,-0.98,,10165.08,,False,0
885221,THA935  ,Thailand,1775071751.0,1775071751,80.1444,26.0498,12489.18,False,264.17,128.83,0.0,,12969.24,,False,0
885223,THA934  ,Thailand,1775071754.0,1775071754,88.769,21.1905,10972.8,False,228.86,303.73,-0.33,,11544.3,0734,False,0
8014dd,AIC314  ,India,1775071754.0,1775071755,91.2851,23.8806,10066.02,False,281.51,102.13,0.0,,10538.46,0564,False,0
8014ed,AIC6AK  ,India,1775071754.0,1775071754,77.1624,13.8653,6781.8,False,197.92,156.57,-12.68,,7124.7,,False,0
8014bb,IGO58AY ,India,1775071754.0,1775071755,76.9243,28.5808,822.96,False,88.34,103.47,0.0,,784.86,,False,0
8014bd,IGO6156 ,India,1775071754.0,1775071754,73.1643,19.0873,1706.88,False,119.41,296.34,-5.53,,1714.5,,False,0
8014fd,AKJ1135 ,India,1775071752.0,1775071753,74.1978,19.796,8382.0,False,237.05,69.28,5.85,,8785.86,,False,0
801612,AIC105  ,India,1775071751.0,1775071752,75.5381,26.2241,10607.04,False,223.7,220.43,1.63,,11003.28,,False,0
885282,THA911  ,Thailand,1775071753.0,1775071754,75.7674,29.0874,11277.6,False,264.94,126.87,0.0,,11643.36,,False,0
801772,IGO6363 ,India,1775071753.0,1775071753,73.241,18.4827,4008.12,False,169.89,337.01,-2.93,,4160.52,,False,0
800446,BDA304  ,India,1775071732.0,1775071732,77.8493,13.4129,3253.74,False,157.05,5.26,5.85,,3246.12,,False,0
801741,IGO6261 ,India,1775071754.0,1775071754,75.3328,26.1871,9144.0,False,217.64,214.89,0.0,,9532.62,,False,0
801745,IGO1090 ,India,1775071753.0,1775071753,74.7187,19.5894,8763.0,False,231.68,275.86,-5.2,,9227.82,,False,0
8852e4,THA941  ,Thailand,1775071707.0,1775071751,78.7542,25.3842,11277.6,False,274.43,118.68,0.33,,11765.28,,False,0
8852e3,THA940  ,Thailand,1775071754.0,1775071754,91.3089,19.4233,10363.2,False,237.07,307.42,0.0,,10942.32,6107,False,0
801798,IGO240M ,India,1775071712.0,1775071714,77.5339,13.2084,1729.74,False,92.6,90.32,-4.88,,1722.12,,False,0
8016b6,VTJSJ   ,India,1775071753.0,1775071753,75.0803,20.1,12085.32,False,287.58,69.04,8.45,,12618.72,,False,0
8015d3,IGO342H ,India,1775071754.0,1775071754,73.9434,18.2577,6042.66,False,194.27,174.68,14.63,,6309.36,,False,0
8015a4,IGO46E  ,India,1775071753.0,1775071753,72.3376,16.573,10965.18,False,221.07,302.36,0.0,,11544.3,,False,0
885310,THA331  ,Thailand,1775071710.0,1775071735,83.9805,24.5846,11582.4,False,200.32,310.52,0.0,,12123.42,6137,False,0
885307,THA339  ,Thailand,1775071754.0,1775071754,90.3259,23.9343,601.98,False,78.35,145.16,-3.58,,609.6,0744,False,0
885308,THA310  ,Thailand,1775071754.0,1775071754,89.9957,24.0308,11277.6,False,277.8,118.18,0.33,,11833.86,2510,False,0
8015e3,IGO1057 ,India,1775071754.0,1775071754,95.6073,16.3947,11269.98,False,239.97,117.17,0.0,,11940.54,,False,0
3c4ada,DLH781  ,Germany,1775071754.0,1775071754,84.8002,21.0418,9753.6,False,230.54,309.66,0.0,,10210.8,2244,False,0
885313,THA351  ,Thailand,1775071753.0,1775071753,75.7671,19.4852,11590.02,False,210.03,276.05,0.33,,12237.72,,False,0
44007c,AUA8    ,Austria,1775071746.0,1775071750,84.9305,23.2411,9753.6,False,223.45,290.06,-0.33,,10226.04,0317,False,0
801864,IGO561K ,India,1775071754.0,1775071754,75.5398,27.3046,9403.08,False,246.4,26.67,-12.03,,9799.32,,False,0
80185f,IGO192P ,India,1775071754.0,1775071754,77.3448,13.4534,2781.3,False,159.16,156.17,-7.15,,2857.5,,False,0
8017a0,IGO1049 ,India,1775071754.0,1775071754,72.8298,19.3205,3436.62,False,190.37,72.54,10.4,,3459.48,,False,0
8016af,AXB2660 ,India,1775071752.0,1775071754,74.0573,17.8333,7383.78,False,203.88,157.45,9.43,,7734.3,,False,0
8016ba,IGO1612 ,India,1775071754.0,1775071754,77.8227,26.9132,8671.56,False,218.52,324.78,-5.2,,9022.08,,False,0
8016d3,IGO119  ,India,1775071751.0,1775071751,73.8007,18.5956,2209.8,False,116.88,306.77,12.03,,2255.52,,False,0
896196,UAE381  ,United Arab Emirates,1775071675.0,1775071694,93.6607,22.133,10972.8,False,221.35,274.4,0.0,,11536.68,,False,0
80180b,IGO374F ,India,1775071754.0,1775071754,88.151,23.0069,1889.76,False,168.99,118.75,-3.9,,1920.24,0527,False,0
801823,IGO626W ,India,1775071749.0,1775071749,72.8806,19.0889,68.58,False,72.54,269.19,-3.25,,22.86,,False,0
801824,IGO949  ,India,1775071655.0,1775071667,77.6085,13.2078,1325.88,False,70.49,90.84,-3.25,,1287.78,,False,0
8a0537,GIA991  ,Indonesia,1775071754.0,1775071754,77.5639,7.8338,10668.0,False,245.52,112.16,0.0,,11262.36,,False,0
4bb1c7,THY173  ,Turkey,1775071673.0,1775071694,77.335,24.6659,10972.8,False,220.67,300.39,0.33,,11422.38,,False,0
896218,UAE367  ,United Arab Emirates,1775071754.0,1775071754,90.5646,22.5311,9144.0,False,226.1,272.74,0.0,,9578.34,2614,False,0
8004fb,BDA201  ,India,1775071651.0,1775071651,77.083,28.547,251.46,False,71.99,103.64,-3.58,,198.12,2634,False,0
4bb1a3,THY208  ,Turkey,1775071747.0,1775071747,74.5567,31.365,11269.98,False,255.39,130.59,-0.33,,11605.26,,False,0
780a66,CPA663  ,China,1775071753.0,1775071754,75.6992,19.8837,10363.2,False,216.48,255.83,0.0,,10881.36,,False,0
896383,ABY587  ,United Arab Emirates,1775071567.0,1775071754,75.3746,10.9536,11277.6,False,225.07,129.62,-0.33,,11902.44,,False,0
780a82,CPA640  ,China,1775071622.0,1775071622,96.5171,23.3405,11277.6,False,281.99,88.64,0.0,,11841.48,2502,False,0
4bb0f9,THY69   ,Turkey,1775071754.0,1775071754,80.0127,27.5798,10972.8,False,231.2,317.43,0.0,,11361.42,0726,False,0
4bb0f3,THY45M  ,Turkey,1775071754.0,1775071754,74.3731,26.4629,11887.2,False,275.33,118.58,0.0,,12275.82,,False,0
4bb0ec,THY163  ,Turkey,1775071754.0,1775071754,80.9496,26.7361,10972.8,False,219.38,299.81,0.33,,11353.8,5663,False,0
4bb0fa,THY39V  ,Turkey,1775071754.0,1775071754,82.6468,24.2965,11582.4,False,217.84,307.71,0.33,,12054.84,2124,False,0
896304,UAE542  ,United Arab Emirates,1775071578.0,1775071578,72.9233,16.6729,10668.0,False,269.16,114.26,0.0,,11224.26,,False,0
4bb0e1,THY58   ,Turkey,1775071754.0,1775071754,82.6268,25.6605,11887.2,False,271.39,134.23,0.0,,12352.02,,False,0
4bb0e2,THY067  ,Turkey,1775071754.0,1775071754,82.406,25.7602,11582.4,False,219.16,306.6,0.0,,12047.22,4137,False,0
780a13,HKC9458 ,China,1775071754.0,1775071754,81.8456,26.5063,11887.2,False,274.9,106.64,0.0,,12397.74,,False,0
780a1c,CPA037  ,China,1775071754.0,1775071754,87.5326,24.8918,10363.2,False,209.77,294.18,0.33,,10820.4,5164,False,0
780a2b,CPA698  ,China,1775071754.0,1775071754,92.706,23.5928,10668.0,False,292.89,100.93,0.0,,11163.3,0543,False,0
800737,AIC312  ,India,1775071754.0,1775071754,78.8098,27.6605,8724.9,False,260.72,115.35,7.15,,9067.8,,False,0
8830f7,TLM242  ,Thailand,1775071754.0,1775071754,88.7966,21.7556,8420.1,False,207.9,335.59,-15.93,,8907.78,0731,False,0
4bb104,THY057  ,Turkey,1775071754.0,1775071754,82.3184,24.5287,10972.8,False,232.14,307.71,-0.33,,11414.76,2363,False,0
4bb187,THY298  ,Turkey,1775071754.0,1775071754,84.1018,26.2678,11269.98,False,282.63,112.92,0.33,,11719.56,5113,False,0
4bb184,THY124  ,Turkey,1775071753.0,1775071754,86.8842,25.1495,11887.2,False,294.81,113.88,0.33,,12382.5,5131,False,0
4bb18e,THY25   ,Turkey,1775071754.0,1775071754,82.2471,25.8667,10965.18,False,215.56,306.46,-0.33,,11422.38,2610,False,0
4bb18a,THY55   ,Turkey,1775071754.0,1775071754,84.6642,22.6765,10972.8,False,225.28,313.24,0.0,,11498.58,0152,False,0
8007ce,IGO264  ,India,1775071754.0,1775071754,88.2602,21.8714,6057.9,False,194.1,31.12,-8.78,,6370.32,1000,False,0
3965aa,AFR257  ,France,1775071754.0,1775071754,77.8716,27.6655,9753.6,False,239.04,307.83,0.0,,10134.6,0113,False,0
780aac,CPA679  ,China,1775071754.0,1775071754,77.4198,28.7692,4716.78,False,155.99,296.23,-1.95,,4869.18,5323,False,0
896617,UAE9800 ,United Arab Emirates,1775071754.0,1775071754,87.749,22.722,12496.8,False,284.65,93.94,0.0,,13068.3,6210,False,0
89660b,FDB574  ,United Arab Emirates,1775071755.0,1775071755,82.9177,26.1188,9144.0,False,207.75,243.05,0.0,,9525.0,2503,False,0
885962,TVJ760  ,Thailand,1775071753.0,1775071753,74.3504,19.5516,6484.62,False,181.25,254.19,-5.53,,6819.9,,False,0
461f4e,FIN141  ,Finland,1775071747.0,1775071747,84.5065,24.7761,11887.2,False,255.92,160.87,-0.33,,12352.02,6033,False,0
75020a,MAS109  ,Malaysia,1775071754.0,1775071754,77.4873,9.7766,7757.16,False,236.09,106.07,5.53,,8100.06,,False,0
750260,MAS191  ,Malaysia,1775071754.0,1775071754,85.4876,20.2093,11155.68,False,262.04,130.38,4.23,,11734.8,0535,False,0
76cd42,SIA9401 ,Singapore,1775071754.0,1775071754,96.2167,15.0829,12496.8,False,243.46,136.63,0.0,,13167.36,4634,False,0
780bab,CES9656 ,China,1775071754.0,1775071754,87.8918,21.4564,10668.0,False,261.23,46.12,0.0,,11209.02,7411,False,0
70aa79,HIM765  ,Nepal,1775071754.0,1775071754,73.0878,28.5221,10363.2,False,209.14,267.04,0.0,,10721.34,,False,0
8a08b2,LNI115  ,Indonesia,1775071754.0,1775071754,75.9916,11.373,10668.0,False,247.34,119.12,0.0,,11254.74,,False,0
76cd75,SIA317  ,Singapore,1775071754.0,1775071754,86.5798,23.731,11887.2,False,286.21,121.18,0.0,,12397.74,4652,False,0
89907d,EVA071  ,Taiwan,1775071737.0,1775071750,95.774,23.4034,10363.2,False,216.68,271.77,0.0,,10881.36,2654,False,0
040125,ETH688  ,Ethiopia,1775071753.0,1775071753,77.0348,28.5573,457.2,False,76.74,103.57,-4.23,,403.86,,False,0
899020,CAL061  ,Taiwan,1775071754.0,1775071754,91.615,22.2827,9753.6,False,215.1,277.01,0.0,,10241.28,2612,False,0
8881db,VJC896  ,Viet Nam,1775071753.0,1775071754,79.8261,27.148,11887.2,False,270.54,111.88,0.0,,12329.16,,False,0
7814b7,CSN3068 ,China,1775071740.0,1775071740,94.7589,23.3214,10660.38,False,281.61,96.4,0.33,,11178.54,2506,False,0
78021a,CPA3244 ,China,1775071749.0,1775071749,94.2469,23.374,12489.18,False,286.72,96.28,0.0,,13022.58,0532,False,0
040066,ETH607  ,Ethiopia,1775071754.0,1775071754,99.7098,14.1494,9364.98,False,255.05,253.36,6.5,,9913.62,,False,0
406d7b,BAW34   ,United Kingdom,1775071754.0,1775071754,76.8445,26.3207,10965.18,False,225.78,298.14,0.0,,11407.14,,False,0
406d78,BAW16   ,United Kingdom,1775071754.0,1775071754,80.1678,26.2908,10972.8,False,230.1,308.92,-0.33,,11414.76,0134,False,0
4ba956,THY73   ,Turkey,1775071631.0,1775071636,85.6345,25.4957,9144.0,False,228.52,281.03,0.0,,9540.24,3103,False,0
4ba94d,THY71   ,Turkey,1775071754.0,1775071754,81.75,26.8471,9144.0,False,232.94,294.81,0.0,,9517.38,5327,False,0
4ba945,THY85   ,Turkey,1775071753.0,1775071753,82.8416,26.5022,9753.6,False,223.52,293.32,0.0,,10157.46,2743,False,0
49d276,SEJ461  ,Czech Republic,1775071753.0,1775071753,73.5259,18.2825,10668.0,False,231.86,157.7,0.0,,11201.4,,False,0
49d26c,SEJ193  ,Czech Republic,1775071754.0,1775071754,78.0966,28.475,5989.32,False,178.32,295.83,-8.45,,6225.54,2656,False,0
880c47,AIQ131  ,Thailand,1775071743.0,1775071748,84.3242,20.8417,11277.6,False,256.15,112.81,0.0,,11849.1,0545,False,0
704020,MMA391  ,Myanmar,1775071754.0,1775071755,99.7589,14.3899,8404.86,False,225.76,308.8,6.5,,8923.02,,False,0
06a052,QTR22X  ,Qatar,1775071754.0,1775071754,76.3449,10.173,8839.2,False,264.02,129.15,0.0,,9311.64,,False,0
781915,CSN6044 ,China,1775071754.0,1775071754,84.2935,22.3999,11887.2,False,289.13,86.53,0.0,,12451.08,1347,False,0
06a070,QTR90C  ,Qatar,1775071751.0,1775071752,74.724,16.8091,10058.4,False,268.78,122.02,0.0,,10584.18,,False,0
3949ee,AFR182  ,France,1775071726.0,1775071728,78.1844,25.6656,10660.38,False,258.09,118.71,0.0,,11125.2,,False,0
80139e,AIC6CH  ,India,1775071754.0,1775071754,73.1663,18.9183,2506.98,False,125.87,45.33,-1.95,,2567.94,,False,0
801439,AIC6DF  ,India,1775071753.0,1775071754,77.2475,26.118,11490.96,False,249.52,0.71,-2.28,,11955.78,,False,0
80140b,IGO2409 ,India,1775071754.0,1775071754,76.8028,28.5717,822.96,False,100.77,63.96,-0.33,,784.86,,False,0
80141d,AIC5KB  ,India,1775071754.0,1775071754,76.2045,19.7462,10972.8,False,206.48,265.28,0.0,,11529.06,,False,0
06a1e6,QTR8047 ,Qatar,1775071741.0,1775071741,88.7657,16.3571,9753.6,False,238.69,284.1,0.0,,10302.24,,False,0
80155f,AIC2361 ,India,1775070872.0,1775071754,96.8766,17.7729,10363.2,False,13.36,15.64,0.0,,9403.08,,False,0
80158c,AIC4026 ,India,1775071520.0,1775071521,77.0731,28.5491,266.7,False,73.62,103.74,-4.23,,198.12,,False,0
80159c,AIC5RP  ,India,1775071754.0,1775071754,73.1877,19.6278,9677.4,False,247.69,348.62,4.55,,10149.84,,False,0
801595,AXB2762 ,India,1775071754.0,1775071754,72.8725,17.3059,10668.0,False,246.46,1.08,0.33,,11216.64,,False,0
06a103,QTR16K  ,Qatar,1775071754.0,1775071754,75.2217,28.2573,7231.38,False,217.77,92.17,-13.98,,7505.7,,False,0
885113,THA925  ,Thailand,1775071754.0,1775071754,79.3037,26.657,12496.8,False,265.05,128.54,0.0,,12938.76,,False,0
885108,THA955  ,Thailand,1775071754.0,1775071754,79.6331,26.4209,11277.6,False,282.57,128.64,0.33,,11704.32,,False,0
885106,THA961  ,Thailand,1775071754.0,1775071754,78.14,25.6875,11887.2,False,273.97,118.73,0.0,,12344.4,,False,0
88511a,THA900  ,Thailand,1775071685.0,1775071753,85.2843,22.953,11582.4,False,223.95,294.86,0.0,,12131.04,0703,False,0
88510e,THA954  ,Thailand,1775071752.0,1775071753,91.9108,18.9832,10972.8,False,240.67,307.53,0.0,,11247.12,0716,False,0
88510d,THA960  ,Thailand,1775071754.0,1775071754,88.0357,21.6546,10363.2,False,228.73,304.37,0.0,,10789.92,0717,False,0
8013d6,AIC2380 ,India,1775071754.0,1775071754,85.8831,22.5547,9441.18,False,245.99,158.53,-0.33,,9906.0,0561,False,0
06a0fe,QTR2V   ,Qatar,1775071754.0,1775071754,85.4859,22.992,10965.18,False,300.45,89.51,-4.88,,11468.1,2137,False,0
88516f,THA316  ,Thailand,1775071754.0,1775071754,85.9188,23.1777,11277.6,False,276.83,125.7,0.0,,11811.0,0512,False,0
88516c,THA930  ,Thailand,1775071754.0,1775071754,88.8832,21.1188,9144.0,False,231.0,303.83,0.0,,9608.82,6130,False,0
885177,THA931  ,Thailand,1775071754.0,1775071754,78.9598,26.9024,10668.0,False,263.69,128.35,0.0,,11079.48,,False,0
88044a,AIQ121  ,Thailand,1775071754.0,1775071754,88.7352,22.3635,3634.74,False,159.28,155.17,11.38,,3756.66,0454,False,0
880457,AIQ196  ,Thailand,1775071754.0,1775071754,79.9053,11.8303,10972.8,False,214.39,256.96,0.0,,11681.46,,False,0
4b1880,,Switzerland,1775071754.0,1775071754,72.8232,19.0883,548.64,False,86.95,269.32,12.68,,-45.72,,False,0
3c6707,DLH773  ,Germany,1775071754.0,1775071754,81.044,26.6588,11582.4,False,223.06,306.84,0.0,,12024.36,0707,False,0
3c64f4,DLH756  ,Germany,1775071754.0,1775071754,73.0104,19.0907,754.38,False,99.81,269.41,-5.53,,716.28,,False,0
7584a9,CEB740  ,Philippines,1775071754.0,1775071754,95.1361,14.8502,10972.8,False,240.82,283.59,0.0,,11612.88,,False,0
04c045,KQA202  ,Kenya,1775071751.0,1775071751,72.6964,18.8445,4152.9,False,156.49,79.39,-8.78,,4335.78,,False,0
151d76,AZV2528 ,Russian Federation,1775071754.0,1775071754,97.9059,14.6319,9753.6,False,12.44,7.13,0.0,,8793.48,,False,0
4007f0,BAW2230 ,United Kingdom,1775071754.0,1775071754,78.1441,27.4761,10363.2,False,233.81,308.03,0.0,,10751.82,6113,False,0
7822db,CCA426  ,China,1775071754.0,1775071754,91.6243,22.2811,10668.0,False,273.1,96.92,0.0,,11193.78,7373,False,0
880852,AIQ147  ,Thailand,1775071754.0,1775071754,88.8885,21.1158,10668.0,False,251.55,123.66,0.33,,11216.64,3315,False,0
77181f,EXV911  ,Sri Lanka,1775071754.0,1775071754,89.5848,23.3406,6492.24,False,236.31,57.17,-6.83,,6804.66,7364,False,0
781230,CES2052 ,China,1775071733.0,1775071740,70.2115,18.5739,11277.6,False,276.56,78.08,0.0,,11818.62,,False,0
88812c,HVN984  ,Viet Nam,1775071754.0,1775071754,88.4529,22.1276,10142.22,False,257.57,44.19,6.5,,10629.9,1152,False,0
88812b,HVN39   ,Viet Nam,1775071754.0,1775071754,90.2841,20.1565,10972.8,False,231.81,306.97,0.0,,11559.54,5537,False,0
888138,HVN35   ,Viet Nam,1775071754.0,1775071754,90.3394,22.438,10972.8,False,212.61,277.23,0.0,,11536.68,7024,False,0
888139,HVN10   ,Viet Nam,1775070934.0,1775071754,94.0647,19.0367,10972.8,False,252.08,126.87,0.0,,11620.5,7024,False,0
888129,HVN980  ,Viet Nam,1775071754.0,1775071754,85.924,24.1332,11879.58,False,289.09,124.34,0.0,,12390.12,0523,False,0
888167,HVN19   ,Viet Nam,1775071754.0,1775071754,88.7698,22.6683,10972.8,False,219.78,300.53,0.0,,11384.28,7054,False,0
888153,HVN18   ,Viet Nam,1775071754.0,1775071754,76.6114,28.5251,12496.8,False,269.78,127.33,0.0,,12877.8,,False,0
7705c3,ALK141  ,Sri Lanka,1775071515.0,1775071520,75.4131,13.5173,10980.42,False,234.73,324.18,0.0,,11574.78,,False,0
706131,JZR3432 ,Kuwait,1775071753.0,1775071753,75.9203,13.9665,9052.56,False,234.28,287.64,4.55,,9403.08,,False,0
8880f8,HVN30   ,Viet Nam,1775071754.0,1775071754,84.6098,24.2235,11887.2,False,298.1,112.85,0.0,,12397.74,6427,False,0
8880df,HVN36   ,Viet Nam,1775071735.0,1775071735,80.1397,26.2013,11887.2,False,283.6,107.42,-0.33,,12352.02,,False,0
8880e4,HVN978  ,Viet Nam,1775071680.0,1775071682,86.1959,16.9624,11887.2,False,261.53,103.65,0.0,,12519.66,0315,False,0
8880e1,HVN37   ,Viet Nam,1775071731.0,1775071746,83.6931,25.0654,10972.8,False,213.06,297.31,-0.33,,11437.62,7017,False,0
8880e2,HVN31   ,Viet Nam,1775071754.0,1775071754,85.6866,22.7642,10363.2,False,225.73,295.51,0.33,,10858.5,5603,False,0
4d0113,CLX7623 ,Luxembourg,1775071754.0,1775071754,90.2501,22.446,12496.8,False,288.29,97.18,0.0,,13075.92,3504,False,0
8940bb,DHX821  ,Bahrain,1775071752.0,1775071754,83.7395,22.9924,11277.6,False,282.37,93.24,0.0,,11788.14,3505,False,0
7502da,MXD164  ,Malaysia,1775071754.0,1775071754,96.9786,16.4426,10972.8,False,237.89,333.27,0.0,,11620.5,,False,0
7502c4,MXD132  ,Malaysia,1775071753.0,1775071754,85.8718,20.1866,10058.4,False,260.48,135.8,0.0,,10591.8,4527,False,0
76cda2,SIA9303 ,Singapore,1775071752.0,1775071754,85.1273,20.5754,12496.8,False,264.28,131.29,0.33,,13083.54,4554,False,0
76cdb2,SIA328  ,Singapore,1775071742.0,1775071742,85.8268,17.9812,10972.8,False,239.72,314.74,0.0,,11559.54,2232,False,0
76cdb6,SIA301  ,Singapore,1775071744.0,1775071744,88.9159,18.9275,12496.8,False,263.01,134.76,0.0,,13022.58,4617,False,0
76cdac,SIA378  ,Singapore,1775071754.0,1775071754,85.9733,21.5426,10972.8,False,234.03,313.13,0.0,,11521.44,0161,False,0
780db1,CSN6038 ,China,1775071690.0,1775071693,93.8473,23.4135,11887.2,False,279.91,96.12,-0.33,,12428.22,4515,False,0
76cdaf,SIA312  ,Singapore,1775071749.0,1775071749,87.8272,18.2921,10363.2,False,242.27,315.17,0.0,,10927.08,0111,False,0
76cdc2,SIA305  ,Singapore,1775071633.0,1775071641,93.156,19.6466,10668.0,False,277.91,125.28,0.0,,11262.36,4611,False,0
8966ee,UAE9833 ,United Arab Emirates,1775071601.0,1775071601,84.8663,20.1229,9144.0,False,233.37,281.83,0.0,,9608.82,5352,False,0
75044d,MAS3    ,Malaysia,1775071754.0,1775071754,87.2909,20.3923,12496.8,False,264.26,132.95,0.0,,13098.78,4650,False,0
8966bc,ETD1X7  ,United Arab Emirates,1775071515.0,1775071516,70.0468,18.0249,10050.78,False,250.78,116.04,0.0,,10530.84,,False,0
75044a,MAS20   ,Malaysia,1775071753.0,1775071753,87.5027,18.6103,10972.8,False,242.29,315.69,0.0,,11551.92,2161,False,0
750458,AXM8    ,Malaysia,1775071754.0,1775071754,78.659,7.7605,9867.9,False,240.22,106.81,3.9,,10424.16,,False,0
750422,MXD206  ,Malaysia,1775071754.0,1775071754,85.9443,21.9017,11277.6,False,250.19,141.76,-0.33,,11833.86,0577,False,0
485e2d,KLM871  ,Kingdom of the Netherlands,1775071749.0,1775071749,74.4605,31.3663,11887.2,False,266.61,102.48,0.0,,12214.86,,False,0
507c49,UZB534  ,Uzbekistan,1775071754.0,1775071754,82.2568,25.3879,10363.2,False,212.55,318.83,0.33,,10797.54,6140,False,0
76cee2,SIA26   ,Singapore,1775071735.0,1775071744,86.5543,19.5299,9144.0,False,245.18,315.34,0.0,,9639.3,0145,False,0
76ceeb,SIA25   ,Singapore,1775071754.0,1775071754,87.6109,18.2828,10668.0,False,267.67,132.27,0.0,,11262.36,7660,False,0
750584,AXM70   ,Malaysia,1775071715.0,1775071715,98.4757,13.5872,10058.4,False,236.29,152.93,0.0,,10690.86,,False,0
75056b,MXD216  ,Malaysia,1775071753.0,1775071753,75.6192,19.6784,10058.4,False,261.96,96.43,0.0,,10553.7,,False,0
750585,AXM93   ,Malaysia,1775071754.0,1775071754,80.0225,27.1158,10058.4,False,255.33,114.4,0.0,,10469.88,,False,0
3c7a43,CFG2367 ,Germany,1775071753.0,1775071754,77.7321,27.7619,10972.8,False,224.74,307.84,0.33,,11376.66,,False,0
40621c,BAW12   ,United Kingdom,1775071729.0,1775071729,83.598,23.5938,9753.6,False,235.91,312.7,0.0,,10203.18,2271,False,0
4cae84,SEJ902  ,Ireland,1775071754.0,1775071754,76.9381,28.2375,2735.58,False,140.55,326.95,-2.93,,2811.78,,False,0
4cacb9,ITY770  ,Ireland,1775071754.0,1775071754,74.8664,31.0725,12496.8,False,250.38,136.67,0.0,,12809.22,,False,0
4d232c,SEJ648  ,Malta,1775071754.0,1775071754,72.8668,18.4201,5737.86,False,201.56,161.7,11.38,,5974.08,,False,0
800b82,SEJ759  ,India,1775071754.0,1775071754,86.8118,23.8054,8892.54,False,253.16,93.85,-5.2,,9349.74,0562,False,0
4d229d,SEJ448  ,Malta,1775071753.0,1775071754,88.3964,22.5984,1127.76,False,91.67,246.17,5.53,,1097.28,2647,False,0
800c48,AIC2387 ,India,1775071753.0,1775071754,78.9147,25.8788,10972.8,False,211.35,318.35,0.0,,11407.14,,False,0
800c4a,AIC2303 ,India,1775071754.0,1775071754,78.4258,28.3343,8046.72,False,198.1,296.03,-5.2,,8366.76,6100,False,0
800d1b,SEJ152  ,India,1775071748.0,1775071748,76.8874,25.4055,11277.6,False,216.24,177.68,0.0,,11727.18,,False,0
800d2c,IGO595C ,India,1775071754.0,1775071754,75.9271,19.793,9761.22,False,211.85,233.49,0.0,,10256.52,,False,0
800d40,AIC2377 ,India,1775071754.0,1775071754,79.4265,27.8297,10363.2,False,205.32,303.45,0.0,,10751.82,0766,False,0
710102,SVA978  ,Saudi Arabia,1775071450.0,1775071450,95.5646,22.7397,12496.8,False,288.35,82.72,0.0,,13091.16,4524,False,0
800d9a,VTSHG   ,India,1775071754.0,1775071754,87.1464,23.6377,7429.5,False,218.75,122.91,-4.88,,7764.78,0241,False,0
010154,MSR959  ,Egypt,1775071754.0,1775071754,88.0683,22.7016,9144.0,False,226.92,274.03,0.0,,9585.96,2466,False,0
800d7a,SEJ269  ,India,1775071754.0,1775071754,73.9481,18.1636,7627.62,False,228.01,303.87,-4.88,,8107.68,,False,0
86d59c,JAL749  ,Japan,1775071754.0,1775071754,90.0897,24.1373,12184.38,False,205.29,282.89,-0.33,,12710.16,5040,False,0
7100b4,SVA883  ,Saudi Arabia,1775071754.0,1775071754,83.848,22.9866,10965.18,False,209.74,273.37,0.0,,11490.96,3130,False,0
7100c3,SVA816  ,Saudi Arabia,1775071753.0,1775071754,78.498,12.5836,10058.4,False,266.57,114.64,0.0,,10614.66,,False,0
800cc8,AIC2336 ,India,1775071754.0,1775071754,77.7705,28.1404,5791.2,False,216.51,115.77,9.75,,6027.42,,False,0
800cee,IGO793Y ,India,1775071755.0,1775071755,73.195,19.1884,1988.82,False,109.03,139.02,-4.55,,2034.54,,False,0
801623,AXB2069 ,India,1775073715.0,1775073806,77.5475,13.2083,1653.54,False,72.02,90.41,-3.25,,1615.44,,False,0
80161a,IGO746  ,India,1775073906.0,1775073989,75.4334,19.3215,8823.96,False,201.43,241.47,-10.73,,9212.58,,False,0
801697,AXB2681 ,India,1775074026.0,1775074026,77.3579,13.2459,2042.16,False,105.72,171.04,-0.98,,2057.4,,False,0
80164f,AIC4FB  ,India,1775074025.0,1775074025,81.234,26.5653,9151.62,False,220.91,302.54,0.33,,9532.62,2645,False,0
801659,AIC161  ,India,1775074010.0,1775074010,75.0991,25.8808,10972.8,False,218.02,221.17,0.0,,11369.04,,False,0
801665,AIC162  ,India,1775074026.0,1775074026,76.621,28.6404,1623.06,False,109.19,79.96,-5.85,,1630.68,,False,0
80165a,AIC4KB  ,India,1775074025.0,1775074025,77.2667,26.6908,10393.68,False,241.79,0.0,-7.48,,10805.16,,False,0
801674,AIC4EU  ,India,1775074025.0,1775074025,77.0755,28.5485,259.08,False,64.51,103.37,-2.6,,198.12,,False,0
801672,AIC5QZ  ,India,1775074025.0,1775074025,76.7197,25.2933,10660.38,False,213.65,182.21,-0.65,,11109.96,,False,0
885221,THA935  ,Thailand,1775074025.0,1775074026,85.435,23.0185,12489.18,False,279.36,120.06,0.0,,13053.06,0110,False,0
885223,THA934  ,Thailand,1775074024.0,1775074026,84.5028,23.2869,10965.18,False,210.88,294.5,0.0,,11490.96,0734,False,0
8014dd,AIC314  ,India,1775073755.0,1775073763,96.6808,23.4394,10058.4,False,274.28,91.4,0.0,,10568.94,0564,False,0
8014d8,IGO916  ,India,1775073983.0,1775073983,77.5648,15.0731,11574.78,False,222.04,307.37,0.0,,12192.0,,False,0
8014ce,IGO271J ,India,1775074025.0,1775074025,73.5616,19.2395,3604.26,False,138.43,210.85,-3.25,,3726.18,,False,0
8014fa,IGO077  ,India,1775074025.0,1775074025,76.1433,14.197,9509.76,False,230.35,308.38,8.45,,10020.3,,False,0
885282,THA911  ,Thailand,1775073782.0,1775073782,80.115,26.0715,11277.6,False,270.36,128.9,0.0,,11734.8,,False,0
80174a,IGO1082 ,India,1775074024.0,1775074025,76.8961,28.4317,1965.96,False,111.13,322.33,-3.9,,1996.44,,False,0
80174b,IGO322  ,India,1775074017.0,1775074017,73.0402,19.0911,891.54,False,92.09,269.36,-2.28,,853.44,,False,0
801768,IGO1060 ,India,1775074025.0,1775074025,73.5034,19.1478,3177.54,False,113.72,210.74,-5.2,,3284.22,,False,0
801775,IGO6025 ,India,1775074026.0,1775074026,77.2361,26.1422,10363.2,False,237.18,0.75,0.0,,10789.92,,False,0
801736,IGO6921 ,India,1775074025.0,1775074025,87.0203,22.9601,6286.5,False,227.58,94.54,-9.43,,6583.68,0301,False,0
801744,IGO5323 ,India,1775074010.0,1775074013,73.894,17.182,10058.4,False,243.42,133.72,0.0,,10576.56,,False,0
801742,IGO5293 ,India,1775074019.0,1775074019,77.1207,14.5419,10363.2,False,235.52,330.13,0.33,,10927.08,,False,0
8852e4,THA941  ,Thailand,1775074025.0,1775074026,84.5857,22.8352,11269.98,False,287.9,113.04,0.0,,11818.62,0431,False,0
8852e3,THA940  ,Thailand,1775074026.0,1775074026,87.0684,21.8823,10363.2,False,224.8,299.32,-0.33,,10881.36,6107,False,0
80177b,AXB1382 ,India,1775073980.0,1775073980,77.5594,13.2082,1592.58,False,93.63,89.69,-5.53,,1714.5,,False,0
8015a4,IGO46E  ,India,1775073753.0,1775073753,68.7918,18.6504,10972.8,False,220.48,298.12,0.0,,11490.96,,False,0
885310,THA331  ,Thailand,1775073989.0,1775073995,80.3429,27.1788,11582.4,False,209.53,310.22,-0.33,,12054.84,6137,False,0
885308,THA310  ,Thailand,1775073918.0,1775074023,93.5728,20.4229,11277.6,False,246.18,137.71,0.0,,11932.92,2510,False,0
05a0af,,Maldives,1775073926.0,1775073931,96.7107,22.87,11582.4,False,204.64,263.21,0.0,,12184.38,,False,0
80171b,IGO527Y ,India,1775074025.0,1775074025,75.5712,27.3057,8724.9,False,252.7,25.05,-4.23,,9060.18,,False,0
44007c,AUA8    ,Austria,1775073923.0,1775073923,80.8302,25.5704,10363.2,False,228.94,307.51,0.0,,10797.54,6133,False,0
80184a,VTMIR   ,India,1775074025.0,1775074025,83.7836,25.4579,12496.8,False,288.74,119.81,-0.33,,12954.0,0264,False,0
80052d,AIC2NA  ,India,1775074025.0,1775074025,77.6845,13.9647,11285.22,False,220.2,179.2,0.0,,11887.2,,False,0
8016d2,IGO651H ,India,1775074026.0,1775074026,77.4877,13.3718,3832.86,False,120.47,229.85,-6.18,,3962.4,,False,0
896121,UAE395  ,United Arab Emirates,1775074025.0,1775074026,92.9929,22.1493,8534.4,False,237.15,279.24,0.0,,8953.5,7052,False,0
896196,UAE381  ,United Arab Emirates,1775074025.0,1775074025,88.7869,22.6203,10972.8,False,216.36,280.13,0.0,,11506.2,5335,False,0
801848,AXB235  ,India,1775074026.0,1775074026,70.7255,18.8456,9144.0,False,222.64,273.44,0.0,,9578.34,,False,0
801851,IGO461L ,India,1775074026.0,1775074026,76.9003,28.5748,1181.1,False,102.41,91.44,-4.55,,1165.86,,False,0
896189,UAE363  ,United Arab Emirates,1775074023.0,1775074025,94.396,22.6784,10972.8,False,215.12,259.39,0.0,,11513.82,3107,False,0
801822,IGO6054 ,India,1775074025.0,1775074025,76.8138,27.401,10325.1,False,215.53,190.45,7.48,,10721.34,,False,0
8017e4,IGO2369 ,India,1775074021.0,1775074025,77.123,25.7544,11582.4,False,261.25,12.39,-0.33,,12047.22,,False,0
4bb1c7,THY173  ,Turkey,1775073761.0,1775073761,73.5352,26.8761,10972.8,False,216.41,298.7,0.0,,11353.8,,False,0
896218,UAE367  ,United Arab Emirates,1775074025.0,1775074026,85.5489,22.864,9144.0,False,232.88,274.94,0.0,,9585.96,2614,False,0
4bb1a3,THY208  ,Turkey,1775074025.0,1775074025,79.5124,28.3182,11277.6,False,266.47,132.81,0.33,,11681.46,,False,0
780a70,CPA040  ,China,1775074026.0,1775074026,83.7428,22.9854,11277.6,False,293.8,71.63,0.0,,11803.38,0324,False,0
896383,ABY587  ,United Arab Emirates,1775073892.0,1775073892,78.9295,7.9588,6103.62,False,210.99,134.6,-11.05,,7147.56,,False,0
4bb0f9,THY69   ,Turkey,1775074025.0,1775074025,75.8154,30.582,11544.3,False,225.28,305.61,5.2,,11864.34,0726,False,0
4bb0ec,THY163  ,Turkey,1775074025.0,1775074025,77.2804,30.2572,10972.8,False,246.87,333.11,0.0,,11292.84,5663,False,0
4bb0fa,THY39V  ,Turkey,1775074025.0,1775074025,78.7205,27.0716,11582.4,False,227.45,308.3,0.0,,11986.26,,False,0
896304,UAE542  ,United Arab Emirates,1775074024.0,1775074024,78.3229,14.1417,10668.0,False,262.94,110.74,-0.33,,11254.74,,False,0
4bb0e8,THY174  ,Turkey,1775074025.0,1775074025,86.9619,18.2718,11887.2,False,260.55,128.75,0.0,,12481.56,0743,False,0
4bb0e1,THY58   ,Turkey,1775074025.0,1775074025,88.2051,22.8155,11887.2,False,282.26,121.66,0.33,,12435.84,5151,False,0
4bb0e2,THY067  ,Turkey,1775074025.0,1775074025,78.6269,28.9119,11582.4,False,231.06,316.35,0.0,,11963.4,4137,False,0
896315,UAE397  ,United Arab Emirates,1775074023.0,1775074025,73.8132,17.1492,10363.2,False,240.88,300.12,0.0,,10888.98,,False,0
89630b,UAE335  ,United Arab Emirates,1775073877.0,1775073877,99.123,14.0311,10363.2,False,257.62,277.92,0.0,,10995.66,,False,0
780a13,HKC9458 ,China,1775074026.0,1775074026,87.9284,24.7258,11887.2,False,284.15,114.15,0.0,,12443.46,0565,False,0
780a1c,CPA037  ,China,1775074024.0,1775074024,82.97,26.4345,10363.2,False,223.87,293.86,0.0,,10797.54,5164,False,0
800737,AIC312  ,India,1775073996.0,1775074012,84.7873,25.7128,11887.2,False,296.89,108.59,-0.33,,12352.02,0541,False,0
800740,AIC309  ,India,1775074025.0,1775074026,85.7044,20.1985,12192.0,False,236.13,311.64,0.0,,12801.6,1313,False,0
4bb104,THY057  ,Turkey,1775074025.0,1775074025,78.2442,27.4061,11254.74,False,230.2,307.92,1.3,,11635.74,,False,0
4bb187,THY298  ,Turkey,1775074026.0,1775074026,90.2251,24.109,11269.98,False,298.37,103.05,0.33,,11772.9,5113,False,0
4bb184,THY124  ,Turkey,1775073915.0,1775073935,92.8621,23.5637,11887.2,False,295.31,101.25,-0.33,,12451.08,5131,False,0
4bb18e,THY25   ,Turkey,1775074025.0,1775074025,77.9794,28.2811,10965.18,False,221.56,276.4,0.33,,11369.04,2610,False,0
4bb18a,THY55   ,Turkey,1775073992.0,1775073998,81.1178,25.5673,10972.8,False,220.67,297.64,-0.65,,11430.0,0152,False,0
3965b3,AFR283  ,France,1775074025.0,1775074025,75.3671,29.3506,9753.6,False,243.64,306.85,0.0,,10096.5,,False,0
3965aa,AFR257  ,France,1775073842.0,1775073842,73.7198,30.3957,9753.6,False,245.02,305.86,0.0,,10066.02,0113,False,0
68322c,VSV5202 ,Kazakhstan,1775074025.0,1775074025,76.0519,29.6533,10675.62,False,234.43,146.28,0.0,,10995.66,,False,0
781df2,HYT9130 ,China,1775074025.0,1775074025,85.2024,18.3254,11277.6,False,259.69,40.82,0.0,,11871.96,0616,False,0
896617,UAE9800 ,United Arab Emirates,1775073922.0,1775073922,93.7008,22.5481,12496.8,False,289.06,79.23,0.0,,13075.92,6210,False,0
885963,TVJ771  ,Thailand,1775074025.0,1775074025,90.5721,20.2106,10058.4,False,255.09,133.45,0.0,,10607.04,0423,False,0
461f4e,FIN141  ,Finland,1775074025.0,1775074025,88.9965,21.0791,11887.2,False,268.87,129.72,-0.33,,12473.94,6033,False,0
05a054,DQA502  ,Maldives,1775074026.0,1775074026,75.9389,7.3203,10058.4,False,248.58,38.53,0.0,,10622.28,,False,0
75021f,MAS193  ,Malaysia,1775074023.0,1775074023,79.5804,12.9715,8862.06,False,253.75,94.07,6.18,,9197.34,,False,0
76cd43,SIA324  ,Singapore,1775073989.0,1775074007,85.215,18.5527,10363.2,False,243.0,314.66,0.0,,10896.6,2272,False,0
76cd42,SIA9401 ,Singapore,1775073972.0,1775074005,99.5753,11.4914,12496.8,False,243.79,155.44,0.0,,13182.6,,False,0
780bab,CES9656 ,China,1775074000.0,1775074002,93.1051,22.4516,11277.6,False,272.01,78.99,0.0,,11841.48,7411,False,0
76cd45,SIA377  ,Singapore,1775074025.0,1775074025,86.3234,19.7507,11887.2,False,259.73,135.0,0.0,,12489.18,0414,False,0
76cd44,SIA352  ,Singapore,1775073593.0,1775073836,83.9266,19.6932,11887.2,False,239.74,314.22,0.33,,12435.84,0162,False,0
76cd49,SIA304  ,Singapore,1775074024.0,1775074026,85.5651,18.2262,10972.8,False,239.0,314.74,0.0,,11536.68,0146,False,0
76cd74,SIA322  ,Singapore,1775074025.0,1775074025,75.5615,25.7988,10363.2,False,233.66,306.95,0.0,,10751.82,,False,0
76cd75,SIA317  ,Singapore,1775074021.0,1775074025,91.6451,20.6453,11887.2,False,263.55,124.34,0.0,,12481.56,4652,False,0
89907d,EVA071  ,Taiwan,1775074025.0,1775074025,91.066,23.9282,10363.2,False,211.5,283.36,0.0,,10828.02,2654,False,0
04018f,ETH609  ,Ethiopia,1775073923.0,1775073930,99.5536,13.6922,6431.28,False,241.03,259.05,7.15,,6819.9,,False,0
89907e,EVA065  ,Taiwan,1775073943.0,1775073949,93.1028,23.5188,10355.58,False,205.31,281.56,-0.33,,10843.26,2636,False,0
899020,CAL061  ,Taiwan,1775074025.0,1775074025,87.0174,23.4868,9753.6,False,226.66,301.16,0.0,,10210.8,2612,False,0
899039,EVA087  ,Taiwan,1775074025.0,1775074026,91.7494,23.7879,9144.0,False,227.16,282.56,0.0,,9563.1,6263,False,0
8881db,VJC896  ,Viet Nam,1775074025.0,1775074025,85.2697,24.5406,11887.2,False,279.8,123.98,-0.65,,12390.12,0521,False,0
89912c,EVA062  ,Taiwan,1775074024.0,1775074025,74.4959,29.9079,11277.6,False,261.77,126.13,0.0,,11635.74,,False,0
06a2fc,QTR6N   ,Qatar,1775074026.0,1775074026,77.489,13.2264,10668.0,False,267.44,94.86,-0.33,,11262.36,,False,0
406d78,BAW16   ,United Kingdom,1775074026.0,1775074026,75.8554,29.0652,10972.8,False,234.57,303.55,-0.33,,11346.18,0134,False,0
4ba956,THY73   ,Turkey,1775073931.0,1775073931,80.7125,27.3053,9144.0,False,235.89,292.71,0.0,,9525.0,3103,False,0
4ba94d,THY71   ,Turkey,1775074026.0,1775074026,76.7426,28.6884,9144.0,False,241.05,298.7,0.0,,9486.9,5327,False,0
4ba945,THY85   ,Turkey,1775074025.0,1775074025,77.9879,28.2956,9753.6,False,231.37,291.66,0.0,,10126.98,2743,False,0
8990f3,CAL063  ,Taiwan,1775073674.0,1775074020,96.2908,19.5605,10972.8,False,12.45,128.29,0.0,,10012.68,6244,False,0
49d276,SEJ461  ,Czech Republic,1775074025.0,1775074025,76.7023,14.6415,9471.66,False,226.36,147.72,-10.4,,9982.2,,False,0
880c47,AIQ131  ,Thailand,1775073872.0,1775073873,89.2265,18.9781,10668.0,False,258.8,111.21,0.0,,11239.5,0545,False,0
781915,CSN6044 ,China,1775074026.0,1775074026,90.638,22.3999,12496.8,False,291.99,97.29,0.0,,13083.54,1347,False,0
7c806e,QFA33   ,Australia,1775074026.0,1775074026,74.5101,26.3965,11574.78,False,221.91,298.53,0.33,,11986.26,,False,0
76b447,SIA537  ,Singapore,1775073877.0,1775073877,77.6941,9.7365,7886.7,False,219.13,106.22,4.23,,8252.46,,False,0
801403,AXB1258 ,India,1775074025.0,1775074025,74.1456,18.793,4724.4,False,194.68,64.65,16.26,,4899.66,,False,0
80141d,AIC5KB  ,India,1775074024.0,1775074025,72.9168,19.0894,259.08,False,63.28,269.53,-2.93,,175.26,,False,0
801427,IGO276P ,India,1775074024.0,1775074024,77.4709,25.7886,9753.6,False,253.0,356.74,0.0,,10180.32,,False,0
80145a,AIC5DS  ,India,1775073964.0,1775073964,72.8549,20.0231,8008.62,False,239.86,6.77,5.85,,6797.04,,False,0
801526,AKJ424Q ,India,1775074025.0,1775074025,73.2472,18.9528,2202.18,False,110.73,2.66,-6.83,,2247.9,,False,0
06a124,QTR572  ,Qatar,1775074026.0,1775074026,76.6284,13.5104,4937.76,False,188.99,118.45,-5.53,,5135.88,,False,0
06a12e,QTR93W  ,Qatar,1775074025.0,1775074025,70.9941,19.0112,10469.88,False,286.12,93.71,-7.8,,10949.94,,False,0
801508,AKJ861Y ,India,1775074026.0,1775074026,77.6674,13.3226,4061.46,False,151.76,278.19,-13.33,,4221.48,,False,0
06a140,QTR8036 ,Qatar,1775074025.0,1775074025,79.26,12.9181,4495.8,False,199.84,92.8,-7.48,,4671.06,,False,0
80155f,AIC2361 ,India,1775074025.0,1775074025,91.3191,20.8551,10370.82,False,209.47,304.39,0.0,,10919.46,2763,False,0
80152d,IGO1605 ,India,1775073992.0,1775073992,79.8566,12.7811,9144.0,False,254.12,109.02,2.28,,9631.68,,False,0
801552,AIC2383 ,India,1775074025.0,1775074025,78.5875,26.42,9304.02,False,235.94,322.53,-1.95,,9692.64,,False,0
80156e,BDA803  ,India,1775074025.0,1775074025,77.8835,13.7642,5402.58,False,187.56,222.22,-10.4,,5631.18,,False,0
885113,THA925  ,Thailand,1775074025.0,1775074025,84.6468,23.6504,12496.8,False,281.22,121.92,0.0,,13007.34,6410,False,0
885108,THA955  ,Thailand,1775074026.0,1775074026,85.1452,23.373,11277.6,False,298.32,120.24,0.0,,11780.52,6021,False,0
885106,THA961  ,Thailand,1775074024.0,1775074025,83.8994,23.3439,11887.2,False,286.52,115.18,0.0,,12405.36,1163,False,0
88511a,THA900  ,Thailand,1775073937.0,1775073975,81.1966,25.3149,11582.4,False,227.41,307.65,0.0,,12054.84,0703,False,0
88510e,THA954  ,Thailand,1775074025.0,1775074025,87.6864,21.5881,10972.8,False,227.36,299.41,0.33,,11437.62,0716,False,0
88510d,THA960  ,Thailand,1775073872.0,1775073872,83.866,23.5551,10370.82,False,227.23,294.48,0.0,,10767.06,0717,False,0
885119,THA924  ,Thailand,1775074025.0,1775074026,89.1949,20.7592,10972.8,False,230.48,300.0,0.0,,11544.3,6102,False,0
885116,THA901  ,Thailand,1775074025.0,1775074025,86.747,22.0672,12496.8,False,276.78,116.14,0.0,,13053.06,5150,False,0
8013d6,AIC2380 ,India,1775074026.0,1775074026,89.3725,18.5212,9448.8,False,251.37,134.59,0.33,,9966.96,0561,False,0
8013fe,AIC5SQ  ,India,1775074025.0,1775074025,73.8041,18.6792,3048.0,False,145.81,107.03,0.0,,3139.44,,False,0
8013fb,IGO6121 ,India,1775074025.0,1775074025,77.463,13.2095,2118.36,False,100.54,116.43,-9.75,,2156.46,,False,0
88516f,THA316  ,Thailand,1775073952.0,1775073958,90.5326,19.9793,11277.6,False,263.71,127.07,0.0,,11879.58,0512,False,0
88516c,THA930  ,Thailand,1775074025.0,1775074025,84.2598,23.3869,9144.0,False,237.11,294.62,0.33,,9578.34,3062,False,0
88516e,THA971  ,Thailand,1775074026.0,1775074026,85.6634,22.1682,10668.0,False,282.78,117.4,0.0,,11178.54,3062,False,0
88516d,THA950  ,Thailand,1775074024.0,1775074025,90.0229,20.3449,9144.0,False,237.06,306.8,0.0,,9616.44,6100,False,0
885156,THA318  ,Thailand,1775074025.0,1775074025,87.9849,19.4421,12496.8,False,266.91,111.72,0.0,,13114.02,0310,False,0
885178,THA970  ,Thailand,1775074026.0,1775074026,88.5658,21.0884,9753.6,False,224.86,299.61,0.0,,10248.9,0706,False,0
885177,THA931  ,Thailand,1775074025.0,1775074026,84.1588,23.9759,10668.0,False,278.11,121.69,0.0,,11155.68,0673,False,0
885179,THA951  ,Thailand,1775074026.0,1775074026,77.2762,28.0751,10668.0,False,264.86,127.58,0.0,,11056.62,,False,0
885176,THA921  ,Thailand,1775074026.0,1775074026,76.4601,26.5075,10668.0,False,268.89,119.7,0.0,,11087.1,,False,0
88044a,AIQ121  ,Thailand,1775073991.0,1775074001,92.0193,18.9031,10668.0,False,244.82,128.0,0.0,,11262.36,0454,False,0
880457,AIQ196  ,Thailand,1775074011.0,1775074011,76.4749,10.1542,381.0,False,74.11,268.41,-4.23,,434.34,,False,0
3c6707,DLH773  ,Germany,1775074025.0,1775074026,76.567,28.7313,11582.4,False,223.3,300.76,0.0,,11948.16,0707,False,0
7103d6,SVA871  ,Saudi Arabia,1775073819.0,1775073835,87.3214,16.697,10965.18,False,237.19,283.67,-0.33,,11574.78,6521,False,0
7584a9,CEB740  ,Philippines,1775071929.0,1775074023,94.7609,14.9388,10972.8,False,239.07,283.44,0.0,,11590.02,2620,False,0
7821a0,CSS161  ,China,1775073779.0,1775073784,94.5115,23.4037,9144.0,False,214.31,273.03,0.0,,9563.1,6003,False,0
151d76,AZV2528 ,Russian Federation,1775074025.0,1775074025,91.2255,19.4812,9753.6,False,224.3,307.26,-0.33,,10233.66,5522,False,0
4007f0,BAW2230 ,United Kingdom,1775073520.0,1775073894,74.771,29.7328,10363.2,False,238.93,306.15,0.0,,10706.1,6113,False,0
48455e,KLM836  ,Kingdom of the Netherlands,1775073989.0,1775074025,88.4765,17.6634,34046.16,False,251.37,315.41,0.0,,34533.84,,False,0
151d48,AZV2937 ,Russian Federation,1775073967.0,1775074022,74.9016,31.0401,10668.0,False,238.72,136.57,-0.33,,10965.18,,False,0
77044c,ALK191  ,Sri Lanka,1775074019.0,1775074019,79.5944,12.7002,10972.8,False,239.78,349.99,0.0,,11567.16,,False,0
770454,ALK173  ,Sri Lanka,1775073991.0,1775073991,78.8706,10.3549,10972.8,False,242.37,338.72,0.0,,11574.78,,False,0
781230,CES2052 ,China,1775073975.0,1775073975,75.7768,20.362,11277.6,False,274.13,72.08,0.0,,11826.24,,False,0
88812c,HVN984  ,Viet Nam,1775073977.0,1775074021,94.1943,21.9624,10668.0,False,276.73,99.85,0.0,,11209.02,0422,False,0
88812b,HVN39   ,Viet Nam,1775074025.0,1775074025,86.1036,22.574,10965.18,False,218.13,295.72,-0.33,,11490.96,5537,False,0
888138,HVN35   ,Viet Nam,1775074026.0,1775074026,86.0612,24.1541,11582.4,False,209.3,300.09,-0.33,,12009.12,7024,False,0
888139,HVN10   ,Viet Nam,1775074025.0,1775074025,99.7192,14.6141,12496.8,False,248.26,130.12,0.0,,13167.36,,False,0
888129,HVN980  ,Viet Nam,1775074025.0,1775074025,91.8169,22.2594,11887.2,False,292.52,96.46,0.0,,12473.94,0523,False,0
888167,HVN19   ,Viet Nam,1775073908.0,1775073909,84.8335,24.8146,10972.8,False,220.61,302.91,-0.33,,11376.66,7054,False,0
888153,HVN18   ,Viet Nam,1775074025.0,1775074025,81.4894,25.2091,12496.8,False,290.94,99.36,0.0,,12976.86,,False,0
7705c3,ALK141  ,Sri Lanka,1775074025.0,1775074025,73.3064,18.2926,6621.78,False,215.26,339.14,-6.83,,6911.34,,False,0
706131,JZR3432 ,Kuwait,1775073725.0,1775073725,72.2401,15.8007,10363.2,False,223.45,297.86,0.0,,10896.6,,False,0
70612e,JZR3406 ,Kuwait,1775074025.0,1775074025,75.9463,10.8164,6111.24,False,191.88,333.92,9.43,,6347.46,,False,0
8880f8,HVN30   ,Viet Nam,1775074025.0,1775074025,90.173,21.5818,11887.2,False,278.8,123.87,-0.33,,12489.18,6427,False,0
8880df,HVN36   ,Viet Nam,1775074025.0,1775074025,86.2578,24.0202,11887.2,False,291.36,119.28,0.0,,12405.36,7702,False,0
8880e1,HVN37   ,Viet Nam,1775074025.0,1775074026,79.5691,27.7262,10965.18,False,219.35,292.48,0.33,,11376.66,7017,False,0
8880e2,HVN31   ,Viet Nam,1775073813.0,1775073839,81.6219,23.9984,10965.18,False,219.52,297.65,0.0,,11452.86,5603,False,0
4d0113,CLX7623 ,Luxembourg,1775073783.0,1775073900,95.8118,21.683,12496.8,False,282.62,100.59,0.0,,13121.64,3504,False,0
8940bb,DHX821  ,Bahrain,1775074026.0,1775074026,89.9118,22.4853,11285.22,False,282.55,97.11,0.0,,11826.24,3505,False,0
7502cd,XAX605  ,Malaysia,1775074025.0,1775074025,75.8586,26.7368,11277.6,False,238.94,155.31,0.0,,11696.7,,False,0
76cdac,SIA378  ,Singapore,1775074025.0,1775074025,82.2652,24.5665,11582.4,False,220.82,307.62,0.0,,12070.08,0161,False,0
76cdaf,SIA312  ,Singapore,1775074026.0,1775074026,84.0676,21.6098,11582.4,False,230.21,309.56,0.33,,12146.28,0111,False,0
76cdc2,SIA305  ,Singapore,1775073992.0,1775073994,97.1329,15.551,10668.0,False,259.01,144.13,0.0,,11300.46,4611,False,0
75044c,MAS2    ,Malaysia,1775074021.0,1775074024,77.0355,24.8288,11582.4,False,231.42,300.9,0.0,,12039.6,,False,0
75044a,MAS20   ,Malaysia,1775073678.0,1775073928,84.0601,21.0007,11582.4,False,227.27,300.92,0.0,,11727.18,2161,False,0
8966ac,ETD6RM  ,United Arab Emirates,1775074025.0,1775074025,70.7985,18.8575,10066.02,False,246.21,122.2,0.0,,10546.08,,False,0
4074e4,BAW35   ,United Kingdom,1775074025.0,1775074025,68.7927,18.6498,12489.18,False,269.96,118.08,-0.33,,13037.82,,False,0
750422,MXD206  ,Malaysia,1775074023.0,1775074023,89.5919,18.3149,11277.6,False,225.9,134.72,0.0,,11887.2,0577,False,0
3474cd,WFL8621 ,Spain,1775074024.0,1775074025,73.5126,27.8884,11887.2,False,254.05,117.76,0.0,,12260.58,,False,0
7503c2,MXD161  ,Malaysia,1775073939.0,1775073940,92.4528,21.5619,9448.8,False,255.16,137.04,0.0,,9928.86,4762,False,0
485e2d,KLM871  ,Kingdom of the Netherlands,1775074025.0,1775074025,76.9988,28.565,640.08,False,87.84,103.55,-5.2,,601.98,,False,0
507c49,UZB534  ,Uzbekistan,1775074025.0,1775074026,78.7778,28.4732,10363.2,False,220.47,319.73,0.0,,10736.58,6140,False,0
76ceed,SIA336  ,Singapore,1775074021.0,1775074023,87.0362,19.0645,9144.0,False,243.37,315.6,0.0,,9624.06,0137,False,0
75059a,XAX183  ,Malaysia,1775073755.0,1775073789,85.1853,17.2904,11277.6,False,242.0,136.64,0.33,,11887.2,,False,0
750585,AXM93   ,Malaysia,1775073799.0,1775073803,83.6155,23.9577,10058.4,False,249.56,135.67,-0.33,,10530.84,0514,False,0
750553,MAS119  ,Malaysia,1775074024.0,1775074024,79.1262,25.8932,10668.0,False,237.0,146.69,0.0,,11094.72,,False,0
4caf23,KZR964  ,Ireland,1775074025.0,1775074026,77.0878,28.307,2689.86,False,144.25,211.14,12.68,,2750.82,,False,0
3c7a43,CFG2367 ,Germany,1775073797.0,1775073797,73.9044,30.2802,10972.8,False,227.73,305.81,0.0,,11308.08,,False,0
40621c,BAW12   ,United Kingdom,1775074025.0,1775074025,79.3895,26.5957,9753.6,False,240.14,308.56,0.0,,10142.22,,False,0
4cacb9,ITY770  ,Ireland,1775073904.0,1775073909,77.0777,28.5481,251.46,False,71.49,103.74,-0.65,,190.5,,False,0
800b05,BDA154  ,India,1775074025.0,1775074025,73.1888,19.0923,1546.86,False,100.57,265.89,-3.58,,1539.24,,False,0
4d232c,SEJ648  ,Malta,1775073787.0,1775073791,76.1672,15.5428,11277.6,False,242.23,122.07,0.0,,11864.34,,False,0
4d229d,SEJ448  ,Malta,1775073752.0,1775073834,84.6045,20.8855,12740.64,False,228.65,237.78,0.0,,9593.58,2647,False,0
800c48,AIC2387 ,India,1775074025.0,1775074025,76.7741,28.5683,1493.52,False,103.69,75.34,-2.93,,1501.14,,False,0
4cac0f,KZR603  ,Ireland,1775073638.0,1775074024,74.5316,31.383,11277.6,False,225.73,140.18,0.0,,11582.4,,False,0
800d13,SEJ555  ,India,1775073911.0,1775073912,77.6075,13.2078,1333.5,False,75.12,90.78,-3.9,,1303.02,,False,0
86d59c,JAL749  ,Japan,1775074025.0,1775074025,85.7297,25.3907,12192.0,False,198.81,289.19,-0.33,,12664.44,5040,False,0
800cc8,AIC2336 ,India,1775074025.0,1775074025,82.7519,25.4848,10668.0,False,263.2,125.21,0.33,,11140.44,,False,0
801623,AXB2069 ,India,1775073715.0,1775073806,77.5475,13.2083,1653.54,False,72.02,90.41,-3.25,,1615.44,,False,0
80161a,IGO746  ,India,1775074079.0,1775074079,75.1597,19.1502,7010.4,False,190.65,223.91,-9.43,,7338.06,,False,0
801697,AXB2681 ,India,1775074080.0,1775074080,77.3955,13.2139,1958.34,False,101.93,117.34,-0.98,,1965.96,,False,0
80164f,AIC4FB  ,India,1775074079.0,1775074079,81.1337,26.6226,9159.24,False,220.64,302.43,0.0,,9540.24,2645,False,0
801659,AIC161  ,India,1775074079.0,1775074079,75.001,25.779,10972.8,False,219.47,221.2,0.0,,11376.66,,False,0
801665,AIC162  ,India,1775074079.0,1775074080,76.6795,28.6327,1333.5,False,106.81,103.37,-5.53,,1318.26,,False,0
80165a,AIC4KB  ,India,1775074076.0,1775074079,77.2668,26.8016,9989.82,False,240.25,0.0,-7.48,,10378.44,,False,0
801674,AIC4EU  ,India,1775074029.0,1775074034,77.0781,28.548,251.46,False,61.01,104.15,0.0,,182.88,,False,0
801672,AIC5QZ  ,India,1775074078.0,1775074079,76.7149,25.1928,10660.38,False,215.26,182.6,0.33,,11102.34,,False,0
885221,THA935  ,Thailand,1775074078.0,1775074078,85.5587,22.952,12496.8,False,277.58,120.27,-0.33,,13060.68,0110,False,0
885223,THA934  ,Thailand,1775074078.0,1775074078,84.4023,23.3293,10972.8,False,212.24,294.64,-0.33,,11490.96,0734,False,0
8014d8,IGO916  ,India,1775073983.0,1775073983,77.5648,15.0731,11574.78,False,222.04,307.37,0.0,,12192.0,,False,0
8014ce,IGO271J ,India,1775074079.0,1775074079,73.527,19.1853,3406.14,False,122.55,211.09,-6.18,,3520.44,,False,0
8014fa,IGO077  ,India,1775074080.0,1775074080,76.0537,14.2668,9829.8,False,227.29,308.66,5.85,,10347.96,,False,0
885282,THA911  ,Thailand,1775073782.0,1775073782,80.115,26.0715,11277.6,False,270.36,128.9,0.0,,11734.8,,False,0
80174a,IGO1082 ,India,1775074079.0,1775074080,76.8582,28.4751,1744.98,False,109.28,322.27,-3.9,,1767.84,,False,0
80174b,IGO322  ,India,1775074079.0,1775074079,72.9868,19.0904,632.46,False,90.03,269.35,-4.55,,579.12,,False,0
801768,IGO1060 ,India,1775074080.0,1775074080,73.4645,19.1078,2903.22,False,112.32,231.14,-5.53,,2987.04,,False,0
801775,IGO6025 ,India,1775074079.0,1775074079,77.238,26.2568,10363.2,False,237.18,0.75,0.0,,10789.92,,False,0
801736,IGO6921 ,India,1775074078.0,1775074078,87.1349,22.9521,5791.2,False,218.23,94.33,-9.1,,6065.52,0301,False,0
801744,IGO5323 ,India,1775074056.0,1775074056,73.9703,17.1116,10058.4,False,243.78,133.8,0.0,,10584.18,,False,0
801742,IGO5293 ,India,1775074078.0,1775074079,77.0676,14.6559,10363.2,False,240.94,341.06,0.0,,10919.46,,False,0
8852e4,THA941  ,Thailand,1775074078.0,1775074078,84.722,22.7813,11269.98,False,287.9,113.04,0.0,,11818.62,0431,False,0
8852e3,THA940  ,Thailand,1775074078.0,1775074078,86.9695,21.9343,10355.58,False,223.91,299.45,-0.33,,10881.36,6107,False,0
801785,,India,1775074068.0,1775074068,78.221,14.3749,9646.92,False,218.8,189.06,-5.2,,10530.84,,False,0
80177b,AXB1382 ,India,1775074058.0,1775074058,77.6171,13.2078,1280.16,False,77.69,90.76,-4.23,,1554.48,,False,0
885310,THA331  ,Thailand,1775074079.0,1775074079,80.1974,27.2886,11574.78,False,209.08,310.51,0.0,,12047.22,6137,False,0
885308,THA310  ,Thailand,1775074060.0,1775074061,93.7965,20.1911,11277.6,False,246.18,137.71,-0.33,,11932.92,2510,False,0
05a0af,,Maldives,1775073926.0,1775073931,96.7107,22.87,11582.4,False,204.64,263.21,0.0,,12184.38,,False,0
70203e,BBC339  ,Bangladesh,1775074076.0,1775074078,90.4005,23.84,60.96,False,87.26,143.87,0.98,,-38.1,4706,False,0
80171b,IGO527Y ,India,1775074079.0,1775074079,75.631,27.419,8366.76,False,258.42,25.34,-8.78,,8694.42,,False,0
44007c,AUA8    ,Austria,1775073923.0,1775073923,80.8302,25.5704,10363.2,False,228.94,307.51,0.0,,10797.54,6133,False,0
80184a,VTMIR   ,India,1775074079.0,1775074079,83.9184,25.3879,12496.8,False,293.59,119.84,0.33,,12946.38,0264,False,0
80052d,AIC2NA  ,India,1775074079.0,1775074079,77.686,13.8591,11285.22,False,218.15,179.19,-0.33,,11887.2,,False,0
8016de,IGO337  ,India,1775074079.0,1775074079,75.8703,17.9543,10972.8,False,213.77,288.96,0.0,,11559.54,,False,0
8016af,AXB2660 ,India,1775074076.0,1775074076,77.5845,14.6496,12496.8,False,234.6,121.46,-0.33,,13121.64,,False,0
8016d2,IGO651H ,India,1775074080.0,1775074080,77.441,13.3329,3329.94,False,124.62,230.53,-8.45,,3436.62,,False,0
896121,UAE395  ,United Arab Emirates,1775074077.0,1775074078,92.8747,22.1671,8534.4,False,237.15,279.24,0.0,,8953.5,7052,False,0
8003f2,AXB2739 ,India,1775074079.0,1775074079,73.7829,18.5816,2026.92,False,121.13,225.17,19.51,,2042.16,,False,0
896196,UAE381  ,United Arab Emirates,1775074076.0,1775074079,88.6811,22.6379,10972.8,False,215.94,280.29,0.33,,11506.2,5335,False,0
801848,AXB235  ,India,1775074073.0,1775074075,70.6267,18.8513,9144.0,False,223.22,273.7,0.0,,9578.34,,False,0
801851,IGO461L ,India,1775074080.0,1775074080,76.9539,28.5737,922.02,False,92.62,91.27,-4.55,,883.92,,False,0
896189,UAE363  ,United Arab Emirates,1775074079.0,1775074079,94.2796,22.6583,10972.8,False,215.12,259.39,0.0,,11513.82,3107,False,0
801822,IGO6054 ,India,1775074079.0,1775074079,76.8048,27.2968,10721.34,False,218.18,178.65,7.48,,11117.58,,False,0
8017e4,IGO2369 ,India,1775074079.0,1775074080,77.1551,25.8883,11582.4,False,257.41,12.23,0.0,,12047.22,,False,0
896218,UAE367  ,United Arab Emirates,1775074078.0,1775074078,85.4302,22.8734,9144.0,False,233.86,274.8,0.0,,9578.34,2614,False,0
4bb1a3,THY208  ,Turkey,1775074079.0,1775074079,79.6212,28.2288,11269.98,False,266.82,132.89,0.0,,11673.84,,False,0
780a70,CPA040  ,China,1775074077.0,1775074078,83.8809,23.028,11277.6,False,293.8,71.63,0.0,,11803.38,0324,False,0
896383,ABY587  ,United Arab Emirates,1775073892.0,1775073892,78.9295,7.9588,6103.62,False,210.99,134.6,-11.05,,7147.56,,False,0
780a7b,HKC9376 ,China,1775074063.0,1775074079,97.9065,14.6316,11887.2,False,243.41,65.93,0.0,,10927.08,,False,0
4bb0f9,THY69   ,Turkey,1775074033.0,1775074076,75.8014,30.5907,11567.16,False,224.86,305.69,1.95,,11887.2,0726,False,0
4bb0ec,THY163  ,Turkey,1775074079.0,1775074079,77.2084,30.3588,10972.8,False,242.31,322.77,0.0,,11292.84,5663,False,0
4bb0fa,THY39V  ,Turkey,1775074079.0,1775074079,78.6232,27.1403,11582.4,False,227.86,308.22,0.0,,11978.64,,False,0
896304,UAE542  ,United Arab Emirates,1775074076.0,1775074079,78.4399,14.0968,10424.16,False,255.38,116.05,-9.1,,10995.66,,False,0
4bb0e8,THY174  ,Turkey,1775074078.0,1775074078,87.0645,18.1928,11887.2,False,261.6,128.85,-0.33,,12481.56,0743,False,0
4bb0e1,THY58   ,Turkey,1775074078.0,1775074078,88.3282,22.7451,11887.2,False,282.26,121.66,0.0,,12435.84,5151,False,0
4bb0e2,THY067  ,Turkey,1775074079.0,1775074079,78.5385,28.9932,11582.4,False,231.41,316.26,0.0,,11963.4,4137,False,0
896315,UAE397  ,United Arab Emirates,1775074063.0,1775074079,73.7337,17.1936,10363.2,False,240.18,300.08,0.0,,10888.98,,False,0
89630b,UAE335  ,United Arab Emirates,1775073877.0,1775073877,99.123,14.0311,10363.2,False,257.62,277.92,0.0,,10995.66,,False,0
780a13,HKC9458 ,China,1775074080.0,1775074080,88.0661,24.6691,11887.2,False,282.7,114.51,0.33,,12443.46,0565,False,0
780a1c,CPA037  ,China,1775074024.0,1775074024,82.97,26.4345,10363.2,False,223.87,293.86,0.0,,10797.54,5164,False,0
89637c,ETD394  ,United Arab Emirates,1775074040.0,1775074042,74.8024,11.4002,10668.0,False,239.74,128.64,0.0,,11269.98,,False,0
800737,AIC312  ,India,1775073996.0,1775074047,84.7873,25.7128,11887.2,False,297.38,108.56,0.0,,12359.64,0541,False,0
800740,AIC309  ,India,1775074078.0,1775074078,85.6152,20.2733,12192.0,False,236.13,311.64,-0.33,,12793.98,1313,False,0
4bb104,THY057  ,Turkey,1775074079.0,1775074079,78.1455,27.4747,11369.04,False,231.96,308.06,3.9,,11750.04,,False,0
4bb187,THY298  ,Turkey,1775074079.0,1775074079,90.3763,24.0768,11277.6,False,297.87,103.08,-0.33,,11780.52,5113,False,0
4bb184,THY124  ,Turkey,1775073915.0,1775073935,92.8621,23.5637,11887.2,False,295.31,101.25,-0.33,,12451.08,5131,False,0
4bb18e,THY25   ,Turkey,1775074079.0,1775074079,77.861,28.3049,10965.18,False,226.3,288.97,-0.33,,11361.42,2610,False,0
4bb18a,THY55   ,Turkey,1775074080.0,1775074080,80.9463,25.6476,10972.8,False,222.26,297.28,0.0,,11430.0,0152,False,0
3965b3,AFR283  ,France,1775074079.0,1775074079,75.2575,29.4206,9753.6,False,244.49,306.1,0.0,,10096.5,,False,0
3965aa,AFR257  ,France,1775073842.0,1775073842,73.7198,30.3957,9753.6,False,245.02,305.86,0.0,,10066.02,0113,False,0
68322c,VSV5202 ,Kazakhstan,1775074031.0,1775074077,76.06,29.6428,10675.62,False,234.0,146.21,0.0,,10995.66,,False,0
781df2,HYT9130 ,China,1775074078.0,1775074078,85.2873,18.4191,11277.6,False,260.03,40.91,0.0,,11871.96,0616,False,0
896617,UAE9800 ,United Arab Emirates,1775073922.0,1775073922,93.7008,22.5481,12496.8,False,289.06,79.23,0.0,,13075.92,6210,False,0
885963,TVJ771  ,Thailand,1775074071.0,1775074072,90.6531,20.1382,10050.78,False,254.72,133.53,-0.33,,10599.42,0423,False,0
461f4e,FIN141  ,Finland,1775074079.0,1775074079,89.104,20.9952,11887.2,False,268.87,129.72,0.0,,12473.94,6033,False,0
05a054,DQA502  ,Maldives,1775074079.0,1775074080,76.0142,7.4145,10058.4,False,248.18,38.6,0.0,,10622.28,,False,0
75021f,MAS193  ,Malaysia,1775074073.0,1775074076,79.6971,12.9633,9090.66,False,255.8,94.04,3.9,,9570.72,,False,0
76cd43,SIA324  ,Singapore,1775074061.0,1775074078,85.0982,18.6624,10363.2,False,243.37,314.57,0.0,,10896.6,2272,False,0
76cd42,SIA9401 ,Singapore,1775073972.0,1775074005,99.5753,11.4914,12496.8,False,243.79,155.44,0.0,,13182.6,,False,0
780bab,CES9656 ,China,1775074000.0,1775074002,93.1051,22.4516,11277.6,False,272.01,78.99,0.0,,11841.48,7411,False,0
76cd45,SIA377  ,Singapore,1775074073.0,1775074076,86.4058,19.6723,11887.2,False,261.19,135.16,0.0,,12489.18,0414,False,0
76cd44,SIA352  ,Singapore,1775073593.0,1775073836,83.9266,19.6932,11887.2,False,239.74,314.22,0.33,,12435.84,0162,False,0
76cd49,SIA304  ,Singapore,1775074060.0,1775074060,85.5079,18.2803,10972.8,False,238.64,314.65,0.0,,11536.68,0146,False,0
76cd74,SIA322  ,Singapore,1775074079.0,1775074079,75.4631,25.8656,10363.2,False,232.22,306.9,0.0,,10751.82,,False,0
76cd75,SIA317  ,Singapore,1775074077.0,1775074078,91.7622,20.5698,11887.2,False,263.84,124.43,0.0,,12481.56,4652,False,0
89907d,EVA071  ,Taiwan,1775074079.0,1775074079,90.9578,23.9518,10363.2,False,210.88,283.26,-0.33,,10820.4,2654,False,0
04018f,ETH609  ,Ethiopia,1775073923.0,1775073930,99.5536,13.6922,6431.28,False,241.03,259.05,7.15,,6819.9,,False,0
89907e,EVA065  ,Taiwan,1775074071.0,1775074078,92.8505,23.566,10363.2,False,205.72,281.39,0.0,,10850.88,2636,False,0
899020,CAL061  ,Taiwan,1775074078.0,1775074078,86.9178,23.5426,9753.6,False,226.92,301.28,-0.33,,10210.8,2612,False,0
899039,EVA087  ,Taiwan,1775074079.0,1775074079,91.6325,23.8115,9144.0,False,228.56,282.35,0.0,,9563.1,6263,False,0
8881db,VJC896  ,Viet Nam,1775074078.0,1775074078,85.3899,24.466,11894.82,False,278.81,124.25,-0.65,,12397.74,0521,False,0
89912c,EVA062  ,Taiwan,1775074079.0,1775074079,74.6157,29.8319,11277.6,False,261.47,126.04,-0.33,,11635.74,,False,0
06a2fc,QTR6N   ,Qatar,1775074080.0,1775074080,77.6213,13.2154,10660.38,False,266.42,94.87,-0.33,,11254.74,,False,0
406d78,BAW16   ,United Kingdom,1775074080.0,1775074080,75.7474,29.128,10972.8,False,234.71,303.38,0.33,,11346.18,0134,False,0
4ba956,THY73   ,Turkey,1775073931.0,1775074053,80.7125,27.3053,9144.0,False,236.84,292.61,0.0,,9525.0,3103,False,0
4ba94d,THY71   ,Turkey,1775074079.0,1775074080,76.6258,28.7449,9144.0,False,242.44,298.79,0.0,,9479.28,5327,False,0
4ba945,THY85   ,Turkey,1775074079.0,1775074079,77.8698,28.3372,9753.6,False,231.37,291.66,0.0,,10119.36,2743,False,0
8990f3,CAL063  ,Taiwan,1775073674.0,1775074060,96.2908,19.5605,10972.8,False,12.45,128.29,0.0,,10012.68,6244,False,0
49d276,SEJ461  ,Czech Republic,1775074078.0,1775074079,76.7618,14.5502,8907.78,False,221.78,147.6,-9.43,,9380.22,,False,0
880c47,AIQ131  ,Thailand,1775073872.0,1775073873,89.2265,18.9781,10668.0,False,258.8,111.21,0.0,,11239.5,0545,False,0
781915,CSN6044 ,China,1775074079.0,1775074079,90.789,22.3817,12489.18,False,290.97,97.31,0.0,,13075.92,1347,False,0
7c806e,QFA33   ,Australia,1775074079.0,1775074079,74.4079,26.4463,11582.4,False,223.27,298.34,-0.33,,11993.88,,False,0
76b447,SIA537  ,Singapore,1775073877.0,1775073877,77.6941,9.7365,7886.7,False,219.13,106.22,4.23,,8252.46,,False,0
801403,AXB1258 ,India,1775074079.0,1775074079,74.2367,18.8341,5280.66,False,203.66,64.73,12.35,,5509.26,,False,0
80141d,AIC5KB  ,India,1775074076.0,1775074076,72.8856,19.089,99.06,False,64.31,269.54,-3.25,,22.86,,False,0
801427,IGO276P ,India,1775074079.0,1775074079,77.4622,25.912,9753.6,False,250.23,355.64,0.0,,10180.32,,False,0
801431,IGO1171 ,India,1775074077.0,1775074077,80.2671,12.1443,7101.84,False,215.83,184.92,7.8,,7437.12,,False,0
80145a,AIC5DS  ,India,1775073964.0,1775073964,72.8549,20.0231,8008.62,False,239.86,6.77,5.85,,6797.04,,False,0
801526,AKJ424Q ,India,1775074079.0,1775074079,73.2498,19.0064,1889.76,False,109.72,2.96,-5.53,,1912.62,,False,0
06a124,QTR572  ,Qatar,1775074080.0,1775074080,76.7037,13.4707,4701.54,False,157.21,118.33,-0.98,,4876.8,,False,0
06a12e,QTR93W  ,Qatar,1775074079.0,1775074079,71.1389,19.0025,9921.24,False,282.49,93.65,-10.4,,10370.82,,False,0
801508,AKJ861Y ,India,1775074079.0,1775074080,77.597,13.3315,3634.74,False,134.76,277.02,-6.5,,3756.66,,False,0
06a140,QTR8036 ,Qatar,1775074079.0,1775074079,79.3588,12.9126,4061.46,False,194.28,93.34,-7.48,,4221.48,,False,0
80155f,AIC2361 ,India,1775074078.0,1775074078,91.2321,20.9108,10370.82,False,208.04,304.32,0.0,,10919.46,2763,False,0
80152d,IGO1605 ,India,1775074079.0,1775074079,80.0483,12.7161,9502.14,False,253.15,109.1,7.8,,10012.68,,False,0
801552,AIC2383 ,India,1775074079.0,1775074079,78.5096,26.5112,9166.86,False,235.44,322.28,-2.6,,9547.86,,False,0
80156e,BDA803  ,India,1775074076.0,1775074079,77.8255,13.7023,4884.42,False,178.37,222.9,-10.73,,5082.54,,False,0
885113,THA925  ,Thailand,1775074077.0,1775074078,84.7662,23.5818,12496.8,False,276.64,122.01,0.0,,13014.96,6410,False,0
885108,THA955  ,Thailand,1775074078.0,1775074078,85.2763,23.3023,11285.22,False,295.58,120.31,0.0,,11788.14,6021,False,0
885106,THA961  ,Thailand,1775074078.0,1775074078,84.0363,23.2845,11887.2,False,289.97,115.2,0.0,,12405.36,0716,False,0
88511a,THA900  ,Thailand,1775073937.0,1775073975,81.1966,25.3149,11582.4,False,227.41,307.65,0.0,,12054.84,0703,False,0
88510e,THA954  ,Thailand,1775074078.0,1775074078,87.5856,21.6414,10972.8,False,227.61,299.52,0.0,,11437.62,0716,False,0
88510d,THA960  ,Thailand,1775073872.0,1775073872,83.866,23.5551,10370.82,False,227.23,294.48,0.0,,10767.06,0717,False,0
885119,THA924  ,Thailand,1775074079.0,1775074079,89.0908,20.8156,10972.8,False,230.03,300.06,0.0,,11536.68,6102,False,0
885116,THA901  ,Thailand,1775074078.0,1775074078,86.8742,22.009,12504.42,False,277.69,116.28,0.33,,13053.06,5150,False,0
8013d6,AIC2380 ,India,1775074076.0,1775074078,89.4572,18.4417,9448.8,False,251.01,134.5,-0.33,,9966.96,0561,False,0
8013fe,AIC5SQ  ,India,1775074079.0,1775074079,73.8772,18.6783,3048.0,False,132.78,88.45,0.0,,3139.44,,False,0
8013fb,IGO6121 ,India,1775074079.0,1775074080,77.5108,13.2086,1828.8,False,91.58,90.64,-1.95,,1821.18,,False,0
88516f,THA316  ,Thailand,1775074078.0,1775074078,90.7847,19.7988,11277.6,False,263.61,127.23,0.0,,11879.58,0512,False,0
88516c,THA930  ,Thailand,1775074078.0,1775074078,84.1491,23.4336,9144.0,False,237.57,294.57,0.0,,9578.34,3062,False,0
88516e,THA971  ,Thailand,1775074078.0,1775074078,85.7884,22.1077,10668.0,False,280.72,117.5,-0.33,,11186.16,3062,False,0
88516d,THA950  ,Thailand,1775074072.0,1775074077,89.9355,20.4061,9144.0,False,236.58,305.8,0.0,,9616.44,6100,False,0
885156,THA318  ,Thailand,1775074078.0,1775074078,88.1095,19.3951,12496.8,False,266.91,111.72,0.0,,13114.02,0310,False,0
885178,THA970  ,Thailand,1775074078.0,1775074078,88.4671,21.1411,9753.6,False,224.86,299.61,0.0,,10248.9,0706,False,0
885177,THA931  ,Thailand,1775074077.0,1775074078,84.2803,23.9072,10668.0,False,278.55,121.64,0.0,,11155.68,0310,False,0
885179,THA951  ,Thailand,1775074079.0,1775074079,77.3905,27.9968,10668.0,False,264.45,127.65,0.0,,11064.24,,False,0
885176,THA921  ,Thailand,1775074080.0,1775074080,76.5881,26.4424,10668.0,False,271.14,118.32,0.0,,11087.1,,False,0
88044a,AIQ121  ,Thailand,1775074059.0,1775074059,92.1418,18.8117,10675.62,False,244.42,128.08,0.0,,11262.36,0454,False,0
880457,AIQ196  ,Thailand,1775074011.0,1775074011,76.4749,10.1542,381.0,False,74.11,268.41,-4.23,,434.34,,False,0
3c6707,DLH773  ,Germany,1775074079.0,1775074080,76.4611,28.7865,11582.4,False,223.93,300.51,0.0,,11948.16,0707,False,0
7103d6,SVA871  ,Saudi Arabia,1775073819.0,1775073835,87.3214,16.697,10965.18,False,237.19,283.67,-0.33,,11574.78,6521,False,0
7584a9,CEB740  ,Philippines,1775071929.0,1775074068,94.7609,14.9388,10972.8,False,238.07,283.5,0.33,,11590.02,2620,False,0
7821a0,CSS161  ,China,1775073779.0,1775073784,94.5115,23.4037,9144.0,False,214.31,273.03,0.0,,9563.1,6003,False,0
151d76,AZV2528 ,Russian Federation,1775074064.0,1775074078,91.1606,19.5282,9753.6,False,223.89,307.34,0.0,,10233.66,5522,False,0
4007f0,BAW2230 ,United Kingdom,1775073520.0,1775073894,74.771,29.7328,10363.2,False,238.93,306.15,0.0,,10706.1,6113,False,0
48455e,KLM836  ,Kingdom of the Netherlands,1775074074.0,1775074074,88.3357,17.8002,9144.0,False,251.37,315.41,0.0,,9631.68,2261,False,0
151d48,AZV2937 ,Russian Federation,1775073967.0,1775074052,74.9016,31.0401,10668.0,False,238.72,136.57,-0.33,,10965.18,,False,0
77044c,ALK191  ,Sri Lanka,1775074080.0,1775074080,79.5712,12.8295,10972.8,False,239.78,349.99,0.0,,11567.16,,False,0
770454,ALK173  ,Sri Lanka,1775074077.0,1775074079,78.8009,10.5318,10972.8,False,246.95,338.62,0.98,,11574.78,,False,0
781230,CES2052 ,China,1775073975.0,1775073975,75.7768,20.362,11277.6,False,274.13,72.08,0.0,,11826.24,,False,0
88817d,,Viet Nam,1775074044.0,1775074063,86.3825,16.9188,10668.0,False,253.79,103.84,0.33,,11269.98,0640,False,0
88812c,HVN984  ,Viet Nam,1775073977.0,1775074069,94.1943,21.9624,10668.0,False,276.73,99.85,0.0,,11209.02,0422,False,0
88812b,HVN39   ,Viet Nam,1775074078.0,1775074078,86.003,22.6187,10965.18,False,217.44,295.66,-0.33,,11490.96,5537,False,0
888138,HVN35   ,Viet Nam,1775074078.0,1775074078,85.9683,24.2036,11582.4,False,207.45,300.06,0.0,,12009.12,7024,False,0
888139,HVN10   ,Viet Nam,1775074079.0,1775074079,99.8138,14.5361,12496.8,False,249.26,130.4,0.33,,13159.74,,False,0
888129,HVN980  ,Viet Nam,1775074078.0,1775074078,91.9661,22.2471,11887.2,False,293.48,94.12,-0.33,,12466.32,0523,False,0
888167,HVN19   ,Viet Nam,1775073908.0,1775073909,84.8335,24.8146,10972.8,False,220.61,302.91,-0.33,,11376.66,7054,False,0
888153,HVN18   ,Viet Nam,1775074079.0,1775074079,81.6461,25.2011,12504.42,False,296.21,87.01,-0.33,,12984.48,,False,0
7705c3,ALK141  ,Sri Lanka,1775074080.0,1775074080,73.2699,18.3858,6355.08,False,193.22,339.59,-5.2,,6637.02,,False,0
70612e,JZR3406 ,Kuwait,1775074078.0,1775074078,75.9057,10.8988,6606.54,False,189.36,334.06,8.45,,6736.08,,False,0
8880f8,HVN30   ,Viet Nam,1775074078.0,1775074079,90.2895,21.5085,11887.2,False,275.38,123.96,0.0,,12489.18,6427,False,0
8880df,HVN36   ,Viet Nam,1775074078.0,1775074078,86.3883,23.9524,11879.58,False,287.52,119.59,0.65,,12405.36,7702,False,0
8880e1,HVN37   ,Viet Nam,1775074080.0,1775074080,79.4569,27.7674,10965.18,False,219.83,292.42,0.0,,11376.66,7017,False,0
8880e2,HVN31   ,Viet Nam,1775073813.0,1775073839,81.6219,23.9984,10965.18,False,219.52,297.65,0.0,,11452.86,5603,False,0
4d0113,CLX7623 ,Luxembourg,1775073783.0,1775073900,95.8118,21.683,12496.8,False,282.62,100.59,0.0,,13121.64,3504,False,0
8940bb,DHX821  ,Bahrain,1775074079.0,1775074079,90.0578,22.4683,11277.6,False,282.04,97.13,0.0,,11818.62,3505,False,0
7502cd,XAX605  ,Malaysia,1775074079.0,1775074079,75.9119,26.6309,11277.6,False,238.77,155.7,0.33,,11704.32,,False,0
750400,MXD232  ,Malaysia,1775074074.0,1775074075,79.086,9.3239,10668.0,False,236.03,106.46,0.0,,11262.36,,False,0
76cdac,SIA378  ,Singapore,1775074079.0,1775074079,82.1716,24.6324,11582.4,False,221.95,307.56,0.33,,12070.08,0161,False,0
76cdaf,SIA312  ,Singapore,1775074078.0,1775074078,83.9776,21.6791,11582.4,False,230.68,309.3,0.0,,12138.66,0111,False,0
76cdc2,SIA305  ,Singapore,1775073992.0,1775073994,97.1329,15.551,10668.0,False,259.01,144.13,0.0,,11300.46,4611,False,0
75044c,MAS2    ,Malaysia,1775074079.0,1775074079,76.9229,24.8901,11582.4,False,231.86,300.83,0.0,,12039.6,,False,0
75044a,MAS20   ,Malaysia,1775073678.0,1775073928,84.0601,21.0007,11582.4,False,227.27,300.92,0.0,,11727.18,2161,False,0
8966ac,ETD6RM  ,United Arab Emirates,1775074080.0,1775074080,70.9059,18.7932,10043.16,False,245.06,122.22,0.0,,10523.22,,False,0
4074e4,BAW35   ,United Kingdom,1775074079.0,1775074079,68.9131,18.5884,12489.18,False,267.42,117.99,0.0,,13037.82,,False,0
750422,MXD206  ,Malaysia,1775074055.0,1775074055,89.6401,18.2693,11277.6,False,224.81,134.81,-0.33,,11894.82,0577,False,0
3474cd,WFL8621 ,Spain,1775074078.0,1775074079,73.6332,27.8319,11887.2,False,252.92,118.02,-0.33,,12260.58,,False,0
7503c2,MXD161  ,Malaysia,1775073939.0,1775073940,92.4528,21.5619,9448.8,False,255.16,137.04,0.0,,9928.86,4762,False,0
485e2d,KLM871  ,Kingdom of the Netherlands,1775074079.0,1775074079,77.0426,28.5556,426.72,False,79.98,103.77,-4.55,,365.76,,False,0
507c49,UZB534  ,Uzbekistan,1775074079.0,1775074079,78.7023,28.5581,10363.2,False,222.04,322.63,0.0,,10728.96,6140,False,0
76ceed,SIA336  ,Singapore,1775074078.0,1775074078,86.9444,19.1531,9144.0,False,243.0,314.83,0.0,,9616.44,0137,False,0
75059a,XAX183  ,Malaysia,1775073755.0,1775073789,85.1853,17.2904,11277.6,False,242.0,136.64,0.33,,11887.2,,False,0
750585,AXM93   ,Malaysia,1775074078.0,1775074078,84.0916,23.5049,10066.02,False,253.21,135.82,-0.33,,10546.08,0514,False,0
750553,MAS119  ,Malaysia,1775074024.0,1775074024,79.1262,25.8932,10668.0,False,237.0,146.69,0.0,,11094.72,,False,0
4caf23,KZR964  ,Ireland,1775074080.0,1775074080,77.0175,28.2927,3238.5,False,157.55,302.6,4.88,,3337.56,,False,0
3c7a43,CFG2367 ,Germany,1775073797.0,1775073797,73.9044,30.2802,10972.8,False,227.73,305.81,0.0,,11308.08,,False,0
40621c,BAW12   ,United Kingdom,1775074079.0,1775074079,79.2875,26.6688,9753.6,False,240.14,308.56,0.0,,10142.22,,False,0
4cacb9,ITY770  ,Ireland,1775073904.0,1775073909,77.0777,28.5481,251.46,False,71.49,103.74,-0.65,,190.5,,False,0
800b05,BDA154  ,India,1775074079.0,1775074079,73.1373,19.0922,1356.36,False,100.85,271.17,-4.23,,1348.74,,False,0
4d232c,SEJ648  ,Malta,1775073787.0,1775073791,76.1672,15.5428,11277.6,False,242.23,122.07,0.0,,11864.34,,False,0
800c48,AIC2387 ,India,1775074079.0,1775074079,76.8284,28.5811,1318.26,False,102.83,74.92,-3.58,,1303.02,,False,0
4cac0f,KZR603  ,Ireland,1775073638.0,1775074079,74.5316,31.383,11277.6,False,225.73,140.18,0.0,,11582.4,,False,0
800d13,SEJ555  ,India,1775073911.0,1775073912,77.6075,13.2078,1333.5,False,75.12,90.78,-3.9,,1303.02,,False,0
86d59c,JAL749  ,Japan,1775074078.0,1775074078,85.6317,25.4218,12184.38,False,198.67,289.51,-0.33,,12649.2,5040,False,0
39d2b1,AFR196  ,France,1775074071.0,1775074071,74.3401,31.3885,11887.2,False,269.26,104.38,0.0,,12176.76,,False,0
800cc8,AIC2336 ,India,1775074080.0,1775074080,82.8682,25.41,10668.0,False,262.06,125.25,0.0,,11140.44,0573,False,0
80162d,AXB1038 ,India,1775556382.0,1775556382,82.0145,26.4608,11582.4,False,180.35,286.57,0.0,,11955.78,,False,0
80162a,IGO7732 ,India,1775556168.0,1775556171,77.7617,13.1892,1097.28,False,57.11,268.97,-1.63,,1036.32,,False,0
801638,AXB1752 ,India,1775556413.0,1775556414,88.8366,22.7457,4290.06,False,177.9,64.84,13.66,,4396.74,1352,False,0
801642,AXB1536 ,India,1775556414.0,1775556414,77.7882,13.4973,4396.74,False,164.56,79.01,10.4,,4556.76,,False,0
801640,AIC2356 ,India,1775556413.0,1775556414,90.4631,20.0292,10980.42,False,205.68,307.07,0.33,,11536.68,6131,False,0
80163c,IGO6917 ,India,1775556414.0,1775556414,86.3455,24.8482,8427.72,False,176.93,303.14,-12.03,,8694.42,1352,False,0
801649,IGO813  ,India,1775556413.0,1775556413,73.4965,19.1982,10675.62,False,235.76,34.87,-0.33,,11277.6,,False,0
801653,GOA5205 ,India,1775556414.0,1775556414,73.506,18.8937,3672.84,False,134.96,225.15,-0.98,,3855.72,,False,0
801657,AIC4CM  ,India,1775556414.0,1775556414,80.2272,26.9868,10668.0,False,285.88,110.65,0.0,,10980.42,,False,0
80160a,IGO536  ,India,1775556413.0,1775556413,74.6726,19.5992,9060.18,False,159.2,273.15,-5.2,,9532.62,,False,0
801615,AXB883  ,India,1775556414.0,1775556414,99.9377,14.039,8153.4,False,218.34,297.05,10.08,,8663.94,,False,0
801623,AXB1514 ,India,1775556382.0,1775556382,83.5125,26.0465,10363.2,False,202.89,287.56,0.0,,10668.0,,False,0
801622,IGO1154 ,India,1775556413.0,1775556413,77.1557,28.569,487.68,False,66.4,271.78,-2.93,,411.48,,False,0
80160e,IGO1132 ,India,1775556398.0,1775556400,75.0601,6.9503,11277.6,False,228.51,358.32,0.0,,11887.2,,False,0
80160f,IGO874  ,India,1775556399.0,1775556399,76.8636,30.8363,4937.76,False,198.99,322.77,15.28,,4899.66,,False,0
801627,AXB2538 ,India,1775556413.0,1775556413,88.0738,20.8797,9753.6,False,195.7,233.55,0.33,,10187.94,2651,False,0
801632,AKJ2023 ,India,1775556414.0,1775556414,85.6955,22.374,10576.56,False,273.99,81.69,-10.08,,11049.0,0301,False,0
801633,AKJ792Q ,India,1775556413.0,1775556413,76.9381,28.6008,1211.58,False,140.62,284.19,9.1,,1150.62,,False,0
801689,AXB1214 ,India,1775556413.0,1775556413,73.0689,19.0914,1051.56,False,91.58,269.03,-5.53,,1021.08,,False,0
801680,AXB1507 ,India,1775556413.0,1775556414,77.5887,29.5023,7117.08,False,172.14,216.49,11.05,,7269.48,,False,0
80167c,,India,1775556247.0,1775556247,92.1417,25.4785,3581.4,False,129.46,310.97,-7.15,,3657.6,,False,0
801698,AXB2023 ,India,1775556368.0,1775556368,77.9012,13.309,2019.3,False,108.65,127.3,-4.88,,2026.92,,False,0
80165c,AXB1084 ,India,1775556414.0,1775556414,76.9462,28.4741,3268.98,False,135.01,103.67,-4.88,,3291.84,,False,0
801674,AIC4GP  ,India,1775556352.0,1775556352,74.0678,18.3937,2346.96,False,118.03,93.5,-3.25,,2430.78,,False,0
801671,AIC4JG  ,India,1775556414.0,1775556414,77.2283,28.5157,937.26,False,85.84,283.87,-4.55,,868.68,,False,0
80169e,AKJ1140 ,India,1775556413.0,1775556413,75.7234,20.4269,10972.8,False,237.49,207.9,0.0,,11551.92,,False,0
80169c,IGO402  ,India,1775556413.0,1775556414,74.0453,18.3686,3223.26,False,135.18,94.37,-4.88,,3322.32,,False,0
8014b2,IGO1105 ,India,1775556414.0,1775556414,89.8385,23.5534,4907.28,False,238.71,60.29,-5.2,,5059.68,0430,False,0
8014ae,AIC5PL  ,India,1775556414.0,1775556414,73.2121,19.0961,1181.1,False,99.08,250.91,0.33,,1150.62,,False,0
8014e4,IGO624  ,India,1775556413.0,1775556413,73.1422,17.6897,8999.22,False,244.29,158.89,5.2,,9479.28,,False,0
8014e5,IGO411Y ,India,1775556382.0,1775556382,81.2422,25.2243,10660.38,False,261.78,52.18,-0.33,,11041.38,,False,0
8014e6,AKJ266Q ,India,1775556414.0,1775556414,79.2134,27.9541,8290.56,False,196.62,303.15,-6.18,,8526.78,,False,0
8014df,IGO6378 ,India,1775556413.0,1775556414,76.8251,27.8903,7924.8,False,206.01,182.72,8.45,,8122.92,,False,0
8014f8,AKJ301C ,India,1775556413.0,1775556413,87.1853,23.6728,5600.7,False,187.8,124.73,-2.6,,5760.72,6407,False,0
8014f2,AKJ1608 ,India,1775556414.0,1775556414,77.0893,28.5662,304.8,False,91.71,283.96,7.48,,205.74,,False,0
8014ea,LLR874  ,India,1775556414.0,1775556414,79.171,28.9316,4876.8,False,146.67,249.47,0.0,,4937.76,,False,0
8014c0,IGO7575 ,India,1775556410.0,1775556414,76.6534,13.126,7315.2,False,228.83,264.84,0.0,,7703.82,,False,0
8014c1,IGO6938 ,India,1775556413.0,1775556414,73.3971,19.3886,3048.0,False,120.4,264.61,0.0,,3131.82,,False,0
8014c4,AIC5NR  ,India,1775556327.0,1775556327,77.1049,28.5423,289.56,False,71.49,283.74,-3.9,,220.98,,False,0
8014af,IGO2138 ,India,1775556231.0,1775556231,73.0802,18.9865,68.58,False,67.59,261.68,-3.9,,-7.62,,False,0
8014bd,IGO6146 ,India,1775556288.0,1775556288,72.9123,19.7815,8778.24,False,206.4,1.86,7.48,,9144.0,,False,0
8014d8,IGO6393 ,India,1775556414.0,1775556414,75.1058,26.1584,10050.78,False,229.51,28.52,0.0,,10424.16,,False,0
8a03a6,GIA983  ,Indonesia,1775556291.0,1775556308,79.1853,7.9815,10058.4,False,249.62,120.05,0.0,,10622.28,,False,0
8014fe,AKJ1423 ,India,1775556413.0,1775556413,77.5772,13.388,3909.06,False,164.02,23.67,13.98,,3931.92,,False,0
801602,AIC5YP  ,India,1775556413.0,1775556414,75.4203,17.9285,10652.76,False,245.41,114.52,0.0,,11254.74,,False,0
801608,IGO108  ,India,1775556251.0,1775556251,76.8495,30.5373,2270.76,False,131.35,291.84,-5.85,,2667.0,,False,0
801611,IGO9269 ,India,1775556414.0,1775556414,89.8712,21.4809,10972.8,False,200.16,289.83,-0.33,,11483.34,7413,False,0
80174d,IGO392F ,India,1775556413.0,1775556414,73.0992,18.7409,2743.2,False,128.15,308.48,0.0,,2811.78,,False,0
80174b,IGO5196 ,India,1775556414.0,1775556414,72.7254,18.8908,3101.34,False,205.82,171.81,14.63,,3192.78,,False,0
80174c,IGO3CH  ,India,1775556414.0,1775556414,88.2583,21.9709,3048.0,False,132.54,186.46,0.33,,3093.72,2631,False,0
801771,SDG235  ,India,1775556413.0,1775556414,76.5449,30.0567,7620.0,False,188.05,151.75,-0.33,,7772.4,,False,0
801745,IGO6704 ,India,1775556414.0,1775556414,76.1244,28.2547,4427.22,False,182.25,64.59,-2.93,,4495.8,,False,0
801742,IGO47H  ,India,1775556414.0,1775556414,72.231,19.1525,5471.16,False,175.85,278.58,8.45,,5699.76,,False,0
80172f,VTKSE   ,India,1775556413.0,1775556413,85.1795,24.3672,10218.42,False,246.25,184.79,3.25,,10599.42,2626,False,0
80172e,IGO478V ,India,1775556413.0,1775556414,73.1497,19.5059,4709.16,False,161.09,181.65,-5.2,,4892.04,,False,0
801748,IGO237C ,India,1775556413.0,1775556414,87.5882,20.7834,10363.2,False,189.96,253.48,0.0,,10858.5,2641,False,0
801749,IGO6724 ,India,1775556411.0,1775556412,91.2796,24.1608,3619.5,False,153.01,7.34,4.55,,3695.7,,False,0
801753,IGO7352 ,India,1775556413.0,1775556414,88.4866,22.0503,5181.6,False,134.38,341.7,0.0,,5318.76,1411,False,0
801788,IGO2275 ,India,1775556413.0,1775556413,79.3702,27.8624,9144.0,False,212.74,303.46,0.65,,9387.84,,False,0
80177c,AXB241  ,India,1775556413.0,1775556413,86.5444,19.5177,11582.4,False,208.5,321.91,-0.33,,12184.38,2646,False,0
801798,IGO15CF ,India,1775556413.0,1775556413,73.1091,18.791,5821.68,False,219.15,86.1,10.73,,6080.76,,False,0
8016a5,IGO1114 ,India,1775556413.0,1775556414,88.0905,22.6317,10370.82,False,200.93,250.87,0.33,,10797.54,4705,False,0
8016b1,IGO969K ,India,1775556414.0,1775556414,88.0659,21.0241,10965.18,False,190.33,249.26,0.33,,11490.96,2642,False,0
8016b5,,India,1775556400.0,1775556403,75.6858,19.9271,9745.98,False,214.54,253.56,0.0,,10271.76,,False,0
8015c2,IGO728E ,India,1775556414.0,1775556414,76.5613,26.5268,10660.38,False,233.95,193.61,0.0,,11071.86,,False,0
8015c3,VTSSR   ,India,1775556403.0,1775556406,73.6414,17.3041,9974.58,False,213.76,124.61,11.05,,10546.08,,False,0
8015bc,IGO172  ,India,1775556413.0,1775556414,88.1293,20.8623,10325.1,False,269.39,55.98,-4.23,,10820.4,2701,False,0
8015c7,IGO2091 ,India,1775556414.0,1775556414,75.7546,27.7722,6972.3,False,205.39,31.06,-8.45,,7162.8,,False,0
8015ce,IGO9205 ,India,1775556413.0,1775556413,91.1954,23.5675,10972.8,False,197.36,199.33,0.33,,11430.0,2612,False,0
8015d8,IGO2590 ,India,1775556414.0,1775556414,77.6045,28.744,838.2,False,95.76,212.49,0.0,,777.24,,False,0
885306,THA113  ,Thailand,1775556414.0,1775556414,99.117,18.4964,4747.26,False,148.25,160.12,13.98,,4937.76,,False,0
8015e5,IGO5396 ,India,1775556414.0,1775556414,78.5299,27.5848,9448.8,False,241.45,110.71,0.33,,9715.5,,False,0
8015da,IGO2589 ,India,1775556412.0,1775556413,78.5532,28.5571,9646.92,False,230.87,140.24,13.98,,9883.14,,False,0
88530c,THA320  ,Thailand,1775556218.0,1775556247,93.2899,20.7162,10668.0,False,253.76,137.38,-0.33,,11285.22,2507,False,0
70203f,BBC349  ,Bangladesh,1775556413.0,1775556414,84.952,22.5085,10972.8,False,205.6,279.65,0.0,,11460.48,4745,False,0
702066,BBC373  ,Bangladesh,1775556414.0,1775556414,88.8959,24.0954,10363.2,False,197.18,287.77,0.0,,10713.72,4775,False,0
80171a,IGO455  ,India,1775556387.0,1775556387,77.9446,13.3823,2461.26,False,125.02,169.57,-5.53,,2552.7,,False,0
80171b,IGO6884 ,India,1775556414.0,1775556414,74.1396,19.4802,8161.02,False,207.59,252.1,-4.23,,8580.12,,False,0
801726,IGO332  ,India,1775556140.0,1775556140,79.8374,25.6585,10660.38,False,248.73,175.49,0.0,,11018.52,,False,0
801728,VTNDA   ,India,1775556335.0,1775556335,73.058,19.9881,8534.4,False,198.25,357.47,-0.33,,8968.74,,False,0
80186e,IGO6216 ,India,1775556404.0,1775556404,77.8087,9.3516,8351.52,False,204.52,210.37,-11.05,,8854.44,,False,0
801878,IGO735F ,India,1775556414.0,1775556414,76.8009,27.3628,9098.28,False,242.59,177.2,4.55,,9372.6,,False,0
80053f,AICD5V  ,India,1775556246.0,1775556246,74.506,25.6725,10965.18,False,220.97,209.73,0.0,,11414.76,,False,0
801864,IGO274P ,India,1775556414.0,1775556414,88.3582,22.3786,3383.28,False,158.47,194.67,13.66,,3436.62,2632,False,0
800543,AIC6GX  ,India,1775556414.0,1775556414,73.1609,19.2146,1501.14,False,113.43,116.1,-7.8,,1516.38,,False,0
80057d,,India,1775556335.0,1775556335,81.6188,28.0358,10988.04,False,202.32,272.19,0.33,,11262.36,,False,0
702089,S2AIW   ,Bangladesh,1775556276.0,1775556276,90.4239,23.9225,175.26,False,63.28,347.32,0.0,,60.96,,False,0
80059d,VTEJZ   ,India,1775556414.0,1775556414,76.5714,28.2667,2141.22,False,111.77,72.32,-2.28,,2125.98,,False,0
8017a0,IGO939  ,India,1775556413.0,1775556414,77.1362,28.5355,457.2,False,69.5,284.14,-3.25,,373.38,,False,0
8016e1,IGO1421 ,India,1775556406.0,1775556406,74.9143,18.1495,10972.8,False,218.97,294.28,0.0,,11590.02,,False,0
8016dd,IGO2285 ,India,1775556413.0,1775556414,73.1892,19.0076,6675.12,False,182.47,320.84,5.2,,6995.16,,False,0
8016bc,IGO502F ,India,1775556413.0,1775556413,77.0362,30.1161,4244.34,False,198.23,327.51,-12.03,,4297.68,,False,0
8016c9,AXB2458 ,India,1775556414.0,1775556414,73.6811,18.6975,2430.78,False,139.63,293.45,8.13,,2476.5,,False,0
8016cc,AXB2718 ,India,1775556184.0,1775556285,74.0361,17.691,6835.14,False,245.02,138.92,8.45,,7193.28,,False,0
801804,IGO726K ,India,1775556414.0,1775556414,73.1469,19.3749,2766.06,False,146.12,181.01,-4.88,,2842.26,,False,0
801850,IGO1862 ,India,1775556408.0,1775556408,76.3371,9.692,11277.6,False,235.61,20.85,0.0,,11894.82,,False,0
801816,IGO390M ,India,1775556413.0,1775556413,75.4791,25.8617,11590.02,False,218.77,202.1,-0.33,,12077.7,,False,0
80180c,IGO5099 ,India,1775556414.0,1775556414,72.9421,19.0897,396.24,False,64.31,269.54,-3.9,,327.66,,False,0
80180b,IGO910  ,India,1775556413.0,1775556413,79.286,27.4374,10668.0,False,284.03,114.85,0.0,,10972.8,,False,0
801824,IGO309W ,India,1775556337.0,1775556337,78.0935,13.7089,3985.26,False,140.25,157.57,-2.93,,4137.66,,False,0
801832,AKJ2022 ,India,1775556414.0,1775556414,73.6484,19.1293,3040.38,False,153.25,214.33,-7.48,,3131.82,,False,0
8018a8,IGO324P ,India,1775556413.0,1775556413,77.3869,28.4875,1569.72,False,105.49,1.4,-7.48,,1554.48,,False,0
7020a6,BBC616  ,Bangladesh,1775556414.0,1775556414,90.4983,23.9195,2034.54,False,108.36,324.27,-3.25,,2034.54,4102,False,0
7020a5,BBC437  ,Bangladesh,1775556412.0,1775556413,91.5903,22.521,4572.0,False,133.14,139.23,0.0,,4716.78,5545,False,0
7020ac,UBG218  ,Bangladesh,1775556413.0,1775556414,90.3588,24.0364,1432.56,False,129.84,320.95,-4.55,,1417.32,0723,False,0
7020b4,UBG206  ,Bangladesh,1775556414.0,1775556414,87.4104,20.4504,11277.6,False,265.55,45.31,0.33,,11849.1,0625,False,0
7020bc,AWA446  ,Bangladesh,1775556414.0,1775556414,90.3634,23.8866,297.18,False,57.83,144.05,-2.6,,213.36,5535,False,0
7020bd,UBG316  ,Bangladesh,1775556177.0,1775556177,98.9844,12.6241,11582.4,False,243.2,332.68,0.0,,12306.3,,False,0
8017ff,IGO356Y ,India,1775556413.0,1775556413,77.4141,13.5525,5448.3,False,184.38,142.94,-6.5,,5692.14,,False,0
896353,ETD406  ,United Arab Emirates,1775556413.0,1775556414,99.1623,15.0327,10591.8,False,249.79,129.07,-7.8,,11262.36,,False,0
89631d,UAE9879 ,United Arab Emirates,1775556413.0,1775556414,86.7966,22.7295,9753.6,False,219.13,251.52,0.0,,10142.22,0135,False,0
896304,UAE334  ,United Arab Emirates,1775556413.0,1775556414,91.4576,22.6297,10668.0,False,300.65,101.35,0.0,,11140.44,6224,False,0
80073b,AIC313  ,India,1775556368.0,1775556377,85.4689,25.4484,12192.0,False,217.65,292.81,0.0,,12626.34,5046,False,0
800756,IGO5312 ,India,1775556414.0,1775556414,88.5406,23.4466,4152.9,False,162.89,189.82,-5.85,,4282.44,0471,False,0
800735,AIC428  ,India,1775556297.0,1775556297,77.82,14.301,8823.96,False,212.81,6.52,17.56,,9204.96,,False,0
8830f6,TLM746  ,Thailand,1775556413.0,1775556413,99.7514,11.9395,9753.6,False,241.54,177.31,0.0,,10401.3,,False,0
4bb152,THY6263 ,Turkey,1775556382.0,1775556382,82.823,26.136,9144.0,False,232.24,290.08,-0.33,,9403.08,,False,0
8007c9,IGO6417 ,India,1775556249.0,1775556249,83.9224,22.7574,11590.02,False,218.85,217.17,-0.33,,12146.28,1445,False,0
896474,UAE380  ,United Arab Emirates,1775556414.0,1775556414,88.8002,22.7786,11887.2,False,296.86,80.42,0.33,,12428.22,6212,False,0
896617,UAE9783 ,United Arab Emirates,1775556414.0,1775556414,89.1598,22.869,9753.6,False,217.04,275.44,0.0,,10142.22,5165,False,0
ac3857,FDX7    ,United States,1775556367.0,1775556367,74.3073,31.6199,9753.6,False,255.51,322.11,0.0,,9913.62,,False,0
750264,MAS6062 ,Malaysia,1775556174.0,1775556174,97.6291,15.2151,10782.3,False,241.57,333.16,-4.88,,11559.54,,False,0
8965fb,ADY1610 ,United Arab Emirates,1775556374.0,1775556376,81.7065,26.8467,11269.98,False,280.25,83.25,-0.33,,11620.5,,False,0
70aa75,RNA217  ,Nepal,1775556414.0,1775556414,77.8118,28.6498,3162.3,False,149.95,240.62,-6.5,,3200.4,,False,0
89667b,UAE392  ,United Arab Emirates,1775556413.0,1775556413,89.7931,18.084,12496.8,False,270.17,93.82,0.0,,13114.02,6236,False,0
76cd76,SIA326  ,Singapore,1775556382.0,1775556382,81.4836,26.4875,9144.0,False,238.6,297.34,0.0,,9380.22,,False,0
152037,AFL629  ,Russian Federation,1775556410.0,1775556410,74.332,31.593,10972.8,False,225.36,321.12,0.0,,11193.78,,False,0
899081,EVA067  ,Taiwan,1775556413.0,1775556413,77.6072,29.8233,9144.0,False,260.9,318.36,0.0,,9357.36,,False,0
78021a,CPA2045 ,China,1775556382.0,1775556382,82.1366,26.4279,9753.6,False,217.75,286.89,-0.33,,9989.82,,False,0
a80e46,UPS9    ,United States,1775556413.0,1775556413,75.7727,27.9442,9753.6,False,233.79,349.6,0.0,,10035.54,,False,0
86ef8e,ANA829  ,Japan,1775556414.0,1775556414,88.5178,23.0045,11574.78,False,210.0,279.16,-0.33,,12085.32,5050,False,0
06a2e9,QTR646  ,Qatar,1775556382.0,1775556382,82.4204,25.8207,11269.98,False,292.67,64.16,-0.33,,11658.6,,False,0
49d276,SEJ693  ,Czech Republic,1775556413.0,1775556413,73.6913,17.9346,7917.18,False,188.7,307.24,-9.43,,8343.9,,False,0
49d26c,SEJ767  ,Czech Republic,1775556285.0,1775556288,78.119,13.4265,3771.9,False,133.26,193.39,-5.2,,3916.68,,False,0
780650,CES5093 ,China,1775556413.0,1775556413,99.7048,11.7401,9144.0,False,229.94,195.84,0.0,,9715.5,,False,0
49d13f,SEJ611  ,Czech Republic,1775556372.0,1775556382,88.3762,26.667,11277.6,False,267.12,73.55,0.0,,11597.64,1472,False,0
801396,AIC5CX  ,India,1775556414.0,1775556414,86.7795,22.531,10972.8,False,188.03,264.82,0.0,,11483.34,1416,False,0
801405,IGO295C ,India,1775556414.0,1775556414,78.6183,27.6221,10645.14,False,283.26,112.42,4.55,,10942.32,,False,0
801439,AIC5BV  ,India,1775556139.0,1775556139,76.7239,24.557,10675.62,False,268.36,170.18,0.33,,11132.82,,False,0
801441,AIC4EK  ,India,1775556414.0,1775556414,76.7621,28.3849,2926.08,False,135.52,205.88,15.93,,2918.46,,False,0
801454,IGO237P ,India,1775556412.0,1775556413,75.6665,31.6201,10965.18,False,233.25,357.6,-0.33,,11193.78,,False,0
801455,IGO12AJ ,India,1775556410.0,1775556413,88.5995,26.6411,11574.78,False,206.93,280.89,-0.33,,11932.92,1357,False,0
80140c,IGO319P ,India,1775556413.0,1775556413,75.5419,19.8871,10363.2,False,217.8,253.53,0.0,,10911.84,,False,0
80140b,IGO5072 ,India,1775556413.0,1775556413,75.5297,27.2785,9745.98,False,230.99,26.45,-10.73,,10066.02,,False,0
801419,        ,India,1775556138.0,1775556155,78.2491,12.8571,3345.18,False,44.95,264.75,-0.65,,3451.86,,False,0
801424,AIC238  ,India,1775556414.0,1775556414,86.1963,25.1047,10972.8,False,197.74,290.08,0.0,,11346.18,4756,False,0
80141e,AIC5MB  ,India,1775556330.0,1775556330,77.9125,13.2233,1722.12,False,102.57,193.34,-5.85,,2712.72,,False,0
801460,IGO1070 ,India,1775556382.0,1775556382,83.707,25.4036,10972.8,False,191.08,298.64,0.33,,11338.56,,False,0
80145d,IGO2243 ,India,1775556413.0,1775556413,78.7384,28.3878,5897.88,False,190.25,315.33,-7.48,,6042.66,,False,0
80145f,IGO6551 ,India,1775556407.0,1775556411,91.9114,25.9592,9448.8,False,242.66,57.99,-0.33,,9745.98,1435,False,0
80145a,AIC2376 ,India,1775556414.0,1775556414,85.5591,20.3437,10668.0,False,269.06,122.11,-0.65,,11209.02,0525,False,0
801524,AKJ820Y ,India,1775556414.0,1775556414,77.2974,28.1791,2849.88,False,145.94,30.27,-6.5,,2857.5,,False,0
801509,AKJ1141 ,India,1775556413.0,1775556413,84.6645,23.048,11277.6,False,270.36,68.81,0.33,,11757.66,1475,False,0
06a13a,QTR928  ,Qatar,1775556414.0,1775556414,90.4512,22.6956,10058.4,False,292.84,103.72,0.33,,10462.26,2173,False,0
801560,IGO604  ,India,1775556183.0,1775556184,73.9265,25.4127,11582.4,False,232.76,191.73,0.0,,12100.56,,False,0
801540,IGO761M ,India,1775556085.0,1775556134,92.2785,25.3237,10904.22,False,261.08,110.29,-15.28,,11254.74,7305,True,0
80152f,IGO967  ,India,1775556414.0,1775556414,87.8058,22.5928,6713.22,False,172.98,272.22,11.38,,6926.58,1421,False,0
801552,AIC2116 ,India,1775556382.0,1775556382,81.5974,25.7951,10980.42,False,191.49,326.95,0.33,,11353.8,,False,0
80156a,IGO407  ,India,1775556210.0,1775556210,75.768,17.7759,10050.78,False,247.92,114.65,-0.33,,10622.28,,False,0
801580,SDG431  ,India,1775556220.0,1775556222,72.6801,17.6098,9753.6,False,223.44,338.1,0.0,,10271.76,,False,0
801595,AXB1617 ,India,1775556414.0,1775556414,74.3922,19.5625,8168.64,False,192.77,253.89,-4.88,,8580.12,,False,0
801591,AXB1090 ,India,1775556413.0,1775556414,75.7217,26.2545,10363.2,False,224.82,203.75,0.0,,10751.82,,False,0
8013a3,AIC2KS  ,India,1775556414.0,1775556414,73.9566,19.4765,5326.38,False,130.71,271.35,-4.55,,5547.36,,False,0
8013b1,AIC6ME  ,India,1775556413.0,1775556413,75.9493,28.0009,5814.06,False,201.26,24.14,-10.4,,5928.36,,False,0
8013df,IGO2030 ,India,1775556411.0,1775556411,73.867,16.9751,11879.58,False,241.57,146.82,0.33,,12542.52,,False,0
8013ed,AIC2382 ,India,1775556412.0,1775556413,85.1669,21.4163,10058.4,False,279.82,125.65,0.0,,10546.08,6356,False,0
8013ea,AIC1QA  ,India,1775556413.0,1775556414,77.9886,30.0256,3329.94,False,154.87,244.63,14.96,,3368.04,,False,0
704458,MMA362  ,Myanmar,1775556414.0,1775556414,99.6363,14.7501,5852.16,False,175.49,139.4,-10.08,,6217.92,,False,0
880455,AIQ3074 ,Thailand,1775556383.0,1775556383,99.6977,16.9785,9944.1,False,228.92,159.2,6.5,,10530.84,,False,0
880441,AIQ3024 ,Thailand,1775556413.0,1775556413,99.8085,11.3014,11277.6,False,223.14,31.71,0.0,,11978.64,,False,0
408142,DHK593  ,United Kingdom,1775556414.0,1775556414,74.2141,28.5762,9144.0,False,219.02,266.63,0.33,,9334.5,,False,0
800da0,AIC5ZV  ,India,1775556395.0,1775556396,75.3529,25.4559,10363.2,False,232.88,205.38,0.0,,10774.68,,False,0
800db2,IGO7425 ,India,1775556135.0,1775556135,79.0778,29.0469,1889.76,False,128.16,88.16,-5.53,,2171.7,,False,0
702c25,AJX1432 ,Bangladesh,1775556319.0,1775556319,89.9579,22.931,693.42,False,93.63,112.62,-5.85,,632.46,4132,False,0
151db8,AFL273  ,Russian Federation,1775556413.0,1775556413,78.62,28.8446,9753.6,False,238.99,318.14,0.0,,10005.06,,False,0
151dad,AFL275  ,Russian Federation,1775556382.0,1775556382,81.4418,26.4009,10363.2,False,209.92,306.03,0.0,,10660.38,,False,0
7821a0,,China,1775556413.0,1775556414,92.5704,23.6187,9144.0,False,210.65,282.98,0.0,,9479.28,0504,False,0
151d46,AZV2502 ,Russian Federation,1775556413.0,1775556413,91.4699,19.3042,9753.6,False,219.47,307.38,0.0,,10233.66,5541,False,0
880846,AIQ3245 ,Thailand,1775556413.0,1775556413,99.9214,12.3624,9288.78,False,224.61,187.37,3.25,,9883.14,,False,0
70c0fb,OMA284  ,Oman,1775556403.0,1775556403,75.3439,14.1855,10302.24,False,233.59,297.98,3.9,,10850.88,,False,0
86ebfa,ANA837  ,Japan,1775556382.0,1775556382,84.3228,25.8154,11574.78,False,218.66,287.67,-0.33,,11978.64,5675,False,0
507c71,QNT2232 ,Uzbekistan,1775556201.0,1775556227,85.1825,25.2211,10355.58,False,204.95,292.9,0.33,,10690.86,5557,False,0
76cda3,SIA338  ,Singapore,1775556413.0,1775556414,85.6709,23.5333,10972.8,False,213.29,307.26,-0.33,,11483.34,0146,False,0
8966aa,ETD203  ,United Arab Emirates,1775556412.0,1775556414,68.8609,18.6151,10363.2,False,224.18,298.21,0.33,,10942.32,,False,0
750424,MXD183  ,Malaysia,1775556414.0,1775556414,88.1213,23.2701,11277.6,False,254.93,152.87,0.33,,11750.04,2512,False,0
780f33,CSC3931 ,China,1775556414.0,1775556414,99.7838,12.644,10370.82,False,239.2,195.98,0.0,,11018.52,,False,0
7000a1,AFG312  ,Afghanistan,1775556413.0,1775556413,75.9398,29.1731,8900.16,False,233.4,337.45,5.2,,9067.8,,False,0
76ceed,SIA318  ,Singapore,1775556414.0,1775556414,74.808,26.3871,9753.6,False,199.6,306.72,0.0,,10096.5,,False,0
750548,XAX600  ,Malaysia,1775556414.0,1775556414,76.0764,28.5856,12192.0,False,204.72,321.63,0.0,,12565.38,,False,0
800b62,AXB1017 ,India,1775556119.0,1775556144,75.5644,32.028,10363.2,False,241.35,16.85,0.0,,10576.56,,False,0
800b2b,IGO182  ,India,1775556337.0,1775556337,78.8604,12.9925,6477.0,False,169.08,95.76,-9.75,,7048.5,,False,0
4d232c,SEJ642  ,Malta,1775556240.0,1775556240,84.7954,19.7086,10972.8,False,205.96,248.3,0.33,,11551.92,2657,False,0
3c4587,BOX632  ,Germany,1775556413.0,1775556414,74.0212,26.6363,11277.6,False,300.7,118.85,0.0,,11711.94,,False,0
3c4592,BOX534  ,Germany,1775556413.0,1775556413,89.516,21.6614,10668.0,False,288.61,107.85,0.0,,11148.06,6404,False,0
881422,AIQ3207 ,Thailand,1775556301.0,1775556338,99.9643,16.2288,10363.2,False,240.22,11.24,0.0,,11010.9,,False,0
800c01,IGO6344 ,India,1775556414.0,1775556414,87.9995,23.1356,2842.26,False,186.66,124.79,-10.08,,2895.6,5075,False,0
800c08,AIC4HW  ,India,1775556413.0,1775556414,77.299,28.5657,1226.82,False,97.28,271.82,-5.53,,1173.48,,False,0
800c07,AIC6JS  ,India,1775556402.0,1775556411,72.7833,19.0874,1005.84,False,127.07,269.54,11.38,,960.12,,False,0
800c43,AIC2353 ,India,1775556414.0,1775556414,86.8428,19.7666,10965.18,False,202.71,269.27,-0.33,,11544.3,0744,False,0
800c42,AIC5DZ  ,India,1775556413.0,1775556413,72.7658,17.1854,8534.4,False,233.8,332.19,-0.33,,8991.6,,False,0
800c46,VTGVZ   ,India,1775556413.0,1775556413,72.5595,19.0937,175.26,False,65.21,29.8,0.0,,91.44,,False,0
800c3e,AIC186  ,India,1775556413.0,1775556413,89.8436,24.01,11582.4,False,206.4,271.86,0.0,,12039.6,2672,False,0
800c87,AIC2388 ,India,1775556412.0,1775556414,86.8049,23.0325,10668.0,False,280.58,127.1,0.0,,11109.96,0551,False,0
800c86,AIC219  ,India,1775556413.0,1775556414,77.1358,28.3124,4610.1,False,148.16,122.09,11.05,,4671.06,,False,0
800c52,VTBVV   ,India,1775556414.0,1775556414,75.7165,28.0795,12192.0,False,206.5,233.1,0.0,,12618.72,,False,0
70afb9,RNA225  ,Nepal,1775556382.0,1775556382,82.3779,25.3179,10972.8,False,199.04,239.39,0.0,,11369.04,,False,0
71005e,SVA809  ,Saudi Arabia,1775556199.0,1775556199,72.7813,19.8823,10363.2,False,232.78,286.43,0.0,,10919.46,,False,0
4cac0e,KZR564  ,Ireland,1775556412.0,1775556412,75.4214,31.1321,11590.02,False,209.39,287.59,0.0,,11818.62,,False,0
800d09,IGO5338 ,India,1775556413.0,1775556413,77.9531,27.1073,2735.58,False,130.52,261.61,8.13,,2750.82,,False,0
800d34,IGO6560 ,India,1775556382.0,1775556382,82.5857,26.4187,10355.58,False,202.17,282.94,-0.33,,10652.76,,False,0
800d2c,IGO2417 ,India,1775556297.0,1775556298,85.388,25.6461,10972.8,False,202.8,258.29,0.0,,11315.7,2617,False,0
800d8b,AXB1085 ,India,1775556413.0,1775556413,86.811,26.2606,11277.6,False,265.85,98.57,0.0,,11620.5,6354,False,0
800bc8,,India,1775556392.0,1775556398,80.5382,27.0303,11590.02,False,176.33,310.15,-1.3,,11978.64,,False,0
800bbb,VTARC   ,India,1775556413.0,1775556414,90.2714,26.107,9547.86,False,203.11,286.78,5.2,,9829.8,0467,False,0
800bef,AIC5FW  ,India,1775556414.0,1775556414,74.114,19.4871,6385.56,False,134.19,254.21,-4.55,,6675.12,,False,0
800bfa,AIC2304 ,India,1775556413.0,1775556413,77.172,28.032,4564.38,False,176.16,111.77,13.98,,4617.72,,False,0
800be7,AIC4BT  ,India,1775556413.0,1775556414,77.8779,28.3892,4046.22,False,162.99,302.24,-9.1,,4091.94,,False,0
4b191d,SWR181  ,Switzerland,1775556408.0,1775556409,74.9478,31.3482,9144.0,False,253.11,269.77,0.0,,9304.02,,False,0
800cdc,IGO302  ,India,1775556409.0,1775556409,74.7121,16.8506,10873.74,False,241.24,136.3,5.53,,11323.32,,False,0
800cf1,VTARM   ,India,1775556212.0,1775556227,77.1002,28.5433,281.94,False,52.91,283.5,-0.33,,190.5,,False,0
80162d,AXB1038 ,India,1775556653.0,1775556654,81.5477,26.5862,11582.4,False,177.09,286.54,0.0,,11963.4,,False,0
801638,AXB1752 ,India,1775556653.0,1775556654,89.3006,22.8962,7109.46,False,238.7,72.7,6.83,,7338.06,1352,False,0
801642,AXB1536 ,India,1775556653.0,1775556653,78.1536,13.6063,6545.58,False,179.71,45.7,8.45,,6842.76,,False,0
801640,AIC2356 ,India,1775556652.0,1775556653,90.0931,20.2925,10957.56,False,202.07,306.93,-0.33,,11513.82,6131,False,0
80163c,IGO6917 ,India,1775556603.0,1775556621,86.0707,25.0125,6316.98,False,172.08,303.17,-9.1,,6484.62,1352,False,0
801649,IGO813  ,India,1775556654.0,1775556654,73.9184,19.5114,10668.0,False,241.18,62.01,-0.33,,11262.36,,False,0
801653,GOA5205 ,India,1775556654.0,1775556654,73.6311,18.7122,3535.68,False,149.34,115.51,-3.25,,3718.56,,False,0
801657,AIC4CM  ,India,1775556654.0,1775556654,80.8845,26.8255,10668.0,False,282.48,95.01,0.0,,10980.42,,False,0
80160a,IGO536  ,India,1775556653.0,1775556653,74.3195,19.5429,8176.26,False,150.44,253.92,-3.9,,8595.36,,False,0
801615,AXB883  ,India,1775556650.0,1775556650,99.4971,14.2551,9608.82,False,230.54,295.94,5.2,,10210.8,,False,0
801623,AXB1514 ,India,1775556653.0,1775556653,82.9857,26.1943,10363.2,False,200.31,287.18,0.65,,10668.0,,False,0
80160e,IGO1132 ,India,1775556651.0,1775556653,75.045,7.4717,11269.98,False,227.48,358.32,0.0,,11879.58,,False,0
80160f,IGO874  ,India,1775556654.0,1775556654,76.5053,31.2472,7673.34,False,236.23,323.06,11.7,,7810.5,,False,0
80160d,AXB2001 ,India,1775556653.0,1775556653,74.1244,17.6138,11574.78,False,218.47,307.92,0.33,,12214.86,,False,0
801627,AXB2538 ,India,1775556653.0,1775556653,87.6775,20.6897,9753.6,False,210.66,223.91,0.0,,10195.56,2651,False,0
801632,AKJ2023 ,India,1775556654.0,1775556654,86.283,22.4875,8656.32,False,229.84,63.55,-3.25,,8991.6,0301,False,0
801633,AKJ792Q ,India,1775556654.0,1775556654,76.7737,28.398,3048.0,False,135.84,198.09,0.0,,3055.62,,False,0
80166d,AXB1164 ,India,1775556645.0,1775556652,72.7153,19.2418,2194.56,False,144.22,38.63,13.0,,2225.04,,False,0
801689,AXB1214 ,India,1775556651.0,1775556653,72.8865,19.0889,99.06,False,74.09,269.2,-3.58,,15.24,,False,0
801680,AXB1507 ,India,1775556654.0,1775556654,77.3207,29.1827,8724.9,False,202.81,216.23,5.85,,8938.26,,False,0
801698,AXB2023 ,India,1775556637.0,1775556637,77.8284,13.1885,1447.8,False,79.74,270.37,-4.23,,1447.8,,False,0
801667,AIC6FJ  ,India,1775556652.0,1775556652,75.5371,20.095,10363.2,False,223.69,207.98,0.0,,10919.46,,False,0
80165c,AXB1084 ,India,1775556654.0,1775556654,77.2511,28.4105,2506.98,False,123.32,102.53,-3.25,,2506.98,,False,0
801674,AIC4GP  ,India,1775556352.0,1775556352,74.0678,18.3937,2346.96,False,118.03,93.5,-3.25,,2430.78,,False,0
801671,AIC4JG  ,India,1775556593.0,1775556593,77.1035,28.5426,281.94,False,70.87,283.43,-3.58,,205.74,,False,0
80169e,AKJ1140 ,India,1775556653.0,1775556654,75.4678,19.9714,10972.8,False,238.19,207.95,0.0,,11559.54,,False,0
80169c,IGO402  ,India,1775556515.0,1775556515,74.1705,18.3603,2766.06,False,130.38,93.39,-4.55,,2842.26,,False,0
8014b2,IGO1105 ,India,1775556654.0,1775556654,90.2477,23.823,3543.3,False,160.03,358.71,-5.53,,3627.12,0430,False,0
8014ae,AIC5PL  ,India,1775556652.0,1775556654,73.0006,19.0905,708.66,False,83.35,268.94,-4.88,,655.32,,False,0
8014e4,IGO624  ,India,1775556653.0,1775556653,73.3419,17.1922,10523.22,False,241.81,159.06,6.5,,11109.96,,False,0
8014e5,IGO411Y ,India,1775556654.0,1775556654,81.7956,25.6134,9982.2,False,251.57,52.9,-4.88,,10309.86,,False,0
8014e6,AKJ266Q ,India,1775556654.0,1775556654,78.7956,28.174,7124.7,False,206.84,296.12,-5.2,,7307.58,,False,0
8014df,IGO6378 ,India,1775556653.0,1775556654,76.7992,27.4089,9326.88,False,242.32,179.27,3.9,,9601.2,,False,0
8014f5,VTFTO   ,India,1775556654.0,1775556654,77.6535,11.9202,2552.7,False,45.42,283.09,3.9,,2606.04,,False,0
8014f8,AKJ301C ,India,1775556654.0,1775556654,87.5396,23.4423,4815.84,False,179.59,125.56,-4.55,,4953.0,6407,False,0
8014f2,AKJ1608 ,India,1775556654.0,1775556654,76.8302,28.5493,2712.72,False,133.56,198.64,10.08,,2697.48,,False,0
8014ef,VTRRJ   ,India,1775556495.0,1775556495,72.7077,19.2139,182.88,False,55.2,309.33,0.0,,175.26,,False,0
8014ea,LLR874  ,India,1775556654.0,1775556654,78.8384,28.8214,4297.68,False,143.79,249.04,-4.88,,4335.78,,False,0
8014c0,IGO7575 ,India,1775556635.0,1775556636,76.1816,13.0713,7315.2,False,234.35,249.97,0.0,,7703.82,,False,0
8014c1,IGO6938 ,India,1775556653.0,1775556653,73.3587,19.355,2438.4,False,126.57,197.99,0.0,,2484.12,,False,0
8014d8,IGO6393 ,India,1775556651.0,1775556654,75.3656,26.6,10058.4,False,235.65,27.85,0.0,,10416.54,,False,0
8014fe,AKJ1423 ,India,1775556654.0,1775556654,77.6919,13.7359,6408.42,False,175.18,13.59,5.53,,6705.6,,False,0
801602,AIC5YP  ,India,1775556610.0,1775556610,75.8326,17.7475,10660.38,False,245.15,114.68,-0.65,,11269.98,,False,0
801611,IGO9269 ,India,1775556653.0,1775556653,89.4458,21.6331,10302.24,False,202.28,299.56,-6.83,,10767.06,7413,False,0
80174d,IGO392F ,India,1775556653.0,1775556654,73.0328,18.9624,2743.2,False,133.68,66.89,0.0,,2811.78,,False,0
80174b,IGO5196 ,India,1775556654.0,1775556654,72.8684,18.4259,5951.22,False,238.18,162.27,8.78,,6217.92,,False,0
80174c,IGO3CH  ,India,1775556653.0,1775556654,88.2374,21.6874,3048.0,False,120.43,181.71,-0.33,,3101.34,2631,False,0
801771,SDG235  ,India,1775556654.0,1775556654,76.7579,29.7092,6195.06,False,176.76,151.87,-7.8,,6301.74,,False,0
801744,IGO29YP ,India,1775556653.0,1775556653,77.6292,13.4745,3215.64,False,155.03,9.74,16.91,,3307.08,,False,0
801745,IGO6704 ,India,1775556654.0,1775556654,76.5412,28.2929,3657.6,False,170.3,73.86,0.0,,3695.7,,False,0
801742,IGO47H  ,India,1775556654.0,1775556654,71.8182,19.2126,7566.66,False,193.02,278.58,5.85,,7932.42,,False,0
80172f,VTKSE   ,India,1775556653.0,1775556654,84.908,23.9394,10363.2,False,235.12,217.62,0.33,,10774.68,2626,False,0
80172e,IGO478V ,India,1775556653.0,1775556653,73.1977,19.2129,3261.36,False,144.41,85.91,-2.28,,3360.42,,False,0
80173c,IGO6691 ,India,1775556654.0,1775556654,81.3952,26.1205,5379.72,False,199.6,47.92,-5.85,,5516.88,,False,0
801748,IGO237C ,India,1775556653.0,1775556653,87.1612,20.6636,10363.2,False,201.48,253.23,0.0,,10873.74,2641,False,0
801749,IGO6724 ,India,1775556654.0,1775556654,91.3485,24.6093,5783.58,False,228.01,7.91,1.3,,5951.22,1133,False,0
801753,IGO7352 ,India,1775556654.0,1775556654,88.4342,22.3277,4991.1,False,152.92,18.43,-8.13,,5113.02,1411,False,0
80179e,VJI513  ,India,1775556652.0,1775556654,73.1704,19.7598,5692.14,False,137.82,184.71,-5.2,,5928.36,,False,0
801788,IGO2275 ,India,1775556653.0,1775556653,78.9653,28.0987,8534.4,False,192.79,302.8,0.0,,8755.38,,False,0
80177c,AXB241  ,India,1775556654.0,1775556654,86.1304,19.5953,11582.4,False,198.32,264.94,0.0,,12192.0,2646,False,0
801798,IGO15CF ,India,1775556654.0,1775556654,73.6203,18.7167,7955.28,False,251.06,115.36,5.85,,8351.52,,False,0
8016a5,IGO1114 ,India,1775556653.0,1775556653,87.6459,22.514,10347.96,False,196.27,256.51,-0.33,,10774.68,4705,False,0
8016b1,IGO969K ,India,1775556654.0,1775556654,87.6561,20.8786,10980.42,False,191.95,249.28,-0.33,,11513.82,2642,False,0
8016b5,IGO770C ,India,1775556654.0,1775556654,75.1862,19.7867,9753.6,False,216.32,253.42,0.0,,10279.38,,False,0
8015c2,IGO728E ,India,1775556654.0,1775556654,76.4357,26.0281,10668.0,False,245.22,187.11,0.0,,11094.72,,False,0
8015c3,VTSSR   ,India,1775556597.0,1775556597,73.9598,17.0934,11277.6,False,223.75,124.6,-0.33,,11917.68,,False,0
8015bc,IGO172  ,India,1775556653.0,1775556653,88.5587,21.2196,9052.56,False,227.65,21.75,-6.5,,9448.8,2701,False,0
8015c7,IGO2091 ,India,1775556654.0,1775556654,75.9989,28.133,5036.82,False,183.25,31.1,-7.8,,5158.74,,False,0
8015ce,IGO9205 ,India,1775556654.0,1775556654,90.8566,23.3392,10965.18,False,187.6,252.61,0.33,,11430.0,2612,False,0
8015d8,IGO2590 ,India,1775556647.0,1775556647,77.4181,28.7074,495.3,False,64.82,270.45,-3.25,,441.96,,False,0
885306,THA113  ,Thailand,1775556653.0,1775556654,99.2701,18.1619,6705.6,False,195.83,154.65,2.93,,7117.08,,False,0
8015e5,IGO5396 ,India,1775556654.0,1775556654,79.0726,27.3992,9448.8,False,238.27,111.14,0.0,,9715.5,,False,0
8015da,IGO2589 ,India,1775556654.0,1775556654,78.9359,28.16,10660.38,False,258.09,138.72,0.65,,10949.94,,False,0
70203f,BBC349  ,Bangladesh,1775556654.0,1775556654,84.4717,22.5817,10972.8,False,211.61,279.23,0.0,,11475.72,4745,False,0
702066,BBC373  ,Bangladesh,1775556654.0,1775556654,88.4494,24.2227,10363.2,False,200.5,286.85,0.0,,10713.72,4775,False,0
80171a,IGO455  ,India,1775556482.0,1775556482,77.9972,13.3009,2034.54,False,112.58,146.75,-5.85,,2049.78,,False,0
80171b,IGO6884 ,India,1775556654.0,1775556654,73.775,19.162,6972.3,False,213.56,224.12,-4.88,,7307.58,,False,0
801725,IGO6496 ,India,1775556632.0,1775556634,78.294,14.1177,6789.42,False,192.43,190.32,-13.66,,7147.56,,False,0
801728,VTNDA   ,India,1775556456.0,1775556456,73.048,20.205,8534.4,False,198.25,357.47,-0.33,,8968.74,,False,0
80186e,IGO6216 ,India,1775556648.0,1775556649,77.5924,8.9823,5623.56,False,189.26,210.19,-6.83,,5875.02,,False,0
801878,IGO735F ,India,1775556654.0,1775556654,76.8252,26.8228,10332.72,False,252.78,177.78,4.23,,10698.48,,False,0
801864,IGO274P ,India,1775556653.0,1775556653,88.315,22.0053,5311.14,False,192.16,176.93,11.38,,5486.4,2632,False,0
800543,AIC6GX  ,India,1775556654.0,1775556654,73.1088,19.0952,1165.86,False,98.36,246.25,-3.9,,1158.24,,False,0
80057d,AIC218  ,India,1775556654.0,1775556654,80.9842,28.0635,10965.18,False,195.13,278.64,0.0,,11262.36,,False,0
80059d,VTEJZ   ,India,1775556654.0,1775556654,76.8125,28.2586,2133.6,False,96.77,100.41,0.0,,2110.74,,False,0
8017a0,IGO939  ,India,1775556467.0,1775556540,77.0979,28.5438,274.32,False,71.99,283.64,-0.98,,190.5,,False,0
8016e1,IGO1421 ,India,1775556653.0,1775556653,74.4483,18.3523,10972.8,False,217.78,294.57,0.0,,11597.64,,False,0
8016dd,IGO2285 ,India,1775556652.0,1775556652,72.9956,19.3626,8229.6,False,214.08,358.49,3.9,,8663.94,,False,0
8016bc,IGO502F ,India,1775556649.0,1775556653,76.8033,30.4286,2499.36,False,159.66,325.9,-7.48,,2499.36,,False,0
8016c9,AXB2458 ,India,1775556651.0,1775556651,73.3972,18.8191,3756.66,False,148.46,298.34,3.9,,3863.34,,False,0
8016ca,AXB2506 ,India,1775556654.0,1775556654,78.2059,12.0328,7315.2,False,165.36,338.46,0.0,,7680.96,,False,0
801804,IGO726K ,India,1775556653.0,1775556654,73.2166,19.1486,1661.16,False,101.22,227.47,-3.25,,1668.78,,False,0
801850,IGO1862 ,India,1775556629.0,1775556630,76.507,10.133,11277.6,False,236.75,20.88,0.0,,11894.82,,False,0
801816,IGO390M ,India,1775556654.0,1775556654,75.2808,25.4183,11590.02,False,224.31,202.09,0.33,,12092.94,,False,0
80180b,IGO910  ,India,1775556653.0,1775556654,79.906,27.1785,10660.38,False,283.28,115.26,0.0,,10965.18,,False,0
801824,IGO309W ,India,1775556525.0,1775556525,78.1454,13.4868,3512.82,False,132.28,187.37,-3.25,,3627.12,,False,0
801832,AKJ2022 ,India,1775556654.0,1775556654,73.3913,19.0253,1691.64,False,108.34,260.98,-10.4,,1706.88,,False,0
8018a8,IGO324P ,India,1775556653.0,1775556653,77.2163,28.5676,800.1,False,84.94,272.08,-3.25,,731.52,,False,0
7020a6,BBC616  ,Bangladesh,1775556654.0,1775556654,90.3118,24.0684,1150.62,False,97.95,293.2,0.33,,1097.28,4102,False,0
7020a5,BBC437  ,Bangladesh,1775556653.0,1775556653,91.796,22.2929,4572.0,False,138.0,139.84,0.0,,4716.78,5545,False,0
7020ac,UBG218  ,Bangladesh,1775556648.0,1775556651,90.3148,23.9479,716.28,False,84.69,143.9,-3.9,,655.32,0723,False,0
7020b8,UBG152  ,Bangladesh,1775556652.0,1775556654,91.4487,22.6677,4274.82,False,126.29,316.82,-0.33,,4366.26,5557,False,0
7020b4,UBG206  ,Bangladesh,1775556653.0,1775556654,87.8523,20.8571,11277.6,False,271.75,45.69,0.33,,11811.0,0625,False,0
7020bd,UBG316  ,Bangladesh,1775556562.0,1775556562,98.5875,13.3755,11582.4,False,244.59,332.57,0.0,,12298.68,,False,0
7020c2,UBG361  ,Bangladesh,1775556652.0,1775556652,90.4047,23.8348,106.68,False,90.65,142.61,10.08,,0.0,,False,0
8017ff,IGO356Y ,India,1775556654.0,1775556654,77.6574,13.3118,4137.66,False,145.07,89.8,-5.53,,4297.68,,False,0
8004df,AIC188  ,India,1775556654.0,1775556654,74.5921,25.9224,11269.98,False,247.57,23.0,-0.98,,11750.04,,False,0
896353,ETD406  ,United Arab Emirates,1775556654.0,1775556654,99.5689,14.7118,8267.7,False,220.15,129.12,-8.78,,8793.48,,False,0
89631d,UAE9879 ,United Arab Emirates,1775556654.0,1775556654,86.3188,22.5456,9753.6,False,225.73,244.49,0.0,,10142.22,0135,False,0
896304,UAE334  ,United Arab Emirates,1775556653.0,1775556653,92.1426,22.5009,10668.0,False,299.35,101.6,0.0,,11148.06,6224,False,0
80073b,AIC313  ,India,1775556653.0,1775556653,84.8927,25.6496,12192.0,False,219.31,287.75,0.0,,12618.72,5046,False,0
800756,IGO5312 ,India,1775556654.0,1775556654,88.4726,23.1408,2880.36,False,117.46,220.74,-3.9,,2941.32,0471,False,0
8830f6,TLM746  ,Thailand,1775556653.0,1775556653,99.7616,11.416,9753.6,False,242.82,179.88,0.33,,10401.3,,False,0
4bb152,THY6263 ,Turkey,1775556654.0,1775556654,82.2262,26.3321,9144.0,False,233.03,289.88,0.0,,9403.08,,False,0
8007cc,IGO477H ,India,1775556654.0,1775556654,77.4931,13.2763,2788.92,False,147.94,332.9,16.91,,2857.5,,False,0
896474,UAE380  ,United Arab Emirates,1775556654.0,1775556654,89.4859,22.8716,11887.2,False,299.58,88.03,0.0,,12412.98,6212,False,0
896617,UAE9783 ,United Arab Emirates,1775556654.0,1775556654,88.6529,22.8841,9753.6,False,216.59,269.46,0.0,,10134.6,5165,False,0
ac3857,FDX7    ,United States,1775556367.0,1775556367,74.3073,31.6199,9753.6,False,255.51,322.11,0.0,,9913.62,,False,0
76cc73,SIA421  ,Singapore,1775556654.0,1775556654,99.1133,12.3416,11269.98,False,252.3,151.5,-0.33,,11986.26,,False,0
8965fb,ADY1610 ,United Arab Emirates,1775556652.0,1775556653,82.4771,26.9262,11277.6,False,276.95,83.6,-0.33,,11620.5,,False,0
70aa75,RNA217  ,Nepal,1775556654.0,1775556654,77.5823,28.4704,1958.34,False,117.24,258.1,-5.2,,1950.72,,False,0
89667b,UAE392  ,United Arab Emirates,1775556645.0,1775556645,90.3828,18.0453,12496.8,False,270.75,94.03,0.0,,13121.64,6236,False,0
8832d0,TLM962  ,Thailand,1775556634.0,1775556635,99.96,15.579,8747.76,False,231.86,356.82,4.88,,9319.26,,False,0
76cd76,SIA326  ,Singapore,1775556654.0,1775556654,80.9037,26.7581,9144.0,False,238.44,302.94,0.33,,9380.22,,False,0
152037,AFL629  ,Russian Federation,1775556446.0,1775556446,74.279,31.6511,10972.8,False,225.78,322.03,0.0,,11193.78,,False,0
899081,EVA067  ,Taiwan,1775556653.0,1775556654,77.2534,30.3064,9144.0,False,270.1,333.04,0.0,,9349.74,,False,0
78021a,CPA2045 ,China,1775556654.0,1775556654,81.5633,26.5821,9753.6,False,217.94,286.6,-0.65,,9982.2,,False,0
a80e46,UPS9    ,United States,1775556653.0,1775556653,75.667,28.4534,9753.6,False,242.45,349.24,-0.33,,10012.68,,False,0
86ef8e,ANA829  ,Japan,1775556654.0,1775556654,88.032,22.9863,11574.78,False,209.26,264.64,0.0,,12077.7,5050,False,0
06a2e9,QTR646  ,Qatar,1775556654.0,1775556654,83.1342,26.1322,11285.22,False,290.38,64.39,-0.33,,11643.36,,False,0
49d276,SEJ693  ,Czech Republic,1775556652.0,1775556654,73.3828,18.1679,5760.72,False,156.66,326.52,-8.78,,6027.42,,False,0
49d26c,SEJ767  ,Czech Republic,1775556588.0,1775556588,78.1496,13.1811,2621.28,False,112.32,176.85,-5.2,,3863.34,,False,0
780650,CES5093 ,China,1775556652.0,1775556652,99.5681,11.2635,9144.0,False,228.32,195.82,0.0,,9715.5,,False,0
49d13f,SEJ611  ,Czech Republic,1775556654.0,1775556654,89.1102,26.5105,11277.6,False,269.11,112.0,-0.33,,11605.26,1472,False,0
801396,AIC5CX  ,India,1775556653.0,1775556654,86.3458,22.4744,11475.72,False,190.48,262.4,4.23,,12016.74,1416,False,0
886289,TAX230  ,Thailand,1775556654.0,1775556654,99.6287,14.3233,6195.06,False,209.47,298.45,7.15,,6576.06,,False,0
801405,IGO295C ,India,1775556653.0,1775556654,79.2654,27.3819,11277.6,False,291.89,112.81,0.33,,11628.12,,False,0
801441,AIC4EK  ,India,1775556654.0,1775556654,76.6176,28.0691,5829.3,False,186.13,206.07,4.23,,5943.6,,False,0
80143a,AIC6ML  ,India,1775556654.0,1775556654,72.6734,19.1698,1775.46,False,139.8,321.27,7.8,,1744.98,,False,0
801454,IGO237P ,India,1775556653.0,1775556653,75.6408,32.1259,10980.42,False,232.22,357.59,-0.33,,11201.4,,False,0
801455,IGO12AJ ,India,1775556654.0,1775556654,88.1905,26.4833,11582.4,False,224.56,207.27,0.0,,11948.16,1357,False,0
80140c,IGO319P ,India,1775556652.0,1775556652,75.0663,19.7532,10088.88,False,218.58,253.31,-4.23,,10668.0,,False,0
80140b,IGO5072 ,India,1775556653.0,1775556653,75.7716,27.7105,7360.92,False,210.28,26.75,-9.1,,7543.8,,False,0
801419,        ,India,1775556576.0,1775556577,78.0824,12.834,2042.16,False,58.77,209.93,-3.25,,2057.4,,False,0
801424,AIC238  ,India,1775556653.0,1775556653,85.7573,25.2507,10972.8,False,194.8,289.92,0.0,,11338.56,4756,False,0
80141e,AIC5MB  ,India,1775556650.0,1775556650,77.6939,13.1895,1333.5,False,81.28,269.64,19.83,,1059.18,,False,0
801460,IGO1070 ,India,1775556382.0,1775556382,83.707,25.4036,10972.8,False,191.08,298.64,0.33,,11338.56,,False,0
80145d,IGO2243 ,India,1775556654.0,1775556654,78.405,28.6559,4198.62,False,179.24,304.83,-5.2,,4267.2,,False,0
80145f,IGO6551 ,India,1775556653.0,1775556653,92.4346,26.2369,9448.8,False,249.47,66.29,0.0,,9723.12,1435,False,0
80145a,AIC2376 ,India,1775556654.0,1775556654,86.0471,20.023,10668.0,False,259.37,135.24,0.0,,11216.64,0525,False,0
801524,AKJ820Y ,India,1775556654.0,1775556654,77.3599,28.4609,1546.86,False,114.44,351.47,-6.5,,1516.38,,False,0
801534,AIC5QE  ,India,1775556630.0,1775556631,77.6069,13.2009,1805.94,False,134.32,271.54,7.48,,1805.94,,False,0
801509,AKJ1141 ,India,1775556653.0,1775556654,85.0423,23.42,11277.6,False,240.88,23.01,0.0,,11750.04,1475,False,0
80154d,IGO274E ,India,1775556654.0,1775556654,76.9876,28.5897,1424.94,False,132.13,284.2,12.03,,1371.6,,False,0
06a13a,QTR928  ,Qatar,1775556654.0,1775556654,91.0984,22.4954,10058.4,False,291.39,109.17,0.0,,10477.5,2173,False,0
80152f,IGO967  ,India,1775556654.0,1775556654,87.3926,22.6073,7315.2,False,176.58,272.17,0.0,,7566.66,1421,False,0
801548,AKJ1106 ,India,1775556653.0,1775556653,72.8815,16.9815,8534.4,False,208.66,330.78,0.0,,8983.98,,False,0
801552,AIC2116 ,India,1775556653.0,1775556654,81.3125,26.1883,10965.18,False,188.77,326.79,-0.33,,11315.7,,False,0
80159e,AIC116  ,India,1775556638.0,1775556638,70.073,19.2035,11277.6,False,266.65,116.96,0.0,,11894.82,,False,0
801595,AXB1617 ,India,1775556654.0,1775556654,73.9948,19.4204,7292.34,False,199.34,221.55,-4.23,,7650.48,,False,0
801591,AXB1090 ,India,1775556652.0,1775556654,75.5054,25.8101,10363.2,False,228.06,203.67,0.33,,10782.3,,False,0
8013c3,AIC357  ,India,1775556650.0,1775556653,92.8484,23.5664,11582.4,False,208.44,281.53,-0.33,,12092.94,1031,False,0
8013d8,IGO2113 ,India,1775556646.0,1775556646,80.9939,26.7621,647.7,False,77.69,269.24,-4.88,,563.88,,False,0
8013a3,AIC2KS  ,India,1775556654.0,1775556654,73.6607,19.453,4099.56,False,126.82,266.28,-4.88,,4236.72,,False,0
8013b1,AIC6ME  ,India,1775556653.0,1775556653,76.2263,28.2997,4282.44,False,179.45,63.43,-3.25,,4335.78,,False,0
8013df,IGO2030 ,India,1775556480.0,1775556566,73.9515,16.8504,11887.2,False,238.01,147.0,-0.33,,12557.76,,False,0
8013ed,AIC2382 ,India,1775556652.0,1775556653,85.6827,21.0554,10058.4,False,277.49,126.78,-0.33,,10561.32,6356,False,0
8013ea,AIC1QA  ,India,1775556654.0,1775556654,77.7373,29.7657,6720.84,False,171.79,209.02,6.18,,6865.62,,False,0
704458,MMA362  ,Myanmar,1775556654.0,1775556654,99.8731,14.4806,3939.54,False,161.99,139.38,-11.05,,4175.76,,False,0
880455,AIQ3074 ,Thailand,1775556383.0,1775556383,99.6977,16.9785,9944.1,False,228.92,159.2,6.5,,10530.84,,False,0
408142,DHK593  ,United Kingdom,1775556608.0,1775556608,73.7814,28.5523,9144.0,False,219.59,266.37,0.0,,9334.5,,False,0
800da0,AIC5ZV  ,India,1775556395.0,1775556418,75.3529,25.4559,10363.2,False,234.71,205.44,0.0,,10774.68,,False,0
151db8,AFL273  ,Russian Federation,1775556654.0,1775556654,78.2234,29.2328,9753.6,False,243.31,317.91,0.0,,9997.44,,False,0
151dad,AFL275  ,Russian Federation,1775556653.0,1775556654,80.9773,26.7046,10363.2,False,214.76,305.94,0.0,,10652.76,,False,0
7821a0,CSS155  ,China,1775556654.0,1775556654,92.0867,23.7191,9144.0,False,209.3,282.64,0.0,,9464.04,0504,False,0
151d46,AZV2502 ,Russian Federation,1775556650.0,1775556651,91.0799,19.5863,9753.6,False,217.0,307.2,0.0,,10226.04,5541,False,0
880846,AIQ3245 ,Thailand,1775556654.0,1775556654,99.8559,11.8637,10408.92,False,232.9,187.36,6.83,,11056.62,,False,0
880843,AIQ4108 ,Thailand,1775556654.0,1775556654,99.9606,15.4112,10363.2,False,235.25,342.04,0.0,,11049.0,,False,0
70c0fb,OMA284  ,Oman,1775556632.0,1775556637,74.9031,14.4141,10972.8,False,231.08,298.16,0.0,,11590.02,,False,0
86ebfa,ANA837  ,Japan,1775556654.0,1775556654,83.7627,25.9759,11582.4,False,215.75,287.48,-0.33,,11978.64,5675,False,0
7812dc,CCA821  ,China,1775556653.0,1775556653,99.9395,12.868,10972.8,False,226.96,212.03,0.0,,11658.6,,False,0
76cda3,SIA338  ,Singapore,1775556653.0,1775556653,85.2728,23.8125,10972.8,False,214.01,307.28,0.0,,11475.72,0146,False,0
8966aa,ETD203  ,United Arab Emirates,1775556653.0,1775556653,68.4103,18.8444,10363.2,False,224.42,298.33,0.0,,10942.32,,False,0
750424,MXD183  ,Malaysia,1775556654.0,1775556654,88.37,22.7746,11277.6,False,249.53,158.73,0.0,,11772.9,2512,False,0
780f33,CSC3931 ,China,1775556654.0,1775556654,99.7603,12.1299,10355.58,False,237.85,182.23,0.0,,11010.9,,False,0
7000a1,AFG312  ,Afghanistan,1775556654.0,1775556654,75.7191,29.6378,10370.82,False,229.2,337.29,-0.98,,10591.8,,False,0
76ceed,SIA318  ,Singapore,1775556653.0,1775556654,74.4113,26.6194,9753.6,False,196.83,298.57,0.0,,10088.88,,False,0
750548,XAX600  ,Malaysia,1775556654.0,1775556654,75.7599,28.9349,12192.0,False,207.93,321.43,0.0,,12557.76,,False,0
3c4587,BOX632  ,Germany,1775556654.0,1775556654,74.6644,26.32,11277.6,False,304.81,118.64,-0.33,,11704.32,,False,0
3c4592,BOX534  ,Germany,1775556653.0,1775556653,90.1462,21.4695,10668.0,False,283.72,108.17,-0.33,,11163.3,6404,False,0
800c01,IGO6344 ,India,1775556654.0,1775556654,88.3016,22.9554,1630.68,False,122.27,118.94,-2.93,,1623.06,5075,False,0
800c08,AIC4HW  ,India,1775556646.0,1775556647,77.1166,28.57,297.18,False,69.47,271.27,-3.58,,205.74,,False,0
800c07,AIC6JS  ,India,1775556652.0,1775556652,72.762,18.7871,3901.44,False,187.34,163.41,7.8,,3893.82,,False,0
800c43,AIC2353 ,India,1775556653.0,1775556653,86.3795,19.7617,10972.8,False,205.79,269.43,0.0,,11551.92,0744,False,0
800c42,AIC5DZ  ,India,1775556609.0,1775556620,72.5661,17.5463,8534.4,False,228.29,332.05,0.0,,8991.6,,False,0
800c46,VTGVZ   ,India,1775556535.0,1775556552,72.5971,19.1561,182.88,False,64.77,30.03,0.0,,99.06,,False,0
800c3e,AIC186  ,India,1775556653.0,1775556654,89.3608,24.0295,11582.4,False,207.7,276.68,0.0,,12031.98,2672,False,0
800c87,AIC2388 ,India,1775556653.0,1775556654,87.3444,22.6926,10668.0,False,278.85,116.05,0.0,,11117.58,0551,False,0
800c86,AIC219  ,India,1775556654.0,1775556654,77.5053,28.0849,6888.48,False,210.53,127.65,10.4,,7048.5,,False,0
800c52,VTBVV   ,India,1775556654.0,1775556654,75.3245,27.8181,12192.0,False,199.5,233.07,0.0,,12633.96,,False,0
70afb9,RNA225  ,Nepal,1775556654.0,1775556654,81.9197,25.0704,10965.18,False,195.6,239.32,-0.65,,11384.28,,False,0
4cac0e,KZR564  ,Ireland,1775556618.0,1775556618,74.9837,31.2424,11582.4,False,212.63,286.15,0.0,,11811.0,,False,0
800d09,IGO5338 ,India,1775556654.0,1775556654,77.5744,27.0572,4762.5,False,169.3,262.14,18.86,,4838.7,,False,0
800d31,VTHCA   ,India,1775556654.0,1775556654,77.002,30.5424,2956.56,False,73.77,129.91,7.48,,2956.56,,False,0
800d34,IGO6560 ,India,1775556653.0,1775556653,82.0487,26.5291,10363.2,False,201.94,282.66,0.65,,10668.0,,False,0
800d2c,IGO2417 ,India,1775556653.0,1775556654,84.7084,25.7039,10980.42,False,197.83,287.87,0.0,,11330.94,,False,0
800d8b,AXB1085 ,India,1775556650.0,1775556653,87.4321,26.1744,11277.6,False,264.56,98.95,0.33,,11628.12,6354,False,0
800bc8,SEJ757  ,India,1775556653.0,1775556653,80.1831,27.2991,11582.4,False,177.45,310.06,0.0,,11963.4,,False,0
800bbb,VTARC   ,India,1775556653.0,1775556653,89.8164,26.3261,9753.6,False,230.65,315.72,0.0,,10035.54,0467,False,0
800bef,AIC5FW  ,India,1775556654.0,1775556654,73.8325,19.4004,5189.22,False,128.22,241.48,-4.88,,5410.2,,False,0
800bfa,AIC2304 ,India,1775556653.0,1775556654,77.6447,27.881,6797.04,False,216.29,110.03,9.1,,6957.06,,False,0
800be7,AIC4BT  ,India,1775556654.0,1775556654,77.6519,28.5375,2811.78,False,109.84,197.16,-7.48,,2842.26,,False,0
4b191d,SWR181  ,Switzerland,1775556645.0,1775556647,74.32,31.3975,9144.0,False,259.9,280.95,0.0,,9296.4,,False,0
800cdc,IGO302  ,India,1775556409.0,1775556409,74.7121,16.8506,10873.74,False,241.24,136.3,5.53,,11323.32,,False,0
80162c,AXB1562 ,India,1775558090.0,1775558091,90.9051,25.7266,11582.4,False,202.89,279.49,0.33,,11986.26,2605,False,0
80162d,AXB1038 ,India,1775558092.0,1775558092,79.3345,27.7156,11094.72,False,182.43,299.38,-4.55,,11422.38,,False,0
801638,AXB1752 ,India,1775557907.0,1775557920,91.3711,23.9123,1127.76,False,103.84,337.88,-5.85,,1074.42,1352,False,0
801640,AIC2356 ,India,1775558089.0,1775558091,88.5082,22.4861,10972.8,False,210.27,339.97,0.0,,11452.86,6131,False,0
801650,AXB2014 ,India,1775557827.0,1775557976,75.7229,20.2183,9448.8,False,227.75,353.65,0.0,,9936.48,,False,0
801657,AIC4CM  ,India,1775558091.0,1775558091,84.7053,26.4777,10668.0,False,264.69,96.7,0.0,,10972.8,,False,0
80163f,AIC6GB  ,India,1775558093.0,1775558093,75.5616,26.938,11795.76,False,225.33,19.06,-4.88,,12245.34,,False,0
80160a,IGO536  ,India,1775558092.0,1775558092,73.168,19.0925,1478.28,False,98.27,269.1,-4.55,,1470.66,,False,0
801623,AXB1514 ,India,1775558092.0,1775558092,80.2821,26.7619,10363.2,False,187.26,270.16,0.0,,10660.38,,False,0
80160d,AXB2001 ,India,1775557947.0,1775558035,73.0687,19.8149,11574.78,False,225.44,353.05,-0.65,,12199.62,,False,0
801627,AXB2538 ,India,1775558024.0,1775558050,85.2243,19.6117,9753.6,False,212.27,248.53,0.0,,10264.14,2651,False,0
801625,AIC2384 ,India,1775558092.0,1775558092,85.9844,21.0073,10066.02,False,273.53,123.18,0.0,,10553.7,0507,False,0
801632,AKJ2023 ,India,1775558092.0,1775558092,88.4657,22.8273,678.18,False,92.22,164.8,0.0,,594.36,0301,False,0
801633,AKJ792Q ,India,1775558092.0,1775558092,75.5887,25.9774,10972.8,False,232.13,204.07,-0.33,,11399.52,,False,0
80166d,AXB1164 ,India,1775558089.0,1775558089,75.4072,20.2639,11277.6,False,250.9,69.22,0.0,,11871.96,,False,0
801680,AXB1507 ,India,1775558092.0,1775558092,76.5074,26.3214,10668.0,False,238.34,193.23,0.0,,11071.86,,False,0
80167e,AIC4AK  ,India,1775558092.0,1775558092,76.8059,27.5495,8907.78,False,237.97,182.85,5.85,,9144.0,,False,0
80164f,AIC4GV  ,India,1775558093.0,1775558093,77.044,26.6191,7962.9,False,235.28,4.39,-6.18,,8183.88,,False,0
801663,IGO214J ,India,1775558092.0,1775558092,76.8198,27.802,7338.06,False,197.27,182.84,6.18,,7498.08,,False,0
801667,AIC6FJ  ,India,1775558091.0,1775558091,73.8312,19.3997,5280.66,False,136.03,241.79,-3.58,,5494.02,,False,0
801672,AIC5WH  ,India,1775558092.0,1775558093,77.3061,27.7037,4533.9,False,162.75,343.28,-5.2,,4610.1,,False,0
80169e,AKJ1140 ,India,1775558092.0,1775558092,73.6281,19.2833,4046.22,False,122.31,265.42,-6.83,,4191.0,,False,0
8014a3,IGO6753 ,India,1775558092.0,1775558092,76.3428,13.795,8511.54,False,229.52,299.84,5.2,,8983.98,,False,0
8014e4,IGO624  ,India,1775558086.0,1775558086,74.7799,14.456,11285.22,False,238.13,153.99,0.33,,11910.06,,False,0
8014db,AIC5ZY  ,India,1775558092.0,1775558092,75.9186,27.939,6362.7,False,229.2,23.69,-7.48,,6492.24,,False,0
8014de,IGO229  ,India,1775558034.0,1775558034,75.8627,31.892,8496.3,False,208.48,149.45,-9.43,,8663.94,,False,0
8014df,IGO6378 ,India,1775557804.0,1775557840,76.8937,25.0835,10668.0,False,251.06,179.41,0.0,,11109.96,,False,0
8014f5,VTFTO   ,India,1775557872.0,1775557877,77.1501,12.091,2606.04,False,45.04,283.88,2.28,,2659.38,,False,0
8014f2,AKJ1608 ,India,1775558093.0,1775558093,75.7273,26.2851,10607.04,False,233.39,203.51,3.9,,10995.66,,False,0
8014ea,LLR874  ,India,1775558092.0,1775558092,77.1832,28.5683,624.84,False,62.27,271.42,-3.58,,541.02,,False,0
8014ba,VTSFU   ,India,1775558092.0,1775558092,73.3405,16.9748,12192.0,False,222.26,354.42,0.33,,12847.32,,False,0
8014d8,IGO6393 ,India,1775558092.0,1775558092,75.8693,29.3369,7284.72,False,212.47,341.21,-2.93,,7437.12,,False,0
8014fa,IGO235H ,India,1775558090.0,1775558090,86.6613,23.6641,11574.78,False,183.84,305.2,-0.98,,12054.84,1464,False,0
801603,AIC5BS  ,India,1775558093.0,1775558093,73.1528,19.5494,4076.7,False,140.43,184.83,-3.25,,4221.48,,False,0
801609,VTPMO   ,India,1775558090.0,1775558090,89.3372,26.372,12192.0,False,157.49,289.26,0.33,,12595.86,0466,False,0
801613,AXB1168 ,India,1775558092.0,1775558093,76.2475,29.9102,11285.22,False,245.47,168.76,0.0,,11567.16,,False,0
801611,IGO9269 ,India,1775558090.0,1775558090,88.5184,22.9755,1554.48,False,118.23,301.48,-8.13,,1531.62,7413,False,0
80174a,IGO69TA ,India,1775558092.0,1775558092,74.1126,19.4865,6957.06,False,152.92,254.19,-4.88,,7292.34,,False,0
80174c,IGO3CH  ,India,1775558090.0,1775558090,87.1934,20.7325,3048.0,False,112.28,243.9,-0.33,,3093.72,2631,False,0
801759,IGO357Y ,India,1775558092.0,1775558092,76.8058,27.2555,8618.22,False,241.47,177.68,2.93,,8854.44,,False,0
801771,SDG235  ,India,1775558088.0,1775558088,77.3517,28.7078,259.08,False,27.27,271.08,0.33,,167.64,,False,0
801778,IGO770H ,India,1775558092.0,1775558092,76.8347,28.4195,4274.82,False,151.06,173.94,14.31,,4312.92,,False,0
801748,IGO237C ,India,1775558013.0,1775558013,84.761,19.5359,11582.4,False,213.74,243.87,0.0,,12214.86,2641,False,0
801746,IGO2251 ,India,1775558093.0,1775558093,81.6184,26.1946,3451.86,False,166.83,42.0,-7.15,,3520.44,,False,0
80179a,AXB2051 ,India,1775558091.0,1775558091,77.7187,13.7726,4800.6,False,199.14,17.59,5.85,,4937.76,,False,0
801793,IGO105W ,India,1775558092.0,1775558092,73.5165,19.5196,6751.32,False,222.12,65.22,7.15,,7063.74,,False,0
8016a6,AIC4FC  ,India,1775558092.0,1775558092,79.428,27.8803,8534.4,False,227.67,311.98,0.0,,8778.24,,False,0
8016a7,AIC6KU  ,India,1775558092.0,1775558092,75.9931,26.6526,10363.2,False,221.35,205.61,0.0,,10721.34,,False,0
8016a5,IGO1114 ,India,1775558089.0,1775558091,85.3508,21.0542,11582.4,False,213.66,212.31,0.0,,12176.76,4705,False,0
8016b1,IGO969K ,India,1775558068.0,1775558087,85.3221,19.5851,2529.84,False,207.1,234.81,0.33,,3131.82,2642,False,0
8016b5,IGO770C ,India,1775558089.0,1775558089,73.2794,19.0117,1089.66,False,94.51,262.18,-3.58,,1059.18,,False,0
8015c0,IGO674  ,India,1775558092.0,1775558092,73.359,18.2195,5013.96,False,139.69,337.02,-4.88,,5219.7,,False,0
8015d1,IGO4VP  ,India,1775558092.0,1775558092,77.5569,12.918,3794.76,False,94.69,178.44,2.6,,3901.44,,False,0
8015d7,VTSBS   ,India,1775558013.0,1775558013,78.3149,28.2488,396.24,False,46.33,209.98,-0.65,,342.9,,False,0
8015ce,IGO9205 ,India,1775558090.0,1775558090,88.6509,23.0349,2773.68,False,103.02,312.77,-5.85,,2819.4,2612,False,0
8015b2,IGO6596 ,India,1775557838.0,1775557871,77.9439,14.4731,9700.26,False,235.22,8.68,6.5,,10271.76,,False,0
8015fc,IGO301P ,India,1775558091.0,1775558091,87.9917,24.2583,10058.4,False,246.35,142.13,0.33,,10416.54,0562,False,0
8015e4,IGO525  ,India,1775558092.0,1775558092,91.2338,23.811,899.16,False,128.51,186.9,9.1,,830.58,,False,0
8015da,IGO2589 ,India,1775558091.0,1775558091,82.1826,26.1989,10652.76,False,268.15,118.29,0.33,,10988.04,,False,0
702066,BBC373  ,Bangladesh,1775558092.0,1775558092,86.3383,25.78,10363.2,False,168.33,311.78,-0.33,,10645.14,4775,False,0
80171b,IGO6884 ,India,1775557858.0,1775557858,74.1375,18.3677,2575.56,False,99.37,22.85,-7.15,,2659.38,,False,0
801725,IGO6496 ,India,1775557944.0,1775557944,77.7625,13.1891,1104.9,False,68.95,271.28,-2.28,,1051.56,,False,0
801864,IGO274P ,India,1775558090.0,1775558091,86.7246,20.4227,10972.8,False,208.26,233.64,-0.33,,11544.3,2632,False,0
80057d,AIC218  ,India,1775558092.0,1775558092,78.3103,28.4154,5516.88,False,193.92,304.41,-7.48,,5638.8,,False,0
80189e,IGO6588 ,India,1775558091.0,1775558091,77.9771,13.4313,3680.46,False,136.01,108.98,-4.23,,3832.86,,False,0
8960ec,UAE362  ,United Arab Emirates,1775558091.0,1775558091,84.8705,22.9965,12496.8,False,284.22,74.35,0.33,,13068.3,6226,False,0
8016e1,IGO1421 ,India,1775558092.0,1775558092,71.6025,18.639,10972.8,False,219.92,263.82,0.0,,11597.64,,False,0
8016da,IGO338C ,India,1775558092.0,1775558092,76.6388,28.1758,6637.02,False,188.71,207.96,17.56,,6774.18,,False,0
8016df,IGO419  ,India,1775558092.0,1775558092,73.3388,17.2379,10629.9,False,238.96,166.68,-5.85,,11224.26,,False,0
8016ca,AXB2506 ,India,1775558092.0,1775558092,77.7753,13.189,1173.48,False,78.22,268.49,-3.9,,1150.62,,False,0
8016cc,AXB2718 ,India,1775558092.0,1775558092,76.7905,14.4492,10469.88,False,234.45,141.77,-5.53,,11087.1,,False,0
896197,UAE372  ,United Arab Emirates,1775558091.0,1775558091,86.4235,22.3491,12496.8,False,288.1,96.87,0.0,,13075.92,6211,False,0
801849,SDG619  ,India,1775558092.0,1775558092,86.5563,25.6706,7406.64,False,164.83,267.14,8.13,,7566.66,1410,False,0
801850,IGO1862 ,India,1775558092.0,1775558092,77.6041,12.9015,5783.58,False,167.28,22.23,-9.1,,6050.28,,False,0
800520,AIC2KP  ,India,1775558092.0,1775558092,74.006,18.5439,8907.78,False,246.39,114.16,6.83,,9372.6,,False,0
801851,IGO316P ,India,1775558091.0,1775558092,76.9396,28.6003,2072.64,False,142.99,284.59,11.38,,2034.54,,False,0
800521,AIC5TZ  ,India,1775558068.0,1775558068,73.4957,16.7595,6736.08,False,204.44,157.82,-7.48,,7071.36,,False,0
80180b,IGO910  ,India,1775558086.0,1775558090,83.4678,25.5242,10668.0,False,274.11,118.1,-0.33,,11010.9,,False,0
801823,IGO611H ,India,1775558092.0,1775558092,73.2106,18.5503,3169.92,False,140.57,336.72,-9.75,,3253.74,,False,0
8005b9,VTBRS   ,India,1775558092.0,1775558092,75.2649,19.9699,10629.9,False,230.14,242.0,-8.45,,11209.02,,False,0
7020ae,AWA448  ,Bangladesh,1775558092.0,1775558092,91.4562,22.6601,4274.82,False,127.37,316.64,0.0,,4389.12,5567,False,0
7020b8,UBG152  ,Bangladesh,1775558090.0,1775558090,90.328,23.9638,502.92,False,94.74,259.36,0.33,,403.86,5557,False,0
7020b4,UBG206  ,Bangladesh,1775558090.0,1775558091,89.5841,23.34,5753.1,False,228.18,57.24,-13.33,,5928.36,0625,False,0
7020c2,UBG361  ,Bangladesh,1775558090.0,1775558090,88.4024,22.6813,9037.32,False,211.89,266.24,3.58,,9387.84,4747,False,0
8004df,AIC188  ,India,1775558092.0,1775558092,76.395,28.374,3710.94,False,184.74,63.36,-6.83,,3756.66,,False,0
8017e5,IGO764V ,India,1775558092.0,1775558092,76.1705,27.3143,11399.52,False,193.66,211.2,4.23,,11811.0,,False,0
8017f2,IGO349  ,India,1775558092.0,1775558092,74.9927,25.9117,10058.4,False,244.33,38.25,0.0,,10431.78,,False,0
80073b,AIC313  ,India,1775558092.0,1775558092,82.0222,26.4589,11574.78,False,200.99,286.81,0.33,,11955.78,5046,False,0
8830f4,TLM767  ,Thailand,1775558076.0,1775558076,99.5126,10.8615,10058.4,False,230.34,32.41,0.0,,10721.34,,False,0
8963e0,UAE46F  ,United Arab Emirates,1775558090.0,1775558091,86.0732,23.0894,10668.0,False,297.89,86.53,0.0,,11109.96,6201,False,0
4bb152,THY6263 ,Turkey,1775558092.0,1775558092,79.5567,27.9941,9144.0,False,235.21,317.48,0.0,,9380.22,,False,0
781cdf,HYT9068 ,China,1775558091.0,1775558091,86.8211,22.6555,10668.0,False,286.62,88.66,0.0,,11132.82,3056,False,0
8007cf,IGO516  ,India,1775558092.0,1775558092,77.5906,13.2448,2674.62,False,112.6,10.8,4.55,,2720.34,,False,0
896474,UAE380  ,United Arab Emirates,1775558051.0,1775558051,93.4311,22.4746,11887.2,False,290.87,82.07,0.33,,12458.7,6212,False,0
89661e,,United Arab Emirates,1775557967.0,1775558033,76.618,9.9466,12496.8,False,243.58,129.95,0.0,,13114.02,,False,0
8008c3,IGO595W ,India,1775557906.0,1775557907,74.8177,17.2279,9768.84,False,227.35,314.91,-18.53,,10317.48,,False,0
896617,UAE9783 ,United Arab Emirates,1775558092.0,1775558092,85.6606,22.7615,9753.6,False,213.83,278.58,0.0,,10157.46,5165,False,0
885963,TVJ416  ,Thailand,1775558084.0,1775558085,99.5596,10.9057,10972.8,False,232.69,192.25,0.0,,11666.22,,False,0
781ec1,CSC9648 ,China,1775558092.0,1775558092,73.866,19.6844,8732.52,False,253.83,62.08,5.2,,9159.24,,False,0
750260,MAS156  ,Malaysia,1775558073.0,1775558087,75.6735,11.3226,11582.4,False,244.56,303.59,0.0,,12230.1,,False,0
8832d5,TLM812  ,Thailand,1775558092.0,1775558092,99.8191,13.1361,7475.22,False,227.08,185.98,5.2,,7932.42,,False,0
8832d6,TLM509  ,Thailand,1775557803.0,1775557803,99.4611,17.8127,8023.86,False,207.43,162.24,9.1,,7879.08,,False,0
76cd76,SIA326  ,Singapore,1775558093.0,1775558093,78.3774,29.0202,9144.0,False,251.12,301.77,0.0,,9357.36,,False,0
76cd77,SIA406  ,Singapore,1775558092.0,1775558092,99.2837,12.054,11582.4,False,251.25,332.7,0.0,,12298.68,,False,0
899081,EVA067  ,Taiwan,1775557887.0,1775557887,74.3607,31.5116,9144.0,False,260.98,304.32,0.0,,9288.78,,False,0
78021a,CPA2045 ,China,1775558092.0,1775558092,78.9394,28.111,8100.06,False,194.53,298.6,-5.2,,8275.32,,False,0
a80e46,UPS9    ,United States,1775558021.0,1775558021,74.7427,31.376,9753.6,False,253.27,324.34,0.0,,9936.48,,False,0
86ef8e,ANA829  ,Japan,1775558092.0,1775558092,85.1298,22.2764,11780.52,False,209.58,257.67,4.23,,12329.16,5050,False,0
040249,ETH3632 ,Ethiopia,1775557806.0,1775557806,71.253,18.3882,9738.36,False,237.05,227.55,5.53,,10111.74,,False,0
49d276,SEJ693  ,Czech Republic,1775558092.0,1775558092,73.001,19.0903,708.66,False,80.26,269.27,-4.23,,662.94,,False,0
880c52,AIQ3331 ,Thailand,1775558092.0,1775558092,99.965,13.7124,4130.04,False,172.49,209.09,12.03,,4343.4,,False,0
801396,AIC5CX  ,India,1775558019.0,1775558028,83.861,22.0024,11574.78,False,194.46,257.47,0.33,,12123.42,1416,False,0
801405,IGO295C ,India,1775558093.0,1775558093,82.3065,25.7848,3451.86,False,179.93,108.85,-5.53,,3520.44,,False,0
801410,IGO687C ,India,1775558079.0,1775558092,72.769,19.153,2232.66,False,145.83,20.22,10.08,,2270.76,,False,0
801411,IGO43F  ,India,1775558092.0,1775558092,76.8673,28.1351,4625.34,False,169.16,209.92,8.45,,4686.3,,False,0
801441,AIC4EK  ,India,1775558093.0,1775558093,75.0965,25.6165,10965.18,False,196.34,241.69,-0.65,,11414.76,,False,0
801455,IGO12AJ ,India,1775557823.0,1775557867,85.9625,26.3154,11582.4,False,204.52,276.5,0.0,,11948.16,2056,True,0
80140c,IGO319P ,India,1775558091.0,1775558091,73.3227,19.1481,2164.08,False,130.03,244.96,-5.53,,2194.56,,False,0
80140b,IGO5072 ,India,1775558092.0,1775558092,77.1437,28.534,495.3,False,74.12,283.65,-3.58,,419.1,,False,0
801419,        ,India,1775557838.0,1775557838,77.6856,12.9613,967.74,False,31.42,272.82,-2.93,,899.16,,False,0
801424,AIC238  ,India,1775558091.0,1775558091,83.1334,26.0895,10363.2,False,204.82,288.75,0.33,,10683.24,4756,False,0
80141d,AIC6LR  ,India,1775558090.0,1775558090,76.8389,26.517,10706.1,False,254.86,177.69,5.2,,11071.86,,False,0
801432,IGO6309 ,India,1775558091.0,1775558091,88.2329,22.9039,6560.82,False,179.17,2.3,8.45,,6766.56,1356,False,0
801435,AXB1056 ,India,1775558090.0,1775558090,83.6317,24.3572,10972.8,False,195.35,314.68,0.0,,11414.76,,False,0
801460,IGO1070 ,India,1775558088.0,1775558088,80.9124,26.7512,10988.04,False,181.49,300.49,0.0,,11315.7,,False,0
801470,IGO6003 ,India,1775558092.0,1775558092,77.6148,13.4442,4998.72,False,187.97,15.56,3.9,,5212.08,,False,0
80148e,IGO614  ,India,1775558092.0,1775558092,77.4057,29.8926,8519.16,False,197.09,195.6,5.53,,8717.28,,False,0
80149e,IGO542M ,India,1775558092.0,1775558092,72.7838,18.6849,4274.82,False,199.33,162.73,11.38,,4404.36,,False,0
88504e,,Thailand,1775558092.0,1775558092,98.9631,18.7767,480.06,False,80.77,0.73,6.5,,388.62,,False,0
801525,VTPCR   ,India,1775558092.0,1775558092,77.2407,25.4635,12192.0,False,207.45,358.01,0.33,,12672.06,,False,0
801509,AKJ1141 ,India,1775558090.0,1775558090,88.2039,24.9841,11277.6,False,264.75,69.17,0.33,,11666.22,1475,False,0
80154d,IGO274E ,India,1775558092.0,1775558092,75.6085,26.6119,10370.82,False,212.74,213.96,-0.33,,10744.2,,False,0
801569,IGO323  ,India,1775558092.0,1775558092,88.5143,21.8249,11209.02,False,232.73,159.96,2.93,,11727.18,1302,False,0
80155b,IGO139C ,India,1775558092.0,1775558092,77.332,11.6673,9959.34,False,236.31,203.89,6.5,,10485.12,,False,0
801571,IGO7309 ,India,1775557990.0,1775557992,91.8421,25.0508,4869.18,False,134.39,168.52,0.33,,4975.86,,False,0
80152f,IGO967  ,India,1775558092.0,1775558093,84.7821,22.5337,11506.2,False,193.42,279.34,3.9,,12047.22,1421,False,0
801548,AKJ1106 ,India,1775558089.0,1775558090,72.6369,18.9068,4076.7,False,152.98,87.11,-4.88,,4221.48,,False,0
801553,AIC6LH  ,India,1775558092.0,1775558092,76.5632,27.8489,7223.76,False,178.0,216.54,8.45,,7391.4,,False,0
801551,IGO556K ,India,1775558073.0,1775558073,75.8236,19.3363,9418.32,False,236.76,130.68,6.83,,9867.9,,False,0
801552,AIC2116 ,India,1775558092.0,1775558092,79.4059,27.9119,9753.6,False,218.71,316.62,-5.2,,10027.92,,False,0
80159e,AIC116  ,India,1775558064.0,1775558083,72.4079,18.7236,4831.08,False,161.62,47.06,-5.53,,5013.96,,False,0
80159a,IGO1158 ,India,1775558091.0,1775558092,82.055,26.3638,10370.82,False,215.84,228.87,0.33,,10683.24,,False,0
80156c,IGO6739 ,India,1775558049.0,1775558050,78.0778,13.3993,3025.14,False,137.87,157.17,-4.55,,3108.96,,False,0
80157c,AKJ1819 ,India,1775558093.0,1775558093,75.7785,27.7176,7269.48,False,208.67,26.5,-4.55,,7437.12,,False,0
801595,AXB1617 ,India,1775557997.0,1775558001,74.1549,18.3659,2667.0,False,136.09,93.68,-5.53,,2727.96,,False,0
801590,AXB1081 ,India,1775558092.0,1775558092,76.8227,28.5472,3909.06,False,147.48,173.79,13.98,,3939.54,,False,0
801594,AXB1340 ,India,1775558092.0,1775558093,73.1666,18.7861,10668.0,False,231.22,354.0,0.0,,11277.6,,False,0
8013c3,AIC357  ,India,1775558091.0,1775558091,89.9731,24.1616,11574.78,False,211.65,282.92,0.0,,12039.6,1031,False,0
8013b1,AIC6ME  ,India,1775557766.0,1775557781,77.1259,28.5379,403.86,False,68.25,283.51,-3.58,,312.42,,False,0
8013fe,AIC5SA  ,India,1775558092.0,1775558092,76.001,28.5011,10058.4,False,242.98,16.86,0.0,,10309.86,,False,0
8013e3,IGO7517 ,India,1775558092.0,1775558093,76.6685,29.7384,3169.92,False,116.68,216.21,-2.93,,3154.68,,False,0
8013dc,IGO2519 ,India,1775558063.0,1775558063,77.8802,13.1881,1737.36,False,87.46,270.67,-3.25,,1783.08,,False,0
8013da,IGO925  ,India,1775558091.0,1775558092,83.0759,26.0058,9761.22,False,194.02,291.46,-0.33,,10050.78,,False,0
8013ed,AIC2382 ,India,1775558028.0,1775558029,87.704,18.4791,10058.4,False,252.16,147.41,0.0,,10614.66,6356,False,0
8013ea,AIC1QA  ,India,1775558092.0,1775558092,76.3198,27.3888,10363.2,False,223.74,204.74,0.0,,10698.48,,False,0
88044f,AIQ5420 ,Thailand,1775558035.0,1775558035,99.4336,17.8288,7962.9,False,205.7,154.2,5.2,,8481.06,,False,0
880454,AIQ253  ,Thailand,1775558092.0,1775558092,99.2041,14.7052,8618.22,False,207.36,310.17,9.75,,9159.24,,False,0
880455,AIQ3074 ,Thailand,1775558092.0,1775558092,99.9305,13.5181,11590.02,False,234.12,190.12,0.0,,12344.4,,False,0
151db8,AFL273  ,Russian Federation,1775558090.0,1775558092,75.4984,31.1105,10363.2,False,240.79,289.21,0.0,,10568.94,,False,0
151dad,AFL275  ,Russian Federation,1775558092.0,1775558092,78.7221,28.7233,10363.2,False,231.47,318.69,0.0,,10622.28,,False,0
7821a0,CSS155  ,China,1775558093.0,1775558093,89.2217,24.1171,9144.0,False,208.91,277.07,0.0,,9433.56,0504,False,0
151d76,AZV2971 ,Russian Federation,1775558092.0,1775558092,99.7175,11.2657,10363.2,False,240.2,199.91,0.0,,10972.8,,False,0
151d46,AZV2502 ,Russian Federation,1775558090.0,1775558091,88.9079,21.427,9753.6,False,226.78,322.56,0.33,,10149.84,5541,False,0
70c109,OMA318  ,Oman,1775558092.0,1775558092,90.1086,23.8545,4549.14,False,162.69,297.7,9.1,,4655.82,4751,False,0
7c1472,QFA67   ,Australia,1775557812.0,1775557812,79.0767,13.1898,6682.74,False,217.16,303.99,-12.03,,7101.84,,False,0
880843,AIQ4108 ,Thailand,1775558092.0,1775558092,99.0206,18.0808,3063.24,False,156.34,346.1,-11.05,,3268.98,,False,0
70c0fb,OMA284  ,Oman,1775557915.0,1775557922,72.4849,15.6747,10972.8,False,229.44,297.94,0.0,,11590.02,,False,0
86ebfa,ANA837  ,Japan,1775558090.0,1775558091,80.9208,26.7636,8526.78,False,236.16,278.52,-0.65,,8770.62,5675,False,0
7812dc,CCA821  ,China,1775558007.0,1775558091,99.3948,10.1407,10972.8,False,232.91,192.5,0.0,,11666.22,,False,0
507c71,QNT2232 ,Uzbekistan,1775558091.0,1775558091,81.6076,26.5147,10363.2,False,191.47,290.77,0.0,,10668.0,,False,0
76cda3,SIA338  ,Singapore,1775558092.0,1775558092,82.8688,25.4512,10972.8,False,207.23,306.22,0.0,,11437.62,0146,False,0
8940a1,,Bahrain,1775558088.0,1775558088,76.2094,19.3939,11582.4,False,231.45,280.76,0.0,,12192.0,,False,0
8966a9,ETD420  ,United Arab Emirates,1775558088.0,1775558089,98.6412,15.5202,10668.0,False,242.31,128.62,0.0,,11330.94,,False,0
750424,MXD183  ,Malaysia,1775558092.0,1775558092,89.5781,19.8408,11277.6,False,238.38,159.14,-0.33,,11864.34,2512,False,0
7000a1,AFG312  ,Afghanistan,1775557803.0,1775557804,74.4786,31.4207,10980.42,False,228.13,313.81,-0.33,,11178.54,,False,0
75054f,MAS171  ,Malaysia,1775558059.0,1775558059,98.4734,13.0245,11277.6,False,238.62,143.95,0.0,,11978.64,,False,0
750556,MAS173  ,Malaysia,1775558092.0,1775558092,86.5818,19.4153,10668.0,False,264.94,133.27,-0.33,,11224.26,0573,False,0
750548,XAX600  ,Malaysia,1775558092.0,1775558092,74.4443,31.4736,12192.0,False,223.3,320.52,0.0,,12473.94,,False,0
881058,NOK546  ,Thailand,1775558092.0,1775558092,99.8097,12.7992,9067.8,False,231.12,192.86,6.5,,9631.68,,False,0
3c4585,BOX720  ,Germany,1775558092.0,1775558092,75.9462,28.3768,5890.26,False,217.63,78.13,-4.88,,5989.32,,False,0
3c4596,BOX584  ,Germany,1775557774.0,1775558075,78.0555,13.3687,2865.12,False,121.98,118.19,-5.85,,2926.08,,False,0
800c38,IGO5302 ,India,1775558092.0,1775558092,74.265,19.4091,8138.16,False,215.82,226.84,-4.88,,8549.64,,False,0
800c42,AIC5DZ  ,India,1775558092.0,1775558092,73.171,18.9282,2575.56,False,110.7,87.6,-2.93,,2628.9,,False,0
800c3c,AIC6AC  ,India,1775558092.0,1775558092,86.6957,23.3167,10774.68,False,287.54,102.82,-17.23,,11247.12,0250,False,0
800c3e,AIC186  ,India,1775558088.0,1775558088,86.5922,25.0232,11582.4,False,217.18,292.86,0.0,,12001.5,2672,False,0
800c11,IGO616C ,India,1775558092.0,1775558092,77.4789,11.8615,10683.24,False,241.58,207.11,0.0,,11300.46,,False,0
800c16,IGO6713 ,India,1775558088.0,1775558088,78.0975,30.1188,1943.1,False,120.69,211.05,19.51,,1851.66,,False,0
800c87,AIC2388 ,India,1775558090.0,1775558091,89.8642,20.4537,10668.0,False,257.22,126.87,0.33,,11209.02,0551,False,0
800c86,AIC219  ,India,1775558090.0,1775558090,81.1107,26.9674,11269.98,False,290.17,89.29,0.0,,11612.88,,False,0
800c52,VTBVV   ,India,1775557856.0,1775557902,73.4239,26.5963,12192.0,False,201.56,226.03,0.65,,12702.54,,False,0
800c65,IGO7455 ,India,1775557931.0,1775557931,73.4682,17.6634,4876.8,False,117.73,350.95,-0.33,,5135.88,,False,0
710053,,Saudi Arabia,1775558048.0,1775558059,74.8359,14.4483,10058.4,False,266.94,117.8,0.0,,10622.28,,False,0
800d10,IGO515  ,India,1775558089.0,1775558092,79.9808,27.6014,9121.14,False,214.61,320.74,2.28,,9372.6,,False,0
800d09,IGO5338 ,India,1775558092.0,1775558092,75.6055,25.3739,11582.4,False,210.42,218.75,0.0,,12077.7,,False,0
800d08,SEJ2451 ,India,1775558092.0,1775558092,76.8187,30.7196,6400.8,False,152.28,143.52,-0.33,,6537.96,,False,0
800d31,VTHCA   ,India,1775558092.0,1775558092,77.3871,29.2365,3345.18,False,105.76,160.68,0.65,,3337.56,,False,0
800d34,IGO6560 ,India,1775558092.0,1775558092,79.7105,27.6535,10363.2,False,190.23,310.06,-0.65,,10645.14,,False,0
800d2c,IGO2417 ,India,1775558091.0,1775558091,82.0937,26.4397,10965.18,False,187.84,286.55,0.98,,11308.08,,False,0
800d37,IGO5041 ,India,1775558093.0,1775558093,77.5557,28.0273,6522.72,False,214.04,120.63,14.96,,6667.5,,False,0
800d8b,AXB1085 ,India,1775558090.0,1775558090,90.7192,25.9979,7117.08,False,228.53,112.64,-17.88,,7345.68,6354,False,0
800bc8,SEJ757  ,India,1775558093.0,1775558093,77.9559,28.5268,3779.52,False,136.55,266.76,-6.5,,3848.1,,False,0
800bbb,VTARC   ,India,1775558090.0,1775558090,87.6057,25.4436,11582.4,False,257.79,165.44,0.0,,11978.64,0467,False,0
800bb5,IGO2614 ,India,1775558092.0,1775558092,78.3824,27.7594,10370.82,False,268.07,111.15,2.93,,10660.38,,False,0
800bef,AIC5FW  ,India,1775558092.0,1775558092,72.9046,19.0892,198.12,False,60.71,269.03,-2.28,,114.3,,False,0
800bfa,AIC2304 ,India,1775558091.0,1775558091,81.1479,26.5595,10675.62,False,286.9,116.98,0.65,,10980.42,,False,0
800be6,AIC5PB  ,India,1775558092.0,1775558092,77.2586,24.9928,11582.4,False,206.96,353.86,0.0,,12047.22,,False,0
3c5642,BOX542  ,Germany,1775558092.0,1775558092,74.4503,28.2326,10668.0,False,308.88,96.12,0.0,,10995.66,,False,0
800cdc,IGO302  ,India,1775558072.0,1775558072,77.037,14.1273,8465.82,False,219.65,147.72,-10.4,,9128.76,,False,0
800cbf,IGO5AP  ,India,1775558093.0,1775558093,81.0658,26.7655,830.58,False,90.73,282.78,0.33,,769.62,,False,0
800cc9,,India,1775557895.0,1775557897,84.2424,20.9025,10180.32,False,216.41,348.34,2.6,,10759.44,,False,0
800cc8,AIC4EL  ,India,1775558092.0,1775558092,77.667,13.5513,11277.6,False,235.45,183.13,0.0,,11925.3,,False,0
800cee,IGO6461 ,India,1775558092.0,1775558092,76.5449,30.5544,9288.78,False,209.88,156.45,-8.45,,9494.52,,False,0
800cfe,AIC2256 ,India,1775558088.0,1775558089,75.0813,25.9616,10668.0,False,242.73,39.32,0.33,,11087.1,,False,0
80162c,AXB1562 ,India,1775559099.0,1775559099,88.8737,25.9925,11582.4,False,202.41,277.59,0.0,,11963.4,2605,False,0
80162d,AXB1038 ,India,1775559099.0,1775559099,77.7028,28.5543,2339.34,False,137.09,273.44,-4.23,,2331.72,,False,0
801640,AIC2356 ,India,1775559099.0,1775559099,87.763,24.2852,10972.8,False,202.61,310.16,0.0,,11376.66,6131,False,0
80162e,AIC5EY  ,India,1775559099.0,1775559099,77.2229,25.9475,11506.2,False,213.08,358.2,-5.53,,11963.4,,False,0
801657,AIC4CM  ,India,1775559099.0,1775559100,87.3737,26.173,10668.0,False,266.93,97.86,0.0,,10965.18,0547,False,0
80163f,AIC6GB  ,India,1775559100.0,1775559100,76.5215,28.43,3962.4,False,174.62,63.59,0.0,,4008.12,,False,0
801623,AXB1514 ,India,1775559099.0,1775559099,78.402,26.6357,8656.32,False,193.08,279.66,-5.2,,8923.02,,False,0
80161c,AXB1243 ,India,1775559099.0,1775559100,74.2806,19.5326,7086.6,False,198.64,253.91,-11.7,,7421.88,,False,0
80161a,IGO6914 ,India,1775559073.0,1775559074,91.9801,25.556,3436.62,False,109.61,271.34,-3.9,,3497.58,,False,0
801625,AIC2384 ,India,1775559100.0,1775559100,87.3526,19.087,10066.02,False,247.96,150.14,0.0,,10591.8,0507,False,0
801629,IGO7223 ,India,1775559099.0,1775559099,77.6845,13.4376,2781.3,False,106.73,56.0,2.28,,2827.02,,False,0
80167d,AXB1354 ,India,1775559099.0,1775559099,84.4091,20.5408,10668.0,False,247.93,40.03,0.33,,11224.26,0222,False,0
80167e,AIC4AK  ,India,1775559099.0,1775559099,76.8143,25.3852,11894.82,False,248.58,175.97,0.0,,12390.12,,False,0
80164b,IGO79MA ,India,1775559097.0,1775559099,76.7798,28.4264,2743.2,False,143.1,196.28,0.0,,2735.58,,False,0
80164f,AIC4GV  ,India,1775559096.0,1775559099,77.3862,28.229,2438.4,False,117.7,48.37,0.0,,2430.78,,False,0
801663,IGO214J ,India,1775559097.0,1775559099,76.8772,25.6332,10668.0,False,252.27,177.78,0.0,,11087.1,,False,0
801667,AIC6FJ  ,India,1775559099.0,1775559099,73.1353,19.0922,1226.82,False,97.24,269.39,-2.6,,1203.96,,False,0
801672,AIC5WH  ,India,1775559098.0,1775559099,77.0693,28.4337,1562.1,False,110.73,140.47,0.33,,1516.38,,False,0
80169d,IGO6264 ,India,1775559098.0,1775559099,73.0428,18.3347,10668.0,False,232.69,357.85,0.0,,11269.98,,False,0
80169e,AKJ1140 ,India,1775559099.0,1775559099,72.9434,19.0898,403.86,False,71.0,270.42,-3.25,,335.28,,False,0
8014e4,IGO624  ,India,1775559098.0,1775559098,75.7538,12.5301,11292.84,False,234.69,156.08,-0.33,,11925.3,,False,0
8014db,AIC5ZY  ,India,1775559099.0,1775559099,77.2896,28.3735,2186.94,False,106.9,99.42,-6.5,,2171.7,,False,0
8014f5,VTFTO   ,India,1775558853.0,1775558853,76.7499,12.1965,2613.66,False,47.56,285.69,-1.63,,2667.0,,False,0
8014f3,AIC5TX  ,India,1775558973.0,1775558973,72.5192,19.7103,6126.48,False,184.32,328.35,17.56,,6393.18,,False,0
8014ba,VTSFU   ,India,1775559099.0,1775559099,73.1399,18.9177,12489.18,False,217.25,354.02,0.0,,13136.88,,False,0
8014d8,IGO6393 ,India,1775559074.0,1775559074,76.454,30.6554,1866.9,False,101.44,49.52,-6.83,,1889.76,,False,0
801606,AXB2891 ,India,1775559099.0,1775559099,73.1784,18.8681,11635.74,False,246.33,149.36,4.88,,12268.2,,False,0
801609,VTPMO   ,India,1775559099.0,1775559099,87.9185,26.0723,11071.86,False,214.94,215.06,-13.0,,11384.28,0466,False,0
801613,AXB1168 ,India,1775559100.0,1775559100,76.7397,27.6912,11269.98,False,251.02,169.01,0.33,,11650.98,,False,0
80174a,IGO69TA ,India,1775559099.0,1775559099,73.2402,19.2682,3200.4,False,124.93,257.39,-3.9,,3291.84,,False,0
801759,IGO357Y ,India,1775559071.0,1775559071,76.9051,24.9739,10675.62,False,261.52,177.86,0.33,,11117.58,,False,0
80175f,IGO1089 ,India,1775559100.0,1775559100,73.8415,18.5079,7277.1,False,236.57,112.77,10.08,,7627.62,,False,0
800441,AIC2JL  ,India,1775559099.0,1775559099,72.8503,18.4685,4884.42,False,210.84,161.65,17.88,,5074.92,,False,0
801778,IGO770H ,India,1775559099.0,1775559099,76.8402,26.478,10668.0,False,249.18,177.75,0.0,,11064.24,,False,0
801739,VTJMR   ,India,1775559096.0,1775559096,72.651,19.1709,5242.56,False,199.44,144.34,-3.9,,5463.54,,False,0
801785,AKJ619  ,India,1775559095.0,1775559097,76.0521,19.4279,10363.2,False,207.98,280.11,0.0,,10911.84,,False,0
801786,AKJ1124 ,India,1775558897.0,1775558918,81.2015,25.1771,6385.56,False,192.67,219.26,6.5,,6545.58,,False,0
801787,VTRRP   ,India,1775558810.0,1775558810,77.6035,13.0736,1043.94,False,34.2,21.16,-1.63,,937.26,,False,0
80177b,AXB6118 ,India,1775559099.0,1775559099,73.0616,18.8257,3116.58,False,146.98,130.88,-4.23,,3208.02,,False,0
801793,IGO105W ,India,1775559091.0,1775559091,75.736,20.36,10058.4,False,261.88,74.27,0.0,,10607.04,,False,0
801792,IGO1052 ,India,1775559099.0,1775559100,74.8493,19.5769,10165.08,False,201.12,275.73,-3.58,,10721.34,,False,0
8016a6,AIC4FC  ,India,1775559099.0,1775559099,77.8453,28.6386,3627.12,False,126.34,222.52,-4.23,,3665.22,,False,0
8016a7,AIC6KU  ,India,1775558924.0,1775558924,75.1889,25.1209,10363.2,False,230.36,205.25,0.0,,10805.16,,False,0
8016a4,IGO726  ,India,1775558948.0,1775558948,75.7979,19.3556,8831.58,False,273.74,128.05,1.63,,9273.54,,False,0
8016a5,IGO1114 ,India,1775558985.0,1775558990,84.3313,19.5397,11597.64,False,230.05,209.03,0.0,,12222.48,4705,False,0
76b862,TGW675  ,Singapore,1775559078.0,1775559080,98.9627,18.8096,944.88,False,101.36,359.13,13.66,,891.54,,False,0
8015c0,IGO674  ,India,1775559099.0,1775559099,73.1783,18.8242,2773.68,False,115.97,3.56,-1.95,,2842.26,,False,0
8015c3,VTSSR   ,India,1775559098.0,1775559098,78.5658,14.0643,11056.62,False,231.89,124.61,-10.73,,11696.7,,False,0
8015d3,IGO993E ,India,1775559097.0,1775559097,77.8005,13.1888,1310.64,False,72.54,270.0,-3.58,,1432.56,,False,0
8015d1,IGO4VP  ,India,1775559096.0,1775559096,77.4897,11.8827,4876.8,False,130.68,207.17,0.0,,5052.06,,False,0
8015d7,VTSBS   ,India,1775559097.0,1775559097,77.9081,27.9696,1249.68,False,58.14,271.01,-0.65,,1203.96,,False,0
8015d9,IGO6532 ,India,1775559098.0,1775559098,77.8938,13.188,1844.04,False,94.17,271.25,-5.85,,1836.42,,False,0
8015b8,IGO226Y ,India,1775559097.0,1775559097,76.8266,27.9199,6096.0,False,197.27,182.84,9.43,,6271.26,,False,0
8015fc,IGO301P ,India,1775559099.0,1775559099,90.363,23.6764,6126.48,False,208.16,118.97,-13.98,,6316.98,0562,False,0
8015e4,IGO525  ,India,1775559099.0,1775559099,89.9139,23.2046,9753.6,False,191.99,265.39,0.33,,10142.22,3307,False,0
8015e6,IGO615C ,India,1775559098.0,1775559098,72.7648,18.7136,4099.56,False,213.29,161.0,9.75,,4221.48,,False,0
8015da,IGO2589 ,India,1775559023.0,1775559023,84.357,25.1172,10668.0,False,267.37,119.13,0.33,,11026.14,,False,0
88530a,THA217  ,Thailand,1775559098.0,1775559099,99.7515,11.5514,10972.8,False,225.46,194.13,0.33,,11689.08,,False,0
801723,IGO848  ,India,1775559099.0,1775559099,77.7143,11.471,6446.52,False,214.17,55.97,6.83,,6751.32,,False,0
80187c,IGO5936 ,India,1775559099.0,1775559099,85.6605,24.1934,11582.4,False,220.92,214.95,-0.33,,12047.22,1447,False,0
801861,IGO724F ,India,1775559095.0,1775559098,76.8431,28.2117,4152.9,False,175.16,183.03,12.68,,4213.86,,False,0
801864,IGO274P ,India,1775559049.0,1775559065,85.0446,19.5314,10980.42,False,214.91,251.0,0.0,,11590.02,2632,False,0
80185f,IGO163K ,India,1775559096.0,1775559099,77.5882,13.2994,2110.74,False,142.85,340.65,17.56,,2125.98,,False,0
80058a,AIC5VU  ,India,1775559099.0,1775559099,82.4917,25.6802,3848.1,False,149.3,307.58,14.31,,3909.06,,False,0
8960ec,UAE362  ,United Arab Emirates,1775559098.0,1775559099,87.4099,23.3484,12496.8,False,278.9,117.7,-0.33,,13053.06,6226,False,0
8017a8,VTPVS   ,India,1775559099.0,1775559099,73.5312,19.5077,2286.0,False,73.32,59.66,-0.33,,2308.86,,False,0
8960dc,UAE507  ,United Arab Emirates,1775559097.0,1775559097,72.7815,19.0875,1028.7,False,90.54,269.67,5.2,,998.22,,False,0
8016e1,IGO1421 ,India,1775559078.0,1775559079,69.5574,18.4185,10972.8,False,221.74,263.2,0.0,,11597.64,,False,0
8016da,IGO338C ,India,1775559099.0,1775559099,75.7933,26.4918,10363.2,False,206.77,202.99,0.0,,10744.2,,False,0
8016af,AXB1540 ,India,1775559051.0,1775559077,77.8468,14.1655,8031.48,False,192.95,17.86,3.58,,8450.58,,False,0
8016c8,AXB1671 ,India,1775559099.0,1775559099,72.9753,19.211,3657.6,False,138.55,92.77,0.33,,3771.9,,False,0
8016c7,AXB2882 ,India,1775558844.0,1775558858,78.0842,13.3896,3962.4,False,139.65,127.97,-5.85,,4099.56,,False,0
8016cc,AXB2718 ,India,1775559099.0,1775559099,77.8968,13.3617,4465.32,False,139.76,61.17,-6.18,,4648.2,,False,0
8016d7,IGO262F ,India,1775559026.0,1775559026,78.1971,13.5326,4503.42,False,145.0,94.48,-4.23,,4709.16,,False,0
896197,UAE372  ,United Arab Emirates,1775559099.0,1775559099,89.1794,21.6342,12496.8,False,292.44,102.5,0.33,,13075.92,6211,False,0
801839,IGO6226 ,India,1775559099.0,1775559099,77.4292,29.7922,3924.3,False,193.65,50.39,-7.48,,3992.88,,False,0
801850,IGO1862 ,India,1775559022.0,1775559022,77.7622,13.1891,1112.52,False,74.08,270.4,-4.23,,1043.94,,False,0
800520,AIC2KP  ,India,1775558886.0,1775558886,75.714,17.8,11285.22,False,252.05,114.73,0.0,,11902.44,,False,0
801851,IGO316P ,India,1775559098.0,1775559098,76.1378,27.0854,10965.18,False,212.54,204.15,0.33,,11361.42,,False,0
80180b,IGO910  ,India,1775559099.0,1775559099,85.8803,24.3158,10668.0,False,273.43,119.41,-0.65,,11056.62,0544,False,0
80180e,IGO392C ,India,1775559099.0,1775559099,72.9857,18.0862,7345.68,False,242.03,149.89,10.4,,7703.82,,False,0
801823,IGO611H ,India,1775559073.0,1775559073,72.8809,19.0889,76.2,False,63.28,269.53,-2.93,,-7.62,,False,0
801831,AKJ1509 ,India,1775559099.0,1775559099,85.6485,19.7243,11277.6,False,266.36,78.3,0.0,,11864.34,2705,False,0
47b12e,NBT192  ,Norway,1775559058.0,1775559058,91.3634,19.3815,9753.6,False,234.49,307.42,0.0,,10302.24,6143,False,0
8005b9,VTBRS   ,India,1775559099.0,1775559099,73.6997,19.3324,4434.84,False,132.16,241.14,-7.48,,4579.62,,False,0
7020ae,AWA448  ,Bangladesh,1775559099.0,1775559099,90.7869,23.4839,3893.82,False,98.97,337.7,-2.93,,3977.64,5567,False,0
7020c2,UBG361  ,Bangladesh,1775559099.0,1775559099,86.402,22.7159,10972.8,False,204.76,279.98,0.0,,11468.1,4747,False,0
8004df,AIC188  ,India,1775559089.0,1775559099,77.1432,28.5341,502.92,False,79.48,283.86,-3.9,,419.1,,False,0
8017e5,IGO764V ,India,1775559096.0,1775559098,75.3285,25.6102,11574.78,False,212.61,200.54,0.65,,12077.7,,False,0
8017f2,IGO349  ,India,1775559099.0,1775559099,75.8636,27.7759,7650.48,False,193.17,21.23,-5.85,,7825.74,,False,0
884205,BKP277  ,Thailand,1775559099.0,1775559099,99.7663,12.6311,8458.2,False,215.87,187.53,2.93,,9029.7,,False,0
781be6,CSC3923 ,China,1775559094.0,1775559097,92.6819,22.375,10363.2,False,191.56,262.28,0.0,,10835.64,1500,False,0
896316,UAE328  ,United Arab Emirates,1775559099.0,1775559099,84.3551,22.9553,11277.6,False,295.77,94.69,0.0,,11788.14,6205,False,0
80073b,AIC313  ,India,1775559099.0,1775559099,80.2511,27.2478,11582.4,False,195.3,310.19,0.0,,11932.92,5046,False,0
800742,AIC2664 ,India,1775559099.0,1775559099,76.7886,27.1134,8724.9,False,236.74,181.62,7.8,,8968.74,,False,0
8963e0,UAE46F  ,United Arab Emirates,1775559099.0,1775559099,88.9851,22.9796,8633.46,False,264.87,57.45,-8.78,,8961.12,6201,False,0
4bb152,THY6263 ,Turkey,1775559099.0,1775559099,77.841,29.6489,9144.0,False,255.27,323.52,0.0,,9364.98,,False,0
8007b0,IGO394  ,India,1775559099.0,1775559099,88.1722,22.5599,4434.84,False,148.51,279.17,14.96,,4526.28,2644,False,0
781cdf,HYT9068 ,China,1775559099.0,1775559099,89.6024,22.5206,10675.62,False,282.36,96.8,1.63,,11140.44,3056,False,0
8007cf,IGO516  ,India,1775558858.0,1775558858,77.5671,14.5454,9989.82,False,215.34,349.82,9.43,,10553.7,,False,0
885973,TVJ109  ,Thailand,1775558881.0,1775558881,99.0842,18.6987,3177.54,False,134.83,154.22,14.31,,3139.44,,False,0
89661e,UAE654  ,United Arab Emirates,1775559099.0,1775559099,78.5348,8.3594,8328.66,False,219.67,127.0,-9.1,,8763.0,,False,0
781ec1,CSC9648 ,China,1775558876.0,1775558876,75.6811,20.3455,11887.2,False,264.86,74.45,0.0,,12481.56,,False,0
8832d5,TLM812  ,Thailand,1775559099.0,1775559099,99.7125,10.9846,10363.2,False,238.21,197.34,0.0,,11033.76,,False,0
76cd76,SIA326  ,Singapore,1775559098.0,1775559098,76.1055,30.2438,9144.0,False,257.61,309.57,0.0,,9319.26,,False,0
152036,AFL599  ,Russian Federation,1775559099.0,1775559099,99.7817,14.5067,10363.2,False,245.3,310.24,0.0,,11018.52,,False,0
040156,ETH3751 ,Ethiopia,1775559098.0,1775559099,78.7634,13.1158,9753.6,False,253.09,275.13,0.0,,10302.24,,False,0
78021a,CPA2045 ,China,1775559099.0,1775559099,77.4902,28.4554,2072.64,False,109.76,300.41,-5.2,,2042.16,,False,0
704012,MMA401  ,Myanmar,1775559099.0,1775559099,97.9063,14.6318,11277.6,False,12.36,182.39,0.0,,10317.48,,False,0
880c44,AIQ5500 ,Thailand,1775558994.0,1775558994,98.9928,18.8593,1348.74,False,123.82,67.27,13.98,,1242.06,,False,0
880c52,AIQ3331 ,Thailand,1775559099.0,1775559099,99.7611,11.8526,10363.2,False,223.78,180.0,0.0,,11041.38,,False,0
76b442,SIA763  ,Singapore,1775559100.0,1775559100,99.4385,11.7181,10668.0,False,237.27,143.55,0.0,,11361.42,,False,0
801408,AIC5CT  ,India,1775559099.0,1775559099,75.7822,27.5747,8412.48,False,249.76,20.75,-5.2,,8656.32,,False,0
801410,IGO687C ,India,1775559098.0,1775559099,74.6123,20.1871,10058.4,False,255.26,50.89,0.0,,10614.66,,False,0
801411,IGO43F  ,India,1775559099.0,1775559099,75.8203,26.4922,9761.22,False,220.91,209.43,0.0,,10111.74,,False,0
801415,IGO97Y  ,India,1775559099.0,1775559099,76.1444,7.4294,4572.0,False,125.87,44.67,0.0,,4716.78,,False,0
80142b,IGO74TY ,India,1775559099.0,1775559099,87.9432,22.6655,7048.5,False,175.34,285.14,13.98,,7261.86,1466,False,0
801444,AXB1352 ,India,1775559098.0,1775559098,76.7225,30.7431,9189.72,False,207.0,149.87,-4.88,,9410.7,,False,0
801455,IGO12AJ ,India,1775559091.0,1775559091,83.4585,26.5573,11590.02,False,194.88,275.61,0.0,,11955.78,,False,0
801421,IGO164P ,India,1775559099.0,1775559099,77.1905,10.8861,10904.22,False,231.46,332.75,10.08,,11506.2,,False,0
801424,AIC238  ,India,1775559099.0,1775559099,81.1774,26.6766,9753.6,False,203.36,287.98,0.0,,10035.54,4756,False,0
80141d,AIC6LR  ,India,1775559003.0,1775559003,76.9287,24.4598,11269.98,False,253.83,177.68,0.0,,11757.66,,False,0
801432,IGO6309 ,India,1775559098.0,1775559098,86.9737,24.0359,11574.78,False,193.05,303.48,-0.33,,12031.98,1356,False,0
801435,AXB1056 ,India,1775559099.0,1775559099,82.2755,25.5656,10965.18,False,184.83,313.87,-0.33,,11353.8,,False,0
80141f,IGO5247 ,India,1775559076.0,1775559095,76.01,19.3107,11597.64,False,213.93,282.5,0.0,,12230.1,,False,0
801499,IGO256E ,India,1775559099.0,1775559099,92.2537,26.1454,10972.8,False,188.94,240.29,-0.65,,11315.7,,False,0
801461,IGO764  ,India,1775559099.0,1775559099,77.1715,11.6959,7033.26,False,206.88,14.69,11.05,,7376.16,,False,0
801460,IGO1070 ,India,1775559099.0,1775559099,79.4498,27.816,10210.8,False,203.32,303.65,-5.85,,10492.74,,False,0
80145b,IGO259  ,India,1775559099.0,1775559100,86.8139,20.1857,11277.6,False,266.42,63.39,0.33,,11856.72,2006,False,0
80148e,IGO614  ,India,1775559099.0,1775559099,76.6276,28.0537,10972.8,False,219.72,200.13,0.0,,11308.08,,False,0
80149e,IGO542M ,India,1775559097.0,1775559097,73.9107,16.8224,11277.6,False,242.38,144.59,0.0,,11910.06,,False,0
801525,VTPCR   ,India,1775559099.0,1775559099,77.1557,27.2914,5410.2,False,201.85,357.52,-9.43,,5554.98,,False,0
8850b0,THA303  ,Thailand,1775559097.0,1775559099,99.3666,14.5186,8770.62,False,220.02,311.97,2.28,,9342.12,,False,0
801509,AKJ1141 ,India,1775559099.0,1775559099,90.4935,25.5316,6286.5,False,167.64,58.55,-6.18,,6454.14,1475,False,0
80154a,AKJ182Z ,India,1775559099.0,1775559099,81.6819,25.1453,7650.48,False,197.41,242.7,4.88,,7863.84,,False,0
801569,IGO323  ,India,1775559100.0,1775559100,87.8629,20.6367,11574.78,False,194.84,234.67,0.0,,12138.66,1302,False,0
801560,IGO604  ,India,1775559099.0,1775559099,73.3744,19.5122,3550.92,False,168.39,162.4,-7.8,,3657.6,,False,0
80155c,IGO337F ,India,1775559097.0,1775559098,78.1597,13.8337,6964.68,False,211.27,47.96,11.7,,7299.96,,False,0
80155d,AKJ1563 ,India,1775559099.0,1775559099,74.1647,18.3924,2788.92,False,101.6,23.58,-4.88,,2872.74,,False,0
80155b,IGO139C ,India,1775559086.0,1775559086,77.0644,9.5779,6659.88,False,215.61,185.75,-8.78,,6995.16,,False,0
801571,IGO7309 ,India,1775559098.0,1775559099,91.2751,23.9521,4876.8,False,119.48,208.55,0.0,,4991.1,2615,False,0
80152e,IGO328C ,India,1775559099.0,1775559099,77.0022,28.5856,1173.48,False,129.64,284.48,8.78,,1097.28,,False,0
801548,AKJ1106 ,India,1775559099.0,1775559100,73.0418,19.091,944.88,False,94.14,269.69,-5.85,,906.78,,False,0
801553,AIC6LH  ,India,1775559097.0,1775559097,75.6508,26.0765,11590.02,False,221.01,204.48,0.0,,12070.08,,False,0
801552,AIC2116 ,India,1775559099.0,1775559099,78.007,29.1254,4267.2,False,141.57,204.7,0.0,,4328.16,,False,0
80159e,AIC116  ,India,1775559099.0,1775559100,73.3224,19.1705,1988.82,False,117.31,178.99,-3.58,,2019.3,,False,0
80159b,SDG182  ,India,1775559098.0,1775559099,76.8516,13.8808,8450.58,False,230.92,127.94,-5.2,,8915.4,,False,0
80156d,IGO6553 ,India,1775559099.0,1775559099,73.1664,19.5235,9075.42,False,219.64,350.43,5.53,,9570.72,,False,0
80157c,AKJ1819 ,India,1775559099.0,1775559099,77.1848,28.4394,3192.78,False,139.29,80.43,-5.53,,3208.02,,False,0
801590,AXB1081 ,India,1775559099.0,1775559099,78.8387,27.6023,9837.42,False,257.18,111.23,2.6,,10111.74,,False,0
801594,AXB1340 ,India,1775558919.0,1775559069,73.0014,20.451,10058.4,False,224.07,357.1,0.0,,10614.66,,False,0
8013c3,AIC357  ,India,1775559099.0,1775559099,87.9355,24.3083,12184.38,False,215.15,291.17,-0.33,,12664.44,1031,False,0
8013d5,IGO2557 ,India,1775559099.0,1775559099,76.5141,27.7887,6835.14,False,191.45,210.7,5.85,,6995.16,,False,0
8013fe,AIC5SA  ,India,1775559096.0,1775559099,76.6198,30.3881,4770.12,False,192.14,353.39,-20.48,,4838.7,,False,0
8013fb,IGO5932 ,India,1775559099.0,1775559099,75.3094,30.8555,7246.62,False,191.11,182.93,11.05,,7330.44,,False,0
8013fc,IGO212MD,India,1775559100.0,1775559100,87.0979,23.1448,6499.86,False,159.08,194.04,5.85,,6690.36,1275,False,0
8013e3,IGO7517 ,India,1775559098.0,1775559098,76.3798,28.9006,2438.4,False,107.85,201.55,0.33,,2400.3,,False,0
8013da,IGO925  ,India,1775559099.0,1775559099,81.4751,26.6344,3451.86,False,145.11,299.29,-7.8,,3505.2,,False,0
8013ea,AIC1QA  ,India,1775559098.0,1775559098,75.3643,25.5013,10363.2,False,232.29,204.46,0.0,,10797.54,,False,0
880455,AIQ3074 ,Thailand,1775559099.0,1775559099,99.7618,11.4222,11582.4,False,234.59,180.0,0.0,,12344.4,,False,0
800db0,AIC4EP  ,India,1775559099.0,1775559099,77.017,28.8547,2743.2,False,160.06,358.34,-0.33,,2735.58,,False,0
800db2,IGO7426 ,India,1775559098.0,1775559099,78.9187,28.7425,3657.6,False,117.95,203.66,0.33,,3718.56,,False,0
702c25,AJX1432 ,Bangladesh,1775559099.0,1775559099,90.3725,23.4635,1280.16,False,116.3,5.58,0.0,,1249.68,4132,False,0
151dc6,,Russian Federation,1775559097.0,1775559098,79.0085,25.2578,10363.2,False,193.17,298.82,0.0,,10713.72,,False,0
151dad,AFL275  ,Russian Federation,1775559099.0,1775559099,77.1949,30.3942,10363.2,False,239.11,320.76,0.0,,10584.18,,False,0
7821a0,CSS155  ,China,1775559099.0,1775559099,87.3168,24.7414,9144.0,False,209.47,293.29,0.0,,9441.18,0504,False,0
151d78,AZV2902 ,Russian Federation,1775559099.0,1775559099,77.5873,27.1461,9753.6,False,210.03,318.97,0.0,,10005.06,,False,0
151d46,AZV2502 ,Russian Federation,1775559099.0,1775559099,87.5664,22.6578,10363.2,False,191.4,269.08,0.33,,10759.44,5541,False,0
151d4a,AZV2904 ,Russian Federation,1775559099.0,1775559099,86.2863,19.3944,9753.6,False,219.16,292.35,0.0,,10218.42,0765,False,0
77170e,EXV923  ,Sri Lanka,1775559099.0,1775559099,77.3669,5.5579,11582.4,False,237.98,246.43,-0.33,,12192.0,,False,0
70c109,OMA318  ,Oman,1775559100.0,1775559100,88.3512,24.1266,9745.98,False,200.1,305.16,1.95,,10066.02,4751,False,0
7c1472,QFA67   ,Australia,1775558861.0,1775558861,77.7671,13.189,1135.38,False,75.63,270.39,-4.88,,1082.04,,False,0
770453,ALK183  ,Sri Lanka,1775558945.0,1775558945,70.3429,19.6643,10370.82,False,223.83,318.73,0.0,,10949.94,,False,0
880849,AIQ3008 ,Thailand,1775559093.0,1775559095,99.2035,10.422,11887.2,False,227.44,33.19,0.0,,12611.1,,False,0
86ebfa,ANA837  ,Japan,1775559099.0,1775559099,78.9655,28.0972,7749.54,False,234.52,300.45,-3.9,,7955.28,5675,False,0
507c71,QNT2232 ,Uzbekistan,1775559099.0,1775559099,80.0891,27.5958,10363.2,False,201.22,316.35,0.0,,10652.76,,False,0
76cda3,SIA338  ,Singapore,1775559098.0,1775559099,81.2155,26.5567,10972.8,False,201.78,306.08,0.0,,11391.9,0146,False,0
8940a1,GFA155  ,Bahrain,1775559099.0,1775559099,74.0256,19.7173,11582.4,False,229.59,286.0,-0.33,,12199.62,,False,0
750424,MXD183  ,Malaysia,1775558967.0,1775558981,90.2828,18.0754,11277.6,False,242.59,159.26,0.0,,11902.44,2512,False,0
75054f,MAS171  ,Malaysia,1775559099.0,1775559099,99.741,11.1815,11277.6,False,238.14,152.6,0.0,,11978.64,,False,0
750556,MAS173  ,Malaysia,1775558844.0,1775558858,87.9083,18.2147,10668.0,False,254.29,135.57,0.0,,11239.5,0573,False,0
881058,NOK546  ,Thailand,1775559068.0,1775559069,99.5313,10.7533,10972.8,False,237.69,193.65,0.0,,11666.22,,False,0
881056,NOK528  ,Thailand,1775559100.0,1775559100,99.7602,12.2198,10850.88,False,239.22,180.0,7.15,,11513.82,,False,0
800b12,IGO2053 ,India,1775559099.0,1775559099,73.401,19.4122,7315.2,False,218.67,57.88,14.63,,7665.72,,False,0
800b52,LLR513  ,India,1775559098.0,1775559099,77.5508,13.0634,3962.4,False,127.06,158.63,0.33,,4191.0,,False,0
3c4585,BOX720  ,Germany,1775559099.0,1775559099,77.3695,28.4849,1074.42,False,95.69,286.88,-4.23,,1028.7,,False,0
800c07,AIC6JS  ,India,1775559098.0,1775559098,76.2521,14.8073,9959.34,False,243.09,138.52,-3.9,,10523.22,,False,0
800c38,IGO5302 ,India,1775559084.0,1775559098,73.3505,18.9985,1348.74,False,98.88,310.57,-4.55,,1325.88,,False,0
800c3c,AIC6AC  ,India,1775559099.0,1775559099,88.4651,22.8478,929.64,False,86.46,159.08,-2.6,,876.3,0250,False,0
800c3e,AIC186  ,India,1775559098.0,1775559098,84.5962,25.7363,11582.4,False,209.71,287.86,0.0,,11978.64,0250,False,0
800c0c,AIC5WG  ,India,1775559099.0,1775559099,83.2483,26.0583,9144.0,False,212.95,288.74,0.0,,9410.7,,False,0
800c0b,AIC6AB  ,India,1775559099.0,1775559099,76.8424,28.1638,2773.68,False,139.33,217.8,6.5,,2766.06,,False,0
800c16,IGO6713 ,India,1775559099.0,1775559099,77.0977,28.7515,10363.2,False,205.54,208.23,-0.33,,10637.52,,False,0
800c87,AIC2388 ,India,1775558979.0,1775558979,91.5863,19.2197,10668.0,False,255.07,127.38,0.0,,11247.12,0551,False,0
800c4b,AIC4309 ,India,1775559099.0,1775559099,76.6742,27.9734,4579.62,False,146.64,217.87,7.8,,4640.58,,False,0
800c65,IGO7455 ,India,1775559099.0,1775559099,73.1996,18.8172,4572.0,False,132.75,40.91,-0.33,,4792.98,,False,0
4cac16,KZR200  ,Ireland,1775559099.0,1775559099,77.2433,25.3884,9761.22,False,203.32,358.11,-0.98,,10126.98,,False,0
710053,SVA826  ,Saudi Arabia,1775559098.0,1775559099,77.1254,13.2467,10058.4,False,265.89,118.55,0.0,,10629.9,,False,0
800d10,IGO515  ,India,1775559099.0,1775559099,79.2354,29.2454,8054.34,False,184.43,315.34,-12.68,,8267.7,,False,0
800d01,IGO292K ,India,1775559099.0,1775559099,88.1924,23.3021,7307.58,False,204.95,347.53,4.88,,7559.04,1437,False,0
800d08,SEJ2451 ,India,1775559099.0,1775559099,77.4009,29.4662,4579.62,False,148.61,163.51,-5.53,,4663.44,,False,0
800d31,VTHCA   ,India,1775559099.0,1775559099,77.2526,28.5159,1143.0,False,98.21,248.81,0.0,,1066.8,,False,0
800d34,IGO6560 ,India,1775559099.0,1775559099,78.0705,28.5817,4945.38,False,159.46,346.19,-6.5,,5029.2,,False,0
800d2d,IGO387V ,India,1775558976.0,1775559034,80.9581,26.7616,480.06,False,71.52,269.18,-3.58,,358.14,,False,0
800d2c,IGO2417 ,India,1775559098.0,1775559098,80.4383,27.1069,10972.8,False,182.8,310.55,-0.33,,11308.08,,False,0
800d37,IGO5041 ,India,1775559099.0,1775559099,79.9865,27.1489,11186.16,False,296.62,115.37,1.95,,11513.82,,False,0
800d8a,IGO7142 ,India,1775559098.0,1775559098,77.4755,13.2221,2735.58,False,87.49,218.55,6.5,,2857.5,,False,0
800d6a,IGO7251 ,India,1775559099.0,1775559099,86.6749,22.6529,2430.78,False,125.65,62.18,0.0,,2491.74,1256,False,0
800bbb,VTARC   ,India,1775559099.0,1775559099,88.3168,23.3129,2887.98,False,192.83,152.34,-13.33,,2941.32,0467,False,0
800bd4,AIC5VJ  ,India,1775559099.0,1775559099,73.2386,19.0934,1737.36,False,99.81,269.11,-4.88,,1752.6,,False,0
800bb5,IGO2614 ,India,1775559099.0,1775559099,80.9616,26.7147,10668.0,False,277.51,126.25,0.65,,10988.04,,False,0
800bfa,AIC2304 ,India,1775559099.0,1775559099,83.6539,25.3766,10668.0,False,278.25,118.13,-0.33,,11018.52,,False,0
800be6,AIC5PB  ,India,1775559099.0,1775559099,77.1765,26.902,7719.06,False,206.01,357.28,-6.18,,7932.42,,False,0
800be5,AIC5VH  ,India,1775559098.0,1775559098,74.5117,19.5949,8633.46,False,183.87,254.25,-4.88,,9075.42,,False,0
3c5642,BOX542  ,Germany,1775559099.0,1775559099,77.5787,27.9011,10866.12,False,303.1,97.61,3.25,,11193.78,,False,0
800cdc,IGO302  ,India,1775559020.0,1775559020,78.0624,13.3693,3200.4,False,132.12,126.29,-5.53,,3299.46,,False,0
800cb9,AIC4JP  ,India,1775559098.0,1775559099,76.8978,27.9648,3855.72,False,181.84,189.12,15.61,,3878.58,,False,0
800cba,AIC5MF  ,India,1775559098.0,1775559098,76.8557,30.4729,3756.66,False,126.58,151.87,15.93,,3718.56,,False,0
800cc8,AIC4EL  ,India,1775559085.0,1775559086,77.3529,11.6195,5730.24,False,184.52,207.21,-8.45,,6004.56,,False,0
800cee,IGO6461 ,India,1775559099.0,1775559099,77.1307,29.1091,3192.78,False,134.32,144.67,-3.25,,3200.4,,False,0
800cff,AIC2240 ,India,1775559098.0,1775559098,77.2612,24.9719,10972.8,False,200.68,352.78,0.0,,11399.52,,False,0
800cfe,AIC2256 ,India,1775559099.0,1775559099,75.9407,27.9207,7848.6,False,239.19,19.6,-9.1,,8039.1,,False,0
80162c,AXB1562 ,India,1775559126.0,1775559126,88.8197,25.9989,11582.4,False,203.94,277.54,0.0,,11963.4,2605,False,0
80162d,AXB1038 ,India,1775559126.0,1775559127,77.665,28.5562,2141.22,False,136.98,272.58,-12.03,,2133.6,,False,0
801640,AIC2356 ,India,1775559126.0,1775559126,87.7168,24.3105,10980.42,False,201.16,293.35,-0.33,,11384.28,6131,False,0
80162e,AIC5EY  ,India,1775559126.0,1775559126,77.221,26.0009,11369.04,False,212.59,358.06,-4.55,,11811.0,,False,0
801657,AIC4CM  ,India,1775559127.0,1775559127,87.4459,26.164,10668.0,False,265.27,97.69,-0.33,,10972.8,0547,False,0
80163f,AIC6GB  ,India,1775559127.0,1775559127,76.5657,28.4495,3962.4,False,175.54,63.36,0.0,,4008.12,,False,0
801623,AXB1514 ,India,1775559123.0,1775559124,78.3548,26.6429,8511.54,False,192.41,279.39,-5.53,,8770.62,,False,0
80161c,AXB1243 ,India,1775559126.0,1775559127,74.232,19.5194,6774.18,False,196.38,254.03,-11.7,,7094.22,,False,0
80161a,IGO6914 ,India,1775559073.0,1775559074,91.9801,25.556,3436.62,False,109.61,271.34,-3.9,,3497.58,,False,0
801625,AIC2384 ,India,1775559127.0,1775559127,87.3844,19.0343,10066.02,False,248.41,150.2,0.0,,10599.42,0507,False,0
801629,IGO7223 ,India,1775559126.0,1775559126,77.7071,13.4523,2880.36,False,106.3,56.85,4.88,,2926.08,,False,0
80167d,AXB1354 ,India,1775559122.0,1775559122,84.4446,20.5807,10668.0,False,249.44,39.9,0.0,,11216.64,0222,False,0
80167e,AIC4AK  ,India,1775559126.0,1775559126,76.8191,25.3237,11894.82,False,249.6,175.98,0.0,,12397.74,,False,0
80164b,IGO79MA ,India,1775559126.0,1775559126,76.7676,28.3897,2743.2,False,142.95,196.09,0.0,,2735.58,,False,0
80164f,AIC4GV  ,India,1775559126.0,1775559126,77.4135,28.2502,2438.4,False,119.15,48.33,0.0,,2430.78,,False,0
801663,IGO214J ,India,1775559126.0,1775559126,76.88,25.5696,10668.0,False,252.29,177.66,0.0,,11087.1,,False,0
801667,AIC6FJ  ,India,1775559126.0,1775559126,73.111,19.0919,1181.1,False,94.66,269.38,-0.98,,1150.62,,False,0
801672,AIC5WH  ,India,1775559127.0,1775559127,77.0993,28.4225,1569.72,False,119.36,100.68,-0.33,,1531.62,,False,0
80169d,IGO6264 ,India,1775559125.0,1775559125,73.0406,18.3895,10668.0,False,233.23,357.72,0.0,,11269.98,,False,0
80169e,AKJ1140 ,India,1775559123.0,1775559126,72.9272,19.0895,312.42,False,69.97,269.16,-3.58,,236.22,,False,0
8014e4,IGO624  ,India,1775559125.0,1775559125,75.775,12.4778,11285.22,False,234.76,159.34,-0.33,,11917.68,,False,0
8014db,AIC5ZY  ,India,1775559126.0,1775559126,77.3187,28.3692,2034.54,False,105.89,99.51,-3.9,,2019.3,,False,0
8014f5,VTFTO   ,India,1775558853.0,1775558853,76.7499,12.1965,2613.66,False,47.56,285.69,-1.63,,2667.0,,False,0
8014f3,AIC5TX  ,India,1775558973.0,1775558973,72.5192,19.7103,6126.48,False,184.32,328.35,17.56,,6393.18,,False,0
8014ba,VTSFU   ,India,1775559126.0,1775559126,73.1345,18.9699,12489.18,False,217.09,354.42,0.65,,13136.88,,False,0
8014d8,IGO6393 ,India,1775559106.0,1775559106,76.4805,30.6744,1706.88,False,101.44,49.52,-6.83,,1889.76,,False,0
801606,AXB2891 ,India,1775559123.0,1775559123,73.2066,18.8229,11750.04,False,244.74,149.28,4.88,,12390.12,,False,0
801609,VTPMO   ,India,1775559125.0,1775559126,87.8862,26.0315,10759.44,False,207.04,215.9,-13.33,,11033.76,0466,False,0
801613,AXB1168 ,India,1775559127.0,1775559127,76.7526,27.6311,11277.6,False,252.03,169.06,0.0,,11666.22,,False,0
80174a,IGO69TA ,India,1775559126.0,1775559126,73.2165,19.2487,3108.96,False,134.63,205.1,-2.6,,3192.78,,False,0
801759,IGO357Y ,India,1775559125.0,1775559125,76.9111,24.8466,10675.62,False,261.58,177.52,0.0,,11117.58,,False,0
80175f,IGO1089 ,India,1775559127.0,1775559127,73.8975,18.4855,7505.7,False,239.14,112.65,8.78,,7863.84,,False,0
801768,IGO405K ,India,1775559124.0,1775559124,88.4478,22.655,68.58,False,85.84,185.85,2.93,,-38.1,1461,False,0
800441,AIC2JL  ,India,1775559126.0,1775559126,72.867,18.4206,5242.56,False,208.07,161.7,10.73,,5455.92,,False,0
801778,IGO770H ,India,1775559126.0,1775559127,76.8429,26.4177,10668.0,False,249.2,177.63,0.0,,11064.24,,False,0
801739,VTJMR   ,India,1775559121.0,1775559123,72.677,19.1367,5128.26,False,188.32,144.23,-10.4,,5326.38,,False,0
801785,AKJ619  ,India,1775559126.0,1775559126,75.9922,19.4379,10363.2,False,208.4,279.95,0.0,,10911.84,,False,0
801786,AKJ1124 ,India,1775558897.0,1775558918,81.2015,25.1771,6385.56,False,192.67,219.26,6.5,,6545.58,,False,0
80177b,AXB6118 ,India,1775559126.0,1775559126,73.0896,18.8026,3040.38,False,146.25,130.86,0.33,,3116.58,,False,0
801793,IGO105W ,India,1775559091.0,1775559091,75.736,20.36,10058.4,False,261.88,74.27,0.0,,10607.04,,False,0
801792,IGO1052 ,India,1775559126.0,1775559126,74.7993,19.5816,10050.78,False,198.0,275.67,-5.53,,10599.42,,False,0
8016a6,AIC4FC  ,India,1775559126.0,1775559126,77.8219,28.6165,3474.72,False,123.38,223.14,-6.5,,3505.2,,False,0
8016a7,AIC6KU  ,India,1775558924.0,1775558924,75.1889,25.1209,10363.2,False,230.36,205.25,0.0,,10805.16,,False,0
8016a4,IGO726  ,India,1775558948.0,1775558948,75.7979,19.3556,8831.58,False,273.74,128.05,1.63,,9273.54,,False,0
8016a5,IGO1114 ,India,1775558985.0,1775558990,84.3313,19.5397,11597.64,False,230.05,209.03,0.0,,12222.48,4705,False,0
76b862,TGW675  ,Singapore,1775559115.0,1775559115,98.964,18.8431,1287.78,False,101.36,359.13,13.66,,891.54,,False,0
8015c0,IGO674  ,India,1775559126.0,1775559126,73.1802,18.852,2743.2,False,116.01,3.81,0.0,,2811.78,,False,0
8015c3,VTSSR   ,India,1775559121.0,1775559121,78.6062,14.0378,10774.68,False,230.44,123.16,-15.28,,11567.16,,False,0
8015d3,IGO993E ,India,1775559126.0,1775559126,77.781,13.189,1203.96,False,76.14,270.77,-3.9,,1143.0,,False,0
8015d1,IGO4VP  ,India,1775559121.0,1775559121,77.476,11.8566,4876.8,False,130.68,207.17,0.0,,5052.06,,False,0
8015d7,VTSBS   ,India,1775559125.0,1775559126,77.8917,27.971,1280.16,False,58.44,279.63,1.95,,1249.68,,False,0
8015d9,IGO6532 ,India,1775559106.0,1775559108,77.8872,13.1881,1805.94,False,91.07,270.97,-4.55,,1798.32,,False,0
8015b8,IGO226Y ,India,1775559126.0,1775559126,76.8237,27.8683,6385.56,False,199.87,182.95,9.43,,6568.44,,False,0
8015fc,IGO301P ,India,1775559126.0,1775559126,90.4105,23.6523,5722.62,False,204.47,118.89,-17.88,,5905.5,0562,False,0
8015e4,IGO525  ,India,1775559126.0,1775559126,89.8636,23.2009,9753.6,False,191.91,265.7,0.0,,10142.22,3307,False,0
8015e6,IGO615C ,India,1775559119.0,1775559123,72.7787,18.6747,4328.16,False,217.51,161.52,8.78,,4488.18,,False,0
8015da,IGO2589 ,India,1775559023.0,1775559023,84.357,25.1172,10668.0,False,267.37,119.13,0.33,,11026.14,,False,0
88530a,THA217  ,Thailand,1775559127.0,1775559127,99.7371,11.4943,10972.8,False,230.45,193.82,0.0,,11696.7,,False,0
801723,IGO848  ,India,1775559126.0,1775559126,77.7585,11.5003,6659.88,False,216.02,55.97,7.15,,6987.54,,False,0
80053f,,India,1775559122.0,1775559123,73.1884,19.9708,5334.0,False,163.2,185.06,-3.58,,5532.12,,False,0
80187c,IGO5936 ,India,1775559126.0,1775559126,85.6266,24.1489,11582.4,False,220.92,214.95,0.0,,12047.22,1447,False,0
801861,IGO724F ,India,1775559126.0,1775559126,76.8401,28.1623,4556.76,False,180.29,182.94,16.26,,4617.72,,False,0
801864,IGO274P ,India,1775559049.0,1775559065,85.0446,19.5314,10980.42,False,214.91,251.0,0.0,,11590.02,2632,False,0
80185f,IGO163K ,India,1775559126.0,1775559126,77.5748,13.3361,2598.42,False,146.45,340.29,14.96,,2613.66,,False,0
80058a,AIC5VU  ,India,1775559126.0,1775559126,82.4598,25.7022,4175.76,False,149.81,307.18,10.4,,4244.34,,False,0
8960ec,UAE362  ,United Arab Emirates,1775559125.0,1775559126,87.473,23.3177,12496.8,False,277.98,117.8,0.0,,13060.68,6226,False,0
8017a8,VTPVS   ,India,1775559126.0,1775559126,73.5471,19.5165,2286.0,False,71.02,59.53,-0.98,,2308.86,,False,0
8960dc,UAE507  ,United Arab Emirates,1775559126.0,1775559126,72.755,19.0872,1143.0,False,104.45,268.87,3.9,,1112.52,,False,0
8016e1,IGO1421 ,India,1775559078.0,1775559079,69.5574,18.4185,10972.8,False,221.74,263.2,0.0,,11597.64,,False,0
8016da,IGO338C ,India,1775559126.0,1775559126,75.7712,26.4449,10355.58,False,207.24,202.94,-0.33,,10744.2,,False,0
8016af,AXB1540 ,India,1775559051.0,1775559077,77.8468,14.1655,8031.48,False,192.95,17.86,3.58,,8450.58,,False,0
8016c8,AXB1671 ,India,1775559126.0,1775559126,73.0102,19.2093,3657.6,False,138.57,92.98,0.0,,3771.9,,False,0
8016c7,AXB2882 ,India,1775558844.0,1775558858,78.0842,13.3896,3962.4,False,139.65,127.97,-5.85,,4099.56,,False,0
8016cc,AXB2718 ,India,1775559126.0,1775559126,77.9267,13.3785,4297.68,False,139.05,59.55,-7.15,,4465.32,,False,0
8016d7,IGO262F ,India,1775559026.0,1775559026,78.1971,13.5326,4503.42,False,145.0,94.48,-4.23,,4709.16,,False,0
896197,UAE372  ,United Arab Emirates,1775559126.0,1775559126,89.2543,21.6187,12496.8,False,290.83,102.46,-0.33,,13075.92,6211,False,0
801839,IGO6226 ,India,1775559125.0,1775559126,77.4695,29.821,3718.56,False,186.48,50.82,-7.8,,3771.9,,False,0
801850,IGO1862 ,India,1775559022.0,1775559022,77.7622,13.1891,1112.52,False,74.08,270.4,-4.23,,1043.94,,False,0
800520,AIC2KP  ,India,1775558886.0,1775558886,75.714,17.8,11285.22,False,252.05,114.73,0.0,,11902.44,,False,0
801851,IGO316P ,India,1775559126.0,1775559126,76.1138,27.0378,10972.8,False,211.6,204.26,0.33,,11376.66,,False,0
80180b,IGO910  ,India,1775559126.0,1775559126,85.9436,24.2834,10660.38,False,273.37,119.17,0.33,,11056.62,0544,False,0
80180e,IGO392C ,India,1775559126.0,1775559126,73.0255,18.0406,7620.0,False,244.12,135.94,9.1,,7993.38,,False,0
801831,AKJ1509 ,India,1775559126.0,1775559126,85.7146,19.738,11277.6,False,265.21,74.59,0.0,,11864.34,2705,False,0
47b12e,NBT192  ,Norway,1775559058.0,1775559058,91.3634,19.3815,9753.6,False,234.49,307.42,0.0,,10302.24,6143,False,0
8005b9,VTBRS   ,India,1775559126.0,1775559126,73.6702,19.317,4236.72,False,132.61,241.25,-7.8,,4381.5,,False,0
7020ae,AWA448  ,Bangladesh,1775559126.0,1775559126,90.7762,23.5069,3810.0,False,110.06,335.71,-3.25,,3886.2,5567,False,0
7020c2,UBG361  ,Bangladesh,1775559126.0,1775559126,86.349,22.7249,10972.8,False,204.44,280.29,0.0,,11468.1,4747,False,0
8004df,AIC188  ,India,1775559110.0,1775559126,77.1265,28.5376,419.1,False,80.36,283.32,-4.23,,327.66,,False,0
8017e5,IGO764V ,India,1775559120.0,1775559122,75.3105,25.5667,11582.4,False,216.52,200.59,0.0,,12092.94,,False,0
8017f2,IGO349  ,India,1775559126.0,1775559126,75.8826,27.8193,7498.08,False,194.5,21.41,-4.88,,7673.34,,False,0
884205,BKP277  ,Thailand,1775559124.0,1775559125,99.7609,12.5807,8549.64,False,219.47,183.09,4.88,,9128.76,,False,0
781be6,CSC3923 ,China,1775559125.0,1775559125,92.6254,22.3676,10363.2,False,191.27,261.8,0.0,,10828.02,1500,False,0
896316,UAE328  ,United Arab Emirates,1775559126.0,1775559126,84.4327,22.9494,11277.6,False,295.77,94.69,0.0,,11795.76,6205,False,0
80073b,AIC313  ,India,1775559126.0,1775559126,80.2106,27.2784,11582.4,False,195.3,310.19,-0.33,,11940.54,5046,False,0
800742,AIC2664 ,India,1775559126.0,1775559126,76.7867,27.0555,8900.16,False,241.4,181.83,6.83,,9151.62,,False,0
8963e0,UAE46F  ,United Arab Emirates,1775559126.0,1775559126,89.0427,23.0137,8397.24,False,260.42,57.09,-9.1,,8702.04,6201,False,0
4bb152,THY6263 ,Turkey,1775559125.0,1775559126,77.7994,29.6981,9144.0,False,255.27,323.52,0.0,,9357.36,,False,0
8007b0,IGO394  ,India,1775559126.0,1775559126,88.1343,22.5698,4838.7,False,149.95,286.13,12.35,,4975.86,2644,False,0
781cdf,HYT9068 ,China,1775559126.0,1775559126,89.6745,22.5126,10668.0,False,277.19,96.82,-1.3,,11102.34,3056,False,0
8007cf,IGO516  ,India,1775558858.0,1775558858,77.5671,14.5454,9989.82,False,215.34,349.82,9.43,,10553.7,,False,0
885973,TVJ109  ,Thailand,1775558881.0,1775558881,99.0842,18.6987,3177.54,False,134.83,154.22,14.31,,3139.44,,False,0
89661e,UAE654  ,United Arab Emirates,1775559125.0,1775559125,78.5764,8.3282,8092.44,False,217.82,127.03,-8.78,,8496.3,,False,0
781ec1,CSC9648 ,China,1775558876.0,1775558876,75.6811,20.3455,11887.2,False,264.86,74.45,0.0,,12481.56,,False,0
8832d5,TLM812  ,Thailand,1775559121.0,1775559121,99.6987,10.9408,10363.2,False,238.21,197.34,0.0,,11033.76,,False,0
76cd76,SIA326  ,Singapore,1775559126.0,1775559126,76.0482,30.2855,9144.0,False,257.41,310.05,0.0,,9311.64,,False,0
152036,AFL599  ,Russian Federation,1775559125.0,1775559126,99.7356,14.5446,10363.2,False,244.97,310.14,0.0,,11018.52,,False,0
040156,ETH3751 ,Ethiopia,1775559125.0,1775559125,78.7012,13.1214,9753.6,False,253.14,275.25,0.0,,10302.24,,False,0
78021a,CPA2045 ,China,1775559126.0,1775559126,77.4628,28.4645,1943.1,False,106.04,291.34,-4.55,,1912.62,,False,0
704012,MMA401  ,Myanmar,1775559126.0,1775559126,97.9061,14.632,11277.6,False,12.71,111.37,0.0,,10317.48,,False,0
880c44,AIQ5500 ,Thailand,1775558994.0,1775558994,98.9928,18.8593,1348.74,False,123.82,67.27,13.98,,1242.06,,False,0
880c52,AIQ3331 ,Thailand,1775559127.0,1775559127,99.7612,11.7979,10363.2,False,223.78,179.87,0.0,,11041.38,,False,0
76b442,SIA763  ,Singapore,1775559126.0,1775559126,99.4729,11.6721,10668.0,False,237.99,143.53,0.0,,11361.42,,False,0
801408,AIC5CT  ,India,1775559126.0,1775559126,75.8071,27.6328,8305.8,False,246.69,20.89,-4.23,,8542.02,,False,0
801410,IGO687C ,India,1775559126.0,1775559126,74.6641,20.2267,10050.78,False,254.21,51.0,-0.33,,10607.04,,False,0
801411,IGO43F  ,India,1775559126.0,1775559126,75.7908,26.445,9761.22,False,220.91,209.43,0.0,,10111.74,,False,0
801415,IGO97Y  ,India,1775559126.0,1775559126,76.166,7.4513,4572.0,False,125.87,44.34,0.0,,4716.78,,False,0
80142b,IGO74TY ,India,1775559126.0,1775559126,87.8986,22.6776,7414.26,False,176.56,287.12,12.03,,7673.34,1466,False,0
801444,AXB1352 ,India,1775559126.0,1775559126,76.747,30.6978,9060.18,False,199.72,159.65,-5.2,,9265.92,,False,0
801455,IGO12AJ ,India,1775559102.0,1775559108,83.4361,26.5592,11590.02,False,194.83,275.45,0.0,,11963.4,,False,0
801421,IGO164P ,India,1775559125.0,1775559126,77.1654,10.9343,11140.44,False,229.62,332.8,7.15,,11757.66,,False,0
801424,AIC238  ,India,1775559126.0,1775559126,81.1257,26.6917,9753.6,False,204.5,288.02,-0.33,,10043.16,4756,False,0
80141d,AIC6LR  ,India,1775559003.0,1775559003,76.9287,24.4598,11269.98,False,253.83,177.68,0.0,,11757.66,,False,0
801432,IGO6309 ,India,1775559126.0,1775559126,86.9308,24.0619,11574.78,False,193.76,303.52,-0.33,,12024.36,1356,False,0
801435,AXB1056 ,India,1775559126.0,1775559126,82.2398,25.5968,10965.18,False,184.82,314.1,0.0,,11346.18,,False,0
80141f,IGO5247 ,India,1775559123.0,1775559124,75.9167,19.3303,11590.02,False,213.82,282.36,-0.33,,12222.48,,False,0
801499,IGO256E ,India,1775559123.0,1775559124,92.2163,26.1219,10972.8,False,194.31,230.16,0.0,,11315.7,,False,0
801461,IGO764  ,India,1775559125.0,1775559125,77.1843,11.7444,7315.2,False,208.88,14.55,8.78,,7665.72,,False,0
801460,IGO1070 ,India,1775559126.0,1775559126,79.4036,27.8433,10073.64,False,205.18,303.65,-5.2,,10347.96,,False,0
80145b,IGO259  ,India,1775559126.0,1775559126,86.8755,20.2147,11277.6,False,266.42,63.63,0.0,,11856.72,2006,False,0
80148e,IGO614  ,India,1775559126.0,1775559126,76.6066,28.0031,10980.42,False,219.23,200.18,0.33,,11315.7,,False,0
80148f,IGO512E ,India,1775559124.0,1775559124,76.5592,13.0691,7612.38,False,200.21,88.23,-2.28,,8008.62,,False,0
80149e,IGO542M ,India,1775559097.0,1775559097,73.9107,16.8224,11277.6,False,242.38,144.59,0.0,,11910.06,,False,0
801525,VTPCR   ,India,1775559125.0,1775559127,77.1533,27.3394,5166.36,False,200.85,357.36,-7.15,,5295.9,,False,0
8850b0,THA303  ,Thailand,1775559105.0,1775559105,99.3544,14.5292,8793.48,False,221.17,311.7,2.28,,9372.6,,False,0
801509,AKJ1141 ,India,1775559120.0,1775559125,90.5237,25.5476,6156.96,False,168.01,60.06,-6.18,,6316.98,1475,False,0
80154a,AKJ182Z ,India,1775559126.0,1775559126,81.6339,25.1228,7795.26,False,203.16,242.72,2.28,,8023.86,,False,0
801569,IGO323  ,India,1775559126.0,1775559126,87.8218,20.6094,11574.78,False,194.54,234.8,0.33,,12138.66,1302,False,0
801560,IGO604  ,India,1775559126.0,1775559126,73.3873,19.4734,3307.08,False,167.75,162.51,-6.5,,3413.76,,False,0
80155c,IGO337F ,India,1775559124.0,1775559124,78.1976,13.8666,7277.1,False,208.53,48.8,10.4,,7627.62,,False,0
80155d,AKJ1563 ,India,1775559110.0,1775559110,74.169,18.4019,2727.96,False,100.45,23.55,-5.2,,2842.26,,False,0
80155b,IGO139C ,India,1775559086.0,1775559086,77.0644,9.5779,6659.88,False,215.61,185.75,-8.78,,6995.16,,False,0
801571,IGO7309 ,India,1775559126.0,1775559126,91.2595,23.9258,4876.8,False,119.48,208.55,0.33,,4991.1,2615,False,0
80152e,IGO328C ,India,1775559127.0,1775559127,76.9647,28.5943,1501.14,False,143.53,285.38,18.86,,1447.8,,False,0
801548,AKJ1106 ,India,1775559126.0,1775559126,73.0175,19.0906,792.48,False,92.1,269.04,-4.23,,746.76,,False,0
801553,AIC6LH  ,India,1775559125.0,1775559126,75.6258,26.0266,11590.02,False,220.8,204.36,-0.33,,12070.08,,False,0
801552,AIC2116 ,India,1775559126.0,1775559126,78.0019,29.0919,4221.48,False,141.05,182.09,-6.18,,4282.44,,False,0
80159e,AIC116  ,India,1775559127.0,1775559127,73.3109,19.1462,1889.76,False,105.85,229.73,-2.93,,1920.24,,False,0
80159b,SDG182  ,India,1775559126.0,1775559126,76.8977,13.8457,8313.42,False,230.92,127.94,-5.2,,8778.24,,False,0
80156d,IGO6553 ,India,1775559126.0,1775559126,73.1574,19.5749,9227.82,False,220.15,350.45,6.18,,9723.12,,False,0
80157c,AKJ1819 ,India,1775559126.0,1775559126,77.2228,28.4449,3048.0,False,137.01,80.93,-5.2,,3063.24,,False,0
801590,AXB1081 ,India,1775559126.0,1775559126,78.9035,27.5798,9913.62,False,261.09,111.26,0.98,,10203.18,,False,0
801594,AXB1340 ,India,1775559105.0,1775559105,72.9815,20.8256,10066.02,False,223.56,357.1,0.33,,10614.66,,False,0
8013c3,AIC357  ,India,1775559126.0,1775559126,87.8828,24.3283,12192.0,False,214.68,292.69,0.33,,12679.68,1031,False,0
8013d5,IGO2557 ,India,1775559126.0,1775559126,76.4844,27.7497,7010.4,False,193.92,214.41,5.53,,7178.04,,False,0
8013fe,AIC5SA  ,India,1775559126.0,1775559126,76.6,30.4369,4221.48,False,197.33,326.27,-19.83,,4274.82,,False,0
8013fb,IGO5932 ,India,1775559125.0,1775559126,75.3113,30.8099,7467.6,False,196.8,172.19,9.75,,7581.9,,False,0
8013fc,IGO212MD,India,1775559126.0,1775559126,87.0869,23.1057,6606.54,False,174.08,194.9,3.9,,6812.28,1275,False,0
8013e3,IGO7517 ,India,1775559127.0,1775559127,76.369,28.8746,2438.4,False,108.55,196.8,0.0,,2400.3,,False,0
8013da,IGO925  ,India,1775559126.0,1775559126,81.4407,26.6515,3147.06,False,142.56,299.16,-13.0,,3192.78,,False,0
8013ea,AIC1QA  ,India,1775559115.0,1775559115,75.3488,25.4703,10363.2,False,234.17,204.26,-0.33,,10797.54,,False,0
880455,AIQ3074 ,Thailand,1775559126.0,1775559126,99.7619,11.3646,11582.4,False,235.1,179.87,0.0,,12344.4,,False,0
800db0,AIC4EP  ,India,1775559126.0,1775559126,77.0157,28.8938,2743.2,False,161.07,358.54,-0.33,,2735.58,,False,0
800db2,IGO7426 ,India,1775559126.0,1775559126,78.9047,28.7144,3657.6,False,120.71,203.62,0.33,,3718.56,,False,0
702c25,AJX1432 ,Bangladesh,1775559125.0,1775559125,90.3754,23.4908,1280.16,False,116.35,5.84,0.33,,1249.68,4132,False,0
151dc6,,Russian Federation,1775559100.0,1775559100,79.0054,25.2594,10363.2,False,193.17,298.82,0.0,,10713.72,,False,0
151dad,AFL275  ,Russian Federation,1775559126.0,1775559126,77.1468,30.4339,10363.2,False,234.9,307.35,0.0,,10584.18,,False,0
7821a0,CSS155  ,China,1775559127.0,1775559127,87.2651,24.7617,9144.0,False,210.22,293.05,0.0,,9441.18,0504,False,0
151d78,AZV2902 ,Russian Federation,1775559125.0,1775559126,77.5505,27.1838,9753.6,False,210.76,318.96,0.0,,10005.06,,False,0
151d46,AZV2502 ,Russian Federation,1775559126.0,1775559126,87.517,22.6569,10363.2,False,189.86,268.91,0.0,,10767.06,5541,False,0
151d4a,AZV2904 ,Russian Federation,1775559117.0,1775559117,86.2532,19.4074,9753.6,False,218.88,292.53,0.0,,10210.8,0765,False,0
77170e,EXV923  ,Sri Lanka,1775559114.0,1775559115,77.3371,5.5449,11582.4,False,239.6,246.46,0.0,,12199.62,,False,0
70c109,OMA318  ,Oman,1775559126.0,1775559127,88.3082,24.1548,9814.56,False,202.32,305.79,2.28,,10142.22,4751,False,0
7c1472,QFA67   ,Australia,1775558861.0,1775558861,77.7671,13.189,1135.38,False,75.63,270.39,-4.88,,1082.04,,False,0
770453,ALK183  ,Sri Lanka,1775558945.0,1775558945,70.3429,19.6643,10370.82,False,223.83,318.73,0.0,,10949.94,,False,0
880849,AIQ3008 ,Thailand,1775559093.0,1775559117,99.2035,10.422,11887.2,False,226.02,33.11,0.0,,12611.1,,False,0
70c0df,OMA246  ,Oman,1775559126.0,1775559126,77.0515,28.5533,586.74,False,98.1,282.72,12.03,,495.3,,False,0
86ebfa,ANA837  ,Japan,1775559125.0,1775559125,78.9108,28.1238,7658.1,False,229.4,297.37,-4.23,,7856.22,5675,False,0
507c71,QNT2232 ,Uzbekistan,1775559123.0,1775559123,80.0555,27.6273,10363.2,False,201.22,316.35,0.0,,10652.76,,False,0
76cda3,SIA338  ,Singapore,1775559126.0,1775559126,81.1705,26.5862,10972.8,False,202.5,306.11,0.0,,11391.9,0146,False,0
8940a1,GFA155  ,Bahrain,1775559126.0,1775559126,73.97,19.7323,11582.4,False,228.81,285.79,0.0,,12199.62,,False,0
750424,MXD183  ,Malaysia,1775558967.0,1775558981,90.2828,18.0754,11277.6,False,242.59,159.26,0.0,,11902.44,2512,False,0
75054f,MAS171  ,Malaysia,1775559126.0,1775559126,99.768,11.1301,11277.6,False,238.6,152.66,0.0,,11986.26,,False,0
750556,MAS173  ,Malaysia,1775558844.0,1775558858,87.9083,18.2147,10668.0,False,254.29,135.57,0.0,,11239.5,0573,False,0
881058,NOK546  ,Thailand,1775559108.0,1775559108,99.511,10.6709,10972.8,False,238.19,193.62,0.0,,11666.22,,False,0
881056,NOK528  ,Thailand,1775559127.0,1775559127,99.7603,12.1616,10972.8,False,238.19,179.88,-0.33,,11658.6,,False,0
800b12,IGO2053 ,India,1775559126.0,1775559126,73.4477,19.4404,7627.62,False,218.35,57.51,13.66,,8008.62,,False,0
800b52,LLR513  ,India,1775559122.0,1775559125,77.5611,13.0377,3962.4,False,131.45,158.66,-0.33,,4191.0,,False,0
3c4585,BOX720  ,Germany,1775559126.0,1775559126,77.3447,28.4906,975.36,False,91.46,284.66,-4.55,,914.4,,False,0
800c07,AIC6JS  ,India,1775559111.0,1775559111,76.2714,14.786,9906.0,False,243.09,138.52,-3.58,,10485.12,,False,0
800c38,IGO5302 ,India,1775559084.0,1775559100,73.3505,18.9985,1348.74,False,98.6,309.92,-4.55,,1325.88,,False,0
800c3c,AIC6AC  ,India,1775559126.0,1775559126,88.4672,22.8273,853.44,False,83.88,181.41,-2.28,,792.48,0250,False,0
800c3e,AIC186  ,India,1775559125.0,1775559126,84.5432,25.7517,11582.4,False,210.04,287.68,0.0,,11978.64,0250,False,0
800c0c,AIC5WG  ,India,1775559126.0,1775559126,83.194,26.0749,9144.0,False,212.47,288.79,0.0,,9410.7,,False,0
800c0b,AIC6AB  ,India,1775559126.0,1775559126,76.818,28.1363,2979.42,False,142.85,218.27,6.83,,2971.8,,False,0
800c16,IGO6713 ,India,1775559126.0,1775559127,77.0705,28.7069,10363.2,False,205.08,208.3,-0.33,,10637.52,,False,0
800c87,AIC2388 ,India,1775559125.0,1775559125,91.8697,19.0151,10668.0,False,258.14,124.61,0.0,,11247.12,0551,False,0
800c4b,AIC4309 ,India,1775559126.0,1775559126,76.649,27.9446,4922.52,False,148.81,217.98,12.68,,4968.24,,False,0
800c65,IGO7455 ,India,1775559126.0,1775559126,73.2302,18.8329,4587.24,False,139.77,67.49,-0.65,,4808.22,,False,0
4cac16,KZR200  ,Ireland,1775559125.0,1775559126,77.2417,25.436,9753.6,False,199.17,358.37,0.33,,10111.74,,False,0
710053,SVA826  ,Saudi Arabia,1775559123.0,1775559125,77.1795,13.2179,10058.4,False,265.89,118.55,0.0,,10629.9,,False,0
800d10,IGO515  ,India,1775559125.0,1775559126,79.1997,29.2773,7741.92,False,185.89,315.56,-5.53,,7940.04,,False,0
800d01,IGO292K ,India,1775559126.0,1775559126,88.1805,23.351,7437.12,False,211.42,347.35,1.3,,7696.2,1437,False,0
800d08,SEJ2451 ,India,1775559126.0,1775559126,77.4127,29.4308,4427.22,False,148.68,164.14,-6.5,,4511.04,,False,0
800d31,VTHCA   ,India,1775559126.0,1775559126,77.2252,28.5165,1028.7,False,102.62,282.15,-7.8,,952.5,,False,0
800d34,IGO6560 ,India,1775559126.0,1775559126,78.0587,28.6192,4693.92,False,159.27,341.16,-8.78,,4808.22,,False,0
800d2d,IGO387V ,India,1775558976.0,1775559034,80.9581,26.7616,480.06,False,71.52,269.18,-3.58,,358.14,,False,0
800d2c,IGO2417 ,India,1775559125.0,1775559125,80.4005,27.1356,10972.8,False,182.46,310.43,0.0,,11292.84,,False,0
800d37,IGO5041 ,India,1775559123.0,1775559126,80.0533,27.1207,11231.88,False,296.4,115.28,2.6,,11574.78,,False,0
800d8a,IGO7142 ,India,1775559126.0,1775559126,77.4619,13.2054,2842.26,False,86.69,218.98,5.2,,2971.8,,False,0
800d6a,IGO7251 ,India,1775559127.0,1775559127,86.705,22.6675,2430.78,False,131.16,62.43,0.33,,2491.74,1256,False,0
800bbb,VTARC   ,India,1775559126.0,1775559126,88.3396,23.2725,2552.7,False,182.94,152.35,-9.75,,2583.18,0467,False,0
800bd4,AIC5VJ  ,India,1775559126.0,1775559126,73.2139,19.0931,1615.44,False,96.74,268.78,-4.23,,1615.44,,False,0
800bb5,IGO2614 ,India,1775559125.0,1775559125,81.0212,26.6756,10675.62,False,277.32,126.02,-0.33,,10995.66,,False,0
800bfa,AIC2304 ,India,1775559125.0,1775559126,83.7178,25.3455,10660.38,False,279.65,118.22,0.33,,11010.9,,False,0
800be6,AIC5PB  ,India,1775559125.0,1775559126,77.174,26.9512,7551.42,False,204.94,357.55,-6.18,,7749.54,,False,0
800be5,AIC5VH  ,India,1775559126.0,1775559126,74.4664,19.5829,8442.96,False,181.11,254.35,-9.43,,8869.68,,False,0
3c5642,BOX542  ,Germany,1775559127.0,1775559127,77.6635,27.8911,10957.56,False,305.65,97.54,3.25,,11285.22,,False,0
800cdc,IGO302  ,India,1775559020.0,1775559020,78.0624,13.3693,3200.4,False,132.12,126.29,-5.53,,3299.46,,False,0
800cb9,AIC4JP  ,India,1775559126.0,1775559126,76.8899,27.9215,4305.3,False,182.43,189.25,14.31,,4343.4,,False,0
800cba,AIC5MF  ,India,1775559126.0,1775559126,76.8737,30.4446,4160.52,False,130.87,150.31,15.61,,4191.0,,False,0
800cc8,AIC4EL  ,India,1775559126.0,1775559126,77.3221,11.5603,5410.2,False,179.92,207.22,-8.78,,5676.9,,False,0
800cee,IGO6461 ,India,1775559126.0,1775559126,77.1532,29.0823,3101.34,False,135.41,142.56,-3.9,,3116.58,,False,0
800cff,AIC2240 ,India,1775559126.0,1775559126,77.2565,25.0208,10972.8,False,199.33,357.19,0.0,,11407.14,,False,0
800cfe,AIC2256 ,India,1775559125.0,1775559125,75.9611,27.9722,7490.46,False,234.62,19.47,-20.16,,7688.58,,False,0
80162c,AXB1562 ,India,1775559172.0,1775559172,88.7269,26.0099,11582.4,False,204.45,277.52,0.0,,11963.4,2605,False,0
80162d,AXB1038 ,India,1775559173.0,1775559173,77.5997,28.558,1821.18,False,134.83,271.53,-2.93,,1798.32,,False,0
801640,AIC2356 ,India,1775559172.0,1775559172,87.6337,24.3432,10972.8,False,197.99,293.1,0.33,,11376.66,6131,False,0
80162e,AIC5EY  ,India,1775559172.0,1775559173,77.2177,26.0903,11140.44,False,216.19,358.09,-5.2,,11574.78,,False,0
801657,AIC4CM  ,India,1775559172.0,1775559172,87.5648,26.1493,10668.0,False,266.5,97.99,0.0,,10972.8,0547,False,0
80163f,AIC6GB  ,India,1775559173.0,1775559173,76.6425,28.4576,3962.4,False,162.64,99.28,-0.33,,4008.12,,False,0
801623,AXB1514 ,India,1775559171.0,1775559172,78.2625,26.6569,8267.7,False,194.61,279.59,-4.23,,8511.54,,False,0
80161c,AXB1243 ,India,1775559173.0,1775559173,74.1511,19.497,6438.9,False,183.16,253.86,-4.55,,6728.46,,False,0
80161a,IGO6914 ,India,1775559073.0,1775559074,91.9801,25.556,3436.62,False,109.61,271.34,-3.9,,3497.58,,False,0
801625,AIC2384 ,India,1775559166.0,1775559170,87.4301,18.9584,10073.64,False,247.52,150.08,0.0,,10599.42,0507,False,0
801629,IGO7223 ,India,1775559172.0,1775559172,77.7445,13.4766,3032.76,False,106.58,56.62,1.63,,3086.1,,False,0
80167d,AXB1354 ,India,1775559171.0,1775559171,84.5195,20.6651,10660.38,False,250.56,39.84,0.0,,11201.4,0222,False,0
80167e,AIC4AK  ,India,1775559172.0,1775559172,76.8272,25.2212,11902.44,False,248.58,175.97,0.0,,12397.74,,False,0
80164b,IGO79MA ,India,1775559172.0,1775559172,76.7488,28.3323,3276.6,False,146.0,196.58,20.81,,3261.36,,False,0
80164f,AIC4GV  ,India,1775559172.0,1775559172,77.4572,28.2781,2438.4,False,117.46,57.7,0.0,,2430.78,,False,0
801663,IGO214J ,India,1775559172.0,1775559172,76.8846,25.4648,10668.0,False,252.29,177.66,-0.33,,11087.1,,False,0
801667,AIC6FJ  ,India,1775559172.0,1775559172,73.0696,19.0914,990.6,False,93.63,269.37,-4.23,,960.12,,False,0
801672,AIC5WH  ,India,1775559173.0,1775559173,77.1532,28.4137,1569.72,False,116.14,100.46,0.33,,1531.62,,False,0
80169d,IGO6264 ,India,1775559165.0,1775559171,73.0373,18.4744,10668.0,False,230.62,357.95,0.0,,11262.36,,False,0
80169e,AKJ1140 ,India,1775559166.0,1775559166,72.8985,19.0892,160.02,False,69.96,270.0,-3.9,,144.78,,False,0
8014e4,IGO624  ,India,1775559172.0,1775559172,75.8107,12.3861,11277.6,False,235.58,158.48,-0.33,,11910.06,,False,0
8014db,AIC5ZY  ,India,1775559168.0,1775559170,77.3633,28.3629,1889.76,False,104.12,98.81,-3.9,,1859.28,,False,0
8014f3,AIC5TX  ,India,1775558973.0,1775558973,72.5192,19.7103,6126.48,False,184.32,328.35,17.56,,6393.18,,False,0
8014ba,VTSFU   ,India,1775559172.0,1775559172,73.1251,19.0595,12489.18,False,217.14,354.29,0.0,,13136.88,,False,0
8014bd,IGO6146 ,India,1775559172.0,1775559172,74.683,25.2974,11887.2,False,239.98,25.8,0.33,,12390.12,,False,0
8014d8,IGO6393 ,India,1775559106.0,1775559106,76.4805,30.6744,1706.88,False,101.44,49.52,-6.83,,1889.76,,False,0
801606,AXB2891 ,India,1775559171.0,1775559172,73.2638,18.7309,11887.2,False,243.33,149.37,0.0,,12534.9,,False,0
801609,VTPMO   ,India,1775559172.0,1775559172,87.8314,25.9628,10203.18,False,201.9,215.88,-12.35,,10454.64,0466,False,0
801613,AXB1168 ,India,1775559172.0,1775559173,76.7745,27.529,11285.22,False,251.52,170.35,0.0,,11673.84,,False,0
80174a,IGO69TA ,India,1775559172.0,1775559172,73.2337,19.1974,2971.8,False,137.43,122.62,-2.93,,3055.62,,False,0
801759,IGO357Y ,India,1775559127.0,1775559127,76.9112,24.8431,10675.62,False,262.1,177.53,-0.33,,11117.58,,False,0
80175f,IGO1089 ,India,1775559172.0,1775559173,73.9935,18.4476,7917.18,False,244.28,112.41,6.5,,8313.42,,False,0
801768,IGO405K ,India,1775559172.0,1775559172,88.438,22.6215,617.22,False,89.34,228.97,5.53,,533.4,1461,False,0
800441,AIC2JL  ,India,1775559172.0,1775559172,72.8959,18.337,5646.42,False,211.65,161.87,7.8,,5890.26,,False,0
801778,IGO770H ,India,1775559172.0,1775559172,76.8477,26.3136,10675.62,False,250.21,177.76,1.95,,11079.48,,False,0
801739,VTJMR   ,India,1775559172.0,1775559172,72.7276,19.0647,4610.1,False,186.88,148.28,-9.1,,4785.36,,False,0
801785,AKJ619  ,India,1775559169.0,1775559169,75.9078,19.4521,10340.34,False,208.58,280.23,-4.88,,10888.98,,False,0
801786,AKJ1124 ,India,1775558897.0,1775558918,81.2015,25.1771,6385.56,False,192.67,219.26,6.5,,6545.58,,False,0
80177b,AXB6118 ,India,1775559172.0,1775559172,73.1389,18.7618,3048.0,False,147.7,130.9,0.0,,3124.2,,False,0
801793,IGO105W ,India,1775559091.0,1775559091,75.736,20.36,10058.4,False,261.88,74.27,0.0,,10607.04,,False,0
801792,IGO1052 ,India,1775559172.0,1775559172,74.7143,19.5897,9662.16,False,190.83,275.88,-8.45,,10187.94,,False,0
8016a6,AIC4FC  ,India,1775559172.0,1775559172,77.7831,28.5801,3223.26,False,118.29,223.06,-7.48,,3253.74,,False,0
8016a7,AIC6KU  ,India,1775558924.0,1775558924,75.1889,25.1209,10363.2,False,230.36,205.25,0.0,,10805.16,,False,0
8016a4,IGO726  ,India,1775558948.0,1775558948,75.7979,19.3556,8831.58,False,273.74,128.05,1.63,,9273.54,,False,0
8016a5,IGO1114 ,India,1775558985.0,1775558990,84.3313,19.5397,11597.64,False,230.05,209.03,0.0,,12222.48,4705,False,0
76b862,TGW675  ,Singapore,1775559150.0,1775559154,98.9902,18.8654,1409.7,False,121.99,88.07,3.58,,1409.7,,False,0
8015c0,IGO674  ,India,1775559172.0,1775559172,73.1877,18.8999,2743.2,False,121.29,32.88,0.33,,2811.78,,False,0
8015c3,VTSSR   ,India,1775559121.0,1775559121,78.6062,14.0378,10774.68,False,230.44,123.16,-15.28,,11567.16,,False,0
8015d3,IGO993E ,India,1775559153.0,1775559153,77.7618,13.1891,1104.9,False,76.14,270.77,-3.58,,1043.94,,False,0
8015d1,IGO4VP  ,India,1775559167.0,1775559167,77.4508,11.8082,4876.8,False,131.38,207.27,-0.33,,5052.06,,False,0
8015d7,VTSBS   ,India,1775559173.0,1775559173,77.863,27.9726,1310.64,False,59.71,271.97,1.3,,1272.54,,False,0
8015d9,IGO6532 ,India,1775559172.0,1775559172,77.8346,13.1885,1501.14,False,81.8,270.72,-4.55,,1463.04,,False,0
8015b8,IGO226Y ,India,1775559169.0,1775559172,76.8195,27.7907,6964.68,False,194.14,182.58,22.11,,7170.42,,False,0
8015fc,IGO301P ,India,1775559172.0,1775559172,90.4908,23.6112,5280.66,False,198.92,118.75,-8.45,,5440.68,0562,False,0
8015e4,IGO525  ,India,1775559172.0,1775559172,89.7776,23.1947,9753.6,False,192.98,265.57,0.0,,10142.22,3307,False,0
8015e6,IGO615C ,India,1775559170.0,1775559171,72.8124,18.5772,4838.7,False,223.85,161.65,14.31,,5036.82,,False,0
8015da,IGO2589 ,India,1775559171.0,1775559172,84.6986,24.9425,10660.38,False,266.28,119.39,0.33,,11033.76,0535,False,0
88530a,THA217  ,Thailand,1775559172.0,1775559172,99.7142,11.4004,10972.8,False,237.95,193.38,0.33,,11696.7,,False,0
801723,IGO848  ,India,1775559173.0,1775559173,77.8351,11.5512,7124.7,False,213.45,56.0,9.75,,7467.6,,False,0
80053f,AICD5V  ,India,1775559172.0,1775559172,73.1817,19.8961,5090.16,False,165.16,184.65,-4.88,,5280.66,,False,0
80187c,IGO5936 ,India,1775559172.0,1775559172,85.5703,24.075,11582.4,False,219.79,214.99,0.33,,12047.22,1447,False,0
801861,IGO724F ,India,1775559172.0,1775559172,76.836,28.0875,5234.94,False,183.35,182.73,12.35,,5318.76,,False,0
801864,IGO274P ,India,1775559049.0,1775559065,85.0446,19.5314,10980.42,False,214.91,251.0,0.0,,11590.02,2632,False,0
80185b,VTBBN   ,India,1775559172.0,1775559172,73.7896,18.5712,2095.5,False,119.04,204.24,14.31,,2103.12,,False,0
80185f,IGO163K ,India,1775559164.0,1775559167,77.5569,13.3841,3284.22,False,150.29,339.15,15.61,,3375.66,,False,0
80058a,AIC5VU  ,India,1775559172.0,1775559172,82.4042,25.7403,4732.02,False,152.07,307.02,13.98,,4815.84,,False,0
800585,,India,1775559171.0,1775559171,77.0931,28.5653,312.42,False,94.45,284.19,9.75,,205.74,,False,0
8960ec,UAE362  ,United Arab Emirates,1775559172.0,1775559172,87.5867,23.2624,12496.8,False,277.98,117.8,0.33,,13060.68,6226,False,0
8017a8,VTPVS   ,India,1775559171.0,1775559172,73.5739,19.5314,2286.0,False,69.36,60.2,0.33,,2308.86,,False,0
8960dc,UAE507  ,United Arab Emirates,1775559171.0,1775559171,72.703,19.0921,1341.12,False,130.37,277.94,8.13,,1325.88,,False,0
8016e1,IGO1421 ,India,1775559158.0,1775559164,69.3917,18.4054,10972.8,False,220.47,272.94,0.0,,11597.64,,False,0
8016da,IGO338C ,India,1775559171.0,1775559172,75.7343,26.3665,10355.58,False,207.72,202.88,0.0,,10744.2,,False,0
8016af,AXB1540 ,India,1775559051.0,1775559077,77.8468,14.1655,8031.48,False,192.95,17.86,3.58,,8450.58,,False,0
8016c8,AXB1671 ,India,1775559172.0,1775559172,73.0707,19.2065,3589.02,False,136.98,92.58,-2.6,,3703.32,,False,0
8016c7,AXB2882 ,India,1775559164.0,1775559164,77.9394,13.1875,2103.12,False,103.41,270.86,-3.9,,2118.36,,False,0
8016cc,AXB2718 ,India,1775559170.0,1775559170,77.9762,13.4067,4015.74,False,139.17,60.31,-5.53,,4175.76,,False,0
8016d7,IGO262F ,India,1775559026.0,1775559026,78.1971,13.5326,4503.42,False,145.0,94.48,-4.23,,4709.16,,False,0
801805,IGO472V ,India,1775559172.0,1775559172,77.6014,13.2571,1920.24,False,127.58,300.81,14.63,,1874.52,,False,0
896197,UAE372  ,United Arab Emirates,1775559171.0,1775559172,89.3777,21.5932,12496.8,False,289.82,102.51,0.33,,13075.92,4131,True,0
801839,IGO6226 ,India,1775559168.0,1775559171,77.5307,29.8644,3406.14,False,171.14,50.86,-5.85,,3444.24,,False,0
801850,IGO1862 ,India,1775559022.0,1775559022,77.7622,13.1891,1112.52,False,74.08,270.4,-4.23,,1043.94,,False,0
800520,AIC2KP  ,India,1775558886.0,1775558886,75.714,17.8,11285.22,False,252.05,114.73,0.0,,11902.44,,False,0
801851,IGO316P ,India,1775559169.0,1775559172,76.0759,26.962,10972.8,False,214.63,204.05,0.0,,11376.66,,False,0
80180b,IGO910  ,India,1775559172.0,1775559172,86.0507,24.2284,10683.24,False,272.47,119.28,-0.33,,11087.1,0544,False,0
80180e,IGO392C ,India,1775559172.0,1775559172,73.0978,17.9658,8008.62,False,248.4,137.85,12.35,,8420.1,,False,0
801831,AKJ1509 ,India,1775559172.0,1775559172,85.8233,19.7747,11277.6,False,264.75,69.17,0.0,,11871.96,2705,False,0
47b12e,NBT192  ,Norway,1775559172.0,1775559172,91.1626,19.5267,9745.98,False,232.33,307.35,-0.33,,10294.62,6143,False,0
8005b9,VTBRS   ,India,1775559172.0,1775559172,73.6198,19.291,3954.78,False,127.32,241.26,-0.33,,4076.7,,False,0
7020ae,AWA448  ,Bangladesh,1775559172.0,1775559172,90.7539,23.553,3642.36,False,128.97,335.99,-3.58,,3718.56,5567,False,0
7020c2,UBG361  ,Bangladesh,1775559172.0,1775559172,86.2593,22.7387,10972.8,False,203.84,276.08,0.0,,11468.1,4747,False,0
8004df,AIC188  ,India,1775559137.0,1775559137,77.105,28.5423,297.18,False,80.48,283.68,-3.9,,236.22,,False,0
8017e5,IGO764V ,India,1775559155.0,1775559172,75.2846,25.5034,11590.02,False,214.36,200.22,0.0,,12092.94,,False,0
8017f2,IGO349  ,India,1775559172.0,1775559172,75.9159,27.8947,7254.24,False,196.98,21.61,-5.2,,7414.26,,False,0
884205,BKP277  ,Thailand,1775559172.0,1775559172,99.7606,12.4854,8763.0,False,222.24,179.73,5.53,,9357.36,,False,0
781be6,CSC3923 ,China,1775559171.0,1775559172,92.5402,22.356,10363.2,False,191.34,261.65,-0.33,,10828.02,1500,False,0
896316,UAE328  ,United Arab Emirates,1775559172.0,1775559172,84.5631,22.9397,11277.6,False,296.24,94.58,0.0,,11788.14,6205,False,0
80073b,AIC313  ,India,1775559172.0,1775559172,80.1414,27.3306,11574.78,False,195.3,310.19,0.0,,11932.92,5046,False,0
800742,AIC2664 ,India,1775559172.0,1775559172,76.7832,26.9542,9174.48,False,249.61,181.65,7.8,,9433.56,,False,0
8963e0,UAE46F  ,United Arab Emirates,1775559172.0,1775559172,89.1393,23.0722,7985.76,False,254.12,56.73,-8.78,,8275.32,6201,False,0
4bb152,THY6263 ,Turkey,1775559172.0,1775559172,77.7266,29.784,9144.0,False,256.41,323.57,0.0,,9357.36,,False,0
8007b0,IGO394  ,India,1775559172.0,1775559172,88.065,22.5881,5196.84,False,169.11,286.62,12.68,,5356.86,2644,False,0
781cdf,HYT9068 ,China,1775559172.0,1775559172,89.7957,22.4986,10660.38,False,273.8,97.23,0.33,,11079.48,3056,False,0
8007cf,IGO516  ,India,1775558858.0,1775558858,77.5671,14.5454,9989.82,False,215.34,349.82,9.43,,10553.7,,False,0
885973,TVJ109  ,Thailand,1775558881.0,1775558881,99.0842,18.6987,3177.54,False,134.83,154.22,14.31,,3139.44,,False,0
89661e,UAE654  ,United Arab Emirates,1775559170.0,1775559171,78.6444,8.2772,7703.82,False,213.91,126.79,-8.78,,8077.2,,False,0
781ec1,CSC9648 ,China,1775558876.0,1775558876,75.6811,20.3455,11887.2,False,264.86,74.45,0.0,,12481.56,,False,0
8832d5,TLM812  ,Thailand,1775559165.0,1775559165,99.6701,10.8495,10363.2,False,238.06,197.22,0.0,,11033.76,,False,0
76cd76,SIA326  ,Singapore,1775559172.0,1775559173,75.9528,30.3551,9144.0,False,258.86,310.08,-0.33,,9311.64,,False,0
152036,AFL599  ,Russian Federation,1775559172.0,1775559172,99.6551,14.6109,10363.2,False,244.57,310.22,0.0,,11018.52,,False,0
040156,ETH3751 ,Ethiopia,1775559161.0,1775559167,78.617,13.1289,9753.6,False,253.09,275.13,0.0,,10302.24,,False,0
78021a,CPA2045 ,China,1775559172.0,1775559172,77.4152,28.4758,1729.74,False,106.25,282.02,-3.9,,1684.02,,False,0
704012,MMA401  ,Myanmar,1775559172.0,1775559172,97.9062,14.632,11277.6,False,12.45,141.71,0.33,,10317.48,,False,0
880c44,AIQ5500 ,Thailand,1775558994.0,1775558994,98.9928,18.8593,1348.74,False,123.82,67.27,13.98,,1242.06,,False,0
880c52,AIQ3331 ,Thailand,1775559173.0,1775559173,99.7613,11.705,10363.2,False,223.78,179.87,0.0,,11041.38,,False,0
76b442,SIA763  ,Singapore,1775559173.0,1775559173,99.5269,11.5883,10668.0,False,239.51,152.77,0.0,,11361.42,,False,0
801408,AIC5CT  ,India,1775559172.0,1775559172,75.8452,27.721,8031.48,False,214.48,21.09,-6.18,,8237.22,,False,0
801410,IGO687C ,India,1775559171.0,1775559171,74.7496,20.2921,10050.78,False,253.49,51.01,0.0,,10599.42,,False,0
801411,IGO43F  ,India,1775559172.0,1775559172,75.7407,26.365,9745.98,False,221.36,209.37,-0.33,,10096.5,,False,0
801415,IGO97Y  ,India,1775559171.0,1775559172,76.2023,7.4883,4572.0,False,126.23,44.5,0.0,,4716.78,,False,0
80142b,IGO74TY ,India,1775559172.0,1775559172,87.8235,22.7004,8001.0,False,176.19,288.91,13.33,,8275.32,1466,False,0
801444,AXB1352 ,India,1775559172.0,1775559172,76.7757,30.6195,8747.76,False,196.38,162.47,-5.2,,8953.5,,False,0
801455,IGO12AJ ,India,1775559162.0,1775559162,83.3206,26.5693,11582.4,False,193.8,275.48,0.0,,11955.78,,False,0
801421,IGO164P ,India,1775559172.0,1775559172,77.1205,11.0208,11452.86,False,229.4,332.63,4.88,,12085.32,,False,0
801424,AIC238  ,India,1775559172.0,1775559172,81.0358,26.7179,9753.6,False,205.47,287.94,0.0,,10035.54,4756,False,0
80141d,AIC6LR  ,India,1775559003.0,1775559003,76.9287,24.4598,11269.98,False,253.83,177.68,0.0,,11757.66,,False,0
801432,IGO6309 ,India,1775559172.0,1775559172,86.8578,24.1062,11574.78,False,195.33,303.4,0.0,,12031.98,1356,False,0
801435,AXB1056 ,India,1775559172.0,1775559172,82.179,25.6501,10965.18,False,185.19,313.99,0.33,,11346.18,,False,0
80141f,IGO5247 ,India,1775559172.0,1775559172,75.8206,19.3499,11582.4,False,213.1,282.12,-0.33,,12214.86,,False,0
801499,IGO256E ,India,1775559170.0,1775559170,92.1528,26.0618,10972.8,False,195.84,227.13,0.33,,11315.7,,False,0
801461,IGO764  ,India,1775559172.0,1775559172,77.2072,11.8309,7665.72,False,217.99,14.63,7.48,,8046.72,,False,0
801460,IGO1070 ,India,1775559171.0,1775559171,79.3242,27.8898,9829.8,False,207.75,303.18,-4.88,,10126.98,,False,0
80145b,IGO259  ,India,1775559172.0,1775559173,86.9802,20.264,11277.6,False,269.18,63.68,0.0,,11856.72,2006,False,0
80148e,IGO614  ,India,1775559172.0,1775559173,76.5713,27.9179,10988.04,False,218.09,200.14,0.0,,11330.94,,False,0
80148f,IGO512E ,India,1775559172.0,1775559172,76.6436,13.0716,7376.16,False,189.93,88.14,-4.23,,7757.16,,False,0
80149e,IGO542M ,India,1775559156.0,1775559156,73.988,16.7177,11277.6,False,242.38,144.59,0.0,,11917.68,,False,0
801525,VTPCR   ,India,1775559171.0,1775559171,77.1491,27.4216,4815.84,False,198.25,357.47,-8.78,,4930.14,,False,0
8850b0,THA303  ,Thailand,1775559172.0,1775559172,99.2478,14.6195,8953.5,False,232.4,310.6,2.6,,9540.24,,False,0
801509,AKJ1141 ,India,1775559172.0,1775559172,90.5978,25.5869,5829.3,False,164.72,59.19,-5.85,,5981.7,1475,False,0
80154a,AKJ182Z ,India,1775559172.0,1775559172,81.5518,25.0842,8130.54,False,204.55,242.6,11.7,,8366.76,,False,0
801569,IGO323  ,India,1775559171.0,1775559173,87.7537,20.5642,11574.78,False,195.68,234.85,0.0,,12146.28,1302,False,0
801560,IGO604  ,India,1775559172.0,1775559172,73.4088,19.4089,3093.72,False,154.89,162.41,-3.58,,3177.54,,False,0
80155c,IGO337F ,India,1775559124.0,1775559166,78.1976,13.8666,7277.1,False,210.71,48.76,1.3,,7665.72,,False,0
80155d,AKJ1563 ,India,1775559131.0,1775559131,74.1764,18.4192,2613.66,False,100.45,23.55,-5.2,,2842.26,,False,0
80155b,IGO139C ,India,1775559158.0,1775559160,77.0499,9.433,5989.32,False,234.29,185.92,-9.43,,6271.26,,False,0
801571,IGO7309 ,India,1775559172.0,1775559172,91.2377,23.8804,4876.8,False,126.36,189.85,0.0,,4991.1,2615,False,0
80152e,IGO328C ,India,1775559173.0,1775559173,76.8992,28.61,2080.26,False,144.25,284.88,7.8,,2049.78,,False,0
801548,AKJ1106 ,India,1775559172.0,1775559172,72.9803,19.0902,601.98,False,78.74,268.5,-4.55,,541.02,,False,0
801553,AIC6LH  ,India,1775559172.0,1775559172,75.5831,25.9416,11590.02,False,220.12,204.29,0.33,,12077.7,,False,0
801552,AIC2116 ,India,1775559172.0,1775559172,77.9947,29.0336,3870.96,False,142.26,189.16,-7.8,,3924.3,,False,0
80159e,AIC116  ,India,1775559172.0,1775559172,73.2734,19.1237,1783.08,False,103.06,238.06,-2.28,,1798.32,,False,0
80159b,SDG182  ,India,1775559172.0,1775559172,76.9745,13.7872,8077.2,False,229.8,128.0,-5.2,,8526.78,,False,0
80156d,IGO6553 ,India,1775559169.0,1775559169,73.1418,19.6629,9387.84,False,225.31,350.54,4.55,,9890.76,,False,0
80157c,AKJ1819 ,India,1775559172.0,1775559172,77.2842,28.4536,2872.74,False,128.94,78.96,-3.25,,2880.36,,False,0
801590,AXB1081 ,India,1775559171.0,1775559172,79.014,27.5416,10050.78,False,260.14,111.34,0.65,,10347.96,,False,0
801594,AXB1340 ,India,1775559105.0,1775559105,72.9815,20.8256,10066.02,False,223.56,357.1,0.33,,10614.66,,False,0
8013c3,AIC357  ,India,1775559172.0,1775559172,87.7928,24.3626,12184.38,False,217.9,291.9,0.0,,12672.06,1031,False,0
8013d5,IGO2557 ,India,1775559172.0,1775559172,76.4334,27.6827,7284.72,False,199.47,213.85,5.2,,7459.98,,False,0
8013fe,AIC5SA  ,India,1775559171.0,1775559172,76.5454,30.5022,3627.12,False,194.79,323.92,-14.31,,3657.6,,False,0
8013fb,IGO5932 ,India,1775559171.0,1775559171,75.3279,30.7286,7856.22,False,204.08,170.28,6.83,,7985.76,,False,0
8013fc,IGO212MD,India,1775559172.0,1775559172,87.0657,23.0311,6690.36,False,193.64,194.15,0.33,,6903.72,1275,False,0
8013e3,IGO7517 ,India,1775559172.0,1775559173,76.3575,28.8306,2430.78,False,109.37,191.94,-0.65,,2400.3,,False,0
8013da,IGO925  ,India,1775559172.0,1775559172,81.3814,26.677,2552.7,False,141.2,292.27,-5.85,,2575.56,,False,0
8013ea,AIC1QA  ,India,1775559160.0,1775559162,75.3063,25.3846,10363.2,False,233.7,204.31,0.0,,10805.16,,False,0
880455,AIQ3074 ,Thailand,1775559172.0,1775559172,99.7621,11.2668,11582.4,False,235.62,180.0,0.0,,12344.4,,False,0
800db0,AIC4EP  ,India,1775559172.0,1775559172,77.035,28.9588,2743.2,False,162.19,18.49,0.0,,2735.58,,False,0
800db2,IGO7426 ,India,1775559171.0,1775559172,78.8779,28.6725,3657.6,False,122.96,232.65,0.98,,3718.56,,False,0
702c25,AJX1432 ,Bangladesh,1775559171.0,1775559172,90.3809,23.5388,1272.54,False,116.41,6.09,0.33,,1242.06,4132,False,0
151dc6,,Russian Federation,1775559139.0,1775559172,78.9381,25.2929,10363.2,False,191.78,298.7,0.0,,10721.34,,False,0
151dad,AFL275  ,Russian Federation,1775559171.0,1775559172,77.0588,30.4918,10363.2,False,234.38,306.97,0.0,,10584.18,,False,0
7821a0,CSS155  ,China,1775559172.0,1775559172,87.1777,24.796,9144.0,False,212.24,293.27,0.0,,9441.18,0504,False,0
151d78,AZV2902 ,Russian Federation,1775559173.0,1775559173,77.4841,27.2518,9753.6,False,210.71,318.76,0.0,,10005.06,,False,0
151d46,AZV2502 ,Russian Federation,1775559172.0,1775559172,87.4315,22.6573,10363.2,False,190.62,273.09,-0.33,,10774.68,5541,False,0
151d4a,AZV2904 ,Russian Federation,1775559171.0,1775559172,86.1478,19.4487,9753.6,False,218.48,292.28,0.0,,10210.8,0765,False,0
77170e,EXV923  ,Sri Lanka,1775559126.0,1775559167,77.3132,5.5345,11582.4,False,239.4,246.58,0.33,,12199.62,,False,0
70c109,OMA318  ,Oman,1775559173.0,1775559173,88.2348,24.2054,10050.78,False,201.35,306.9,8.45,,10386.06,4751,False,0
7c1472,QFA67   ,Australia,1775558861.0,1775558861,77.7671,13.189,1135.38,False,75.63,270.39,-4.88,,1082.04,,False,0
770453,ALK183  ,Sri Lanka,1775558945.0,1775558945,70.3429,19.6643,10370.82,False,223.83,318.73,0.0,,10949.94,,False,0
880849,AIQ3008 ,Thailand,1775559170.0,1775559170,99.2896,10.5522,11887.2,False,227.44,33.19,0.0,,12611.1,,False,0
70c0df,OMA246  ,Oman,1775559173.0,1775559173,77.0214,28.5333,1066.8,False,88.98,188.65,11.38,,967.74,,False,0
86ebfa,ANA837  ,Japan,1775559172.0,1775559172,78.8191,28.174,7399.02,False,232.31,312.49,-9.43,,7612.38,5675,False,0
507c71,QNT2232 ,Uzbekistan,1775559172.0,1775559172,79.9867,27.6912,10363.2,False,201.57,316.24,-0.33,,10652.76,,False,0
76cda3,SIA338  ,Singapore,1775559172.0,1775559172,81.0943,26.636,10972.8,False,203.33,305.94,0.0,,11384.28,0146,False,0
8940a1,GFA155  ,Bahrain,1775559172.0,1775559172,73.873,19.7585,11582.4,False,229.45,285.87,0.33,,12199.62,,False,0
750424,MXD183  ,Malaysia,1775558967.0,1775558981,90.2828,18.0754,11277.6,False,242.59,159.26,0.0,,11902.44,2512,False,0
75054f,MAS171  ,Malaysia,1775559171.0,1775559171,99.8127,11.0425,11277.6,False,238.58,153.49,0.0,,11986.26,,False,0
881058,NOK546  ,Thailand,1775559172.0,1775559172,99.4781,10.5368,10972.8,False,239.19,193.56,0.0,,11666.22,,False,0
881056,NOK528  ,Thailand,1775559173.0,1775559173,99.7605,12.0625,10972.8,False,238.7,179.75,0.0,,11658.6,,False,0
800b12,IGO2053 ,India,1775559171.0,1775559171,73.5285,19.4887,8008.62,False,224.19,57.37,7.48,,8420.1,,False,0
800b52,LLR513  ,India,1775559172.0,1775559173,77.5837,12.9812,3962.4,False,134.7,158.73,0.0,,4191.0,,False,0
3c4585,BOX720  ,Germany,1775559172.0,1775559172,77.3037,28.4996,830.58,False,88.96,283.71,0.33,,754.38,,False,0
800c07,AIC6JS  ,India,1775559141.0,1775559142,76.3149,14.738,9799.32,False,241.3,138.63,-3.58,,10347.96,,False,0
800c38,IGO5302 ,India,1775559169.0,1775559169,73.2808,19.0118,1036.32,False,86.08,262.79,0.0,,1112.52,,False,0
800c3c,AIC6AC  ,India,1775559172.0,1775559172,88.4639,22.7929,746.76,False,82.32,186.46,-1.95,,685.8,0250,False,0
800c3e,AIC186  ,India,1775559172.0,1775559172,84.4498,25.7788,11582.4,False,210.53,287.64,-0.33,,11978.64,0250,False,0
800c0c,AIC5WG  ,India,1775559172.0,1775559172,83.1015,26.1033,9144.0,False,214.09,288.78,0.0,,9410.7,,False,0
800c0b,AIC6AB  ,India,1775559172.0,1775559172,76.7774,28.0904,3345.18,False,140.77,217.87,8.45,,3352.8,,False,0
800c16,IGO6713 ,India,1775559172.0,1775559172,77.0247,28.6319,10355.58,False,204.84,208.17,0.0,,10637.52,,False,0
800c87,AIC2388 ,India,1775559172.0,1775559172,91.9671,18.9573,10668.0,False,261.97,121.75,0.0,,11247.12,0551,False,0
800c4b,AIC4309 ,India,1775559172.0,1775559172,76.6052,27.8948,5440.68,False,156.11,218.04,12.68,,5532.12,,False,0
800c65,IGO7455 ,India,1775559172.0,1775559172,73.2875,18.855,4579.62,False,141.77,68.28,0.0,,4800.6,,False,0
4cac16,KZR200  ,Ireland,1775559170.0,1775559170,77.2388,25.5167,9753.6,False,198.69,358.07,0.0,,10111.74,,False,0
710053,SVA826  ,Saudi Arabia,1775559173.0,1775559173,77.2856,13.1613,10058.4,False,265.89,118.55,0.0,,10629.9,,False,0
800d10,IGO515  ,India,1775559172.0,1775559172,79.14,29.3309,7543.8,False,170.62,315.61,-3.9,,7734.3,,False,0
800d01,IGO292K ,India,1775559172.0,1775559172,88.1597,23.4384,7871.46,False,212.21,347.68,10.73,,8138.16,1437,False,0
800d08,SEJ2451 ,India,1775559172.0,1775559172,77.4322,29.3738,4183.38,False,141.09,160.18,-4.23,,4244.34,,False,0
800d31,VTHCA   ,India,1775559172.0,1775559172,77.1833,28.5254,708.66,False,75.24,283.85,-3.25,,624.84,,False,0
800d34,IGO6560 ,India,1775559171.0,1775559172,78.0036,28.6454,4351.02,False,137.8,261.63,-8.13,,4419.6,,False,0
800d2d,IGO387V ,India,1775558976.0,1775559034,80.9581,26.7616,480.06,False,71.52,269.18,-3.58,,358.14,,False,0
800d2c,IGO2417 ,India,1775559171.0,1775559171,80.3366,27.1839,10972.8,False,183.25,310.22,-0.33,,11292.84,,False,0
800d37,IGO5041 ,India,1775559171.0,1775559172,80.1824,27.0658,11277.6,False,295.45,115.58,0.0,,11612.88,,False,0
800d8a,IGO7142 ,India,1775559172.0,1775559172,77.4384,13.1768,3055.62,False,86.45,218.23,6.18,,3200.4,,False,0
800d6a,IGO7251 ,India,1775559173.0,1775559173,86.7583,22.6934,2423.16,False,135.3,62.36,0.0,,2484.12,1256,False,0
800bbb,VTARC   ,India,1775559172.0,1775559172,88.3746,23.2107,2194.56,False,154.16,152.58,-7.8,,2217.42,0467,False,0
800bd4,AIC5VJ  ,India,1775559171.0,1775559171,73.1723,19.0926,1409.7,False,95.18,269.38,-4.55,,1394.46,,False,0
800bb5,IGO2614 ,India,1775559172.0,1775559172,81.1247,26.6083,10668.0,False,277.73,125.96,0.0,,10988.04,,False,0
800bfa,AIC2304 ,India,1775559170.0,1775559170,83.83,25.2909,10683.24,False,280.55,118.12,0.33,,11026.14,,False,0
800be6,AIC5PB  ,India,1775559172.0,1775559172,77.1696,27.0374,7269.48,False,205.99,357.42,-6.83,,7467.6,,False,0
800be5,AIC5VH  ,India,1775559171.0,1775559172,74.3926,19.5629,8206.74,False,168.04,254.01,-3.25,,8610.6,,False,0
3c5642,BOX542  ,Germany,1775559172.0,1775559172,77.8042,27.8745,11102.34,False,309.87,97.63,3.25,,11437.62,,False,0
800cdc,IGO302  ,India,1775559020.0,1775559020,78.0624,13.3693,3200.4,False,132.12,126.29,-5.53,,3299.46,,False,0
800cb9,AIC4JP  ,India,1775559170.0,1775559172,76.8764,27.8472,4930.14,False,186.06,189.23,14.63,,4998.72,,False,0
800cba,AIC5MF  ,India,1775559167.0,1775559169,76.9044,30.4008,4617.72,False,146.31,147.93,13.0,,4655.82,,False,0
800cc8,AIC4EL  ,India,1775559172.0,1775559172,77.2868,11.4947,5074.92,False,172.85,208.24,-11.38,,5326.38,,False,0
800cee,IGO6461 ,India,1775559172.0,1775559172,77.1933,29.037,3048.0,False,140.77,142.13,0.0,,3055.62,,False,0
800cff,AIC2240 ,India,1775559169.0,1775559172,77.2537,25.0981,10972.8,False,201.26,358.1,0.0,,11407.14,,False,0
800cfe,AIC2256 ,India,1775559171.0,1775559172,75.9989,28.0664,6667.5,False,238.22,19.69,-10.73,,6804.66,,False,0
80162c,AXB1562 ,India,1775559202.0,1775559203,88.665,26.0173,11582.4,False,204.52,277.66,0.0,,11963.4,2605,False,0
80162d,AXB1038 ,India,1775559204.0,1775559205,77.5579,28.5591,1744.98,False,122.49,271.68,-3.9,,1714.5,,False,0
801640,AIC2356 ,India,1775559203.0,1775559203,87.5787,24.3647,10972.8,False,197.31,293.02,0.0,,11376.66,6131,False,0
80162e,AIC5EY  ,India,1775559205.0,1775559205,77.2154,26.1525,10988.04,False,215.67,358.09,-4.55,,11407.14,,False,0
801657,AIC4CM  ,India,1775559203.0,1775559203,87.6461,26.1389,10668.0,False,269.12,98.02,0.0,,10972.8,0547,False,0
80163f,AIC6GB  ,India,1775559204.0,1775559204,76.6935,28.4497,3962.4,False,162.47,100.03,0.0,,4000.5,,False,0
801623,AXB1514 ,India,1775559202.0,1775559202,78.2033,26.6657,8130.54,False,193.51,279.49,-4.23,,8374.38,,False,0
80161c,AXB1243 ,India,1775559198.0,1775559198,74.1108,19.4861,6324.6,False,172.92,253.94,-4.23,,6606.54,,False,0
80161a,IGO6914 ,India,1775559193.0,1775559193,91.8746,25.6057,3002.28,False,117.8,334.11,-4.23,,3048.0,,False,0
801625,AIC2384 ,India,1775559201.0,1775559203,87.4715,18.8898,10066.02,False,247.26,150.18,-0.98,,10591.8,0507,False,0
801629,IGO7223 ,India,1775559203.0,1775559204,77.7707,13.4938,3108.96,False,108.87,56.76,3.25,,3177.54,,False,0
80167d,AXB1354 ,India,1775559201.0,1775559201,84.5658,20.7173,10668.0,False,249.44,39.9,0.0,,11209.02,0222,False,0
80167e,AIC4AK  ,India,1775559203.0,1775559203,76.8326,25.1523,11902.44,False,248.06,175.96,0.0,,12405.36,,False,0
80164b,IGO79MA ,India,1775559204.0,1775559204,76.7356,28.2932,3939.54,False,142.4,196.8,14.31,,3954.78,,False,0
80164f,AIC4GV  ,India,1775559204.0,1775559205,77.4904,28.2963,2438.4,False,117.96,58.74,0.33,,2430.78,,False,0
801663,IGO214J ,India,1775559203.0,1775559203,76.8877,25.3942,10660.38,False,251.75,177.77,0.0,,11087.1,,False,0
801667,AIC6FJ  ,India,1775559204.0,1775559204,73.0413,19.0911,906.78,False,95.7,269.08,-2.93,,861.06,,False,0
801672,AIC5WH  ,India,1775559204.0,1775559204,77.1904,28.4077,1569.72,False,114.53,100.35,0.33,,1531.62,,False,0
80169d,IGO6264 ,India,1775559195.0,1775559195,73.0349,18.5353,10668.0,False,231.15,357.83,0.0,,11269.98,,False,0
80169e,AKJ1140 ,India,1775559193.0,1775559193,72.8803,19.0889,60.96,False,69.97,269.16,-2.28,,-15.24,,False,0
8014e4,IGO624  ,India,1775559204.0,1775559204,75.837,12.3215,11269.98,False,235.67,158.08,0.0,,11894.82,,False,0
8014db,AIC5ZY  ,India,1775559204.0,1775559204,77.4002,28.3674,1760.22,False,112.64,50.93,-2.6,,1729.74,,False,0
8014f3,AIC5TX  ,India,1775558973.0,1775558973,72.5192,19.7103,6126.48,False,184.32,328.35,17.56,,6393.18,,False,0
8014ba,VTSFU   ,India,1775559204.0,1775559204,73.1185,19.1223,12489.18,False,217.66,354.3,-0.33,,13136.88,,False,0
8014bd,IGO6146 ,India,1775559199.0,1775559201,74.713,25.3506,11887.2,False,243.24,27.87,0.0,,12382.5,,False,0
8014d8,IGO6393 ,India,1775559106.0,1775559106,76.4805,30.6744,1706.88,False,101.44,49.52,-6.83,,1889.76,,False,0
801606,AXB2891 ,India,1775559204.0,1775559204,73.3021,18.6695,11887.2,False,244.3,149.22,0.0,,12534.9,,False,0
801609,VTPMO   ,India,1775559203.0,1775559203,87.7945,25.9162,9837.42,False,208.59,215.77,-12.68,,10081.26,0466,False,0
801613,AXB1168 ,India,1775559204.0,1775559204,76.7829,27.4592,11292.84,False,244.13,177.22,0.33,,11689.08,,False,0
80174a,IGO69TA ,India,1775559204.0,1775559204,73.2678,19.1765,2842.26,False,128.45,130.45,-4.88,,2910.84,,False,0
801759,IGO357Y ,India,1775559127.0,1775559127,76.9112,24.8431,10675.62,False,262.1,177.53,-0.33,,11117.58,,False,0
80175f,IGO1089 ,India,1775559204.0,1775559204,74.0626,18.4203,8138.16,False,247.25,112.51,8.13,,8549.64,,False,0
801768,IGO405K ,India,1775559202.0,1775559203,88.4103,22.6126,853.44,False,110.29,259.79,6.83,,777.24,1461,False,0
800441,AIC2JL  ,India,1775559204.0,1775559204,72.9162,18.2782,5852.16,False,217.34,161.65,5.53,,6103.62,,False,0
801778,IGO770H ,India,1775559203.0,1775559203,76.8505,26.244,10751.82,False,251.72,178.01,4.23,,11148.06,,False,0
801739,VTJMR   ,India,1775559204.0,1775559204,72.7573,19.0195,4312.92,False,183.39,147.6,-9.1,,4480.56,,False,0
801785,AKJ619  ,India,1775559202.0,1775559202,75.8443,19.4629,10165.08,False,203.33,280.2,-6.18,,10713.72,,False,0
801786,AKJ1124 ,India,1775558897.0,1775558918,81.2015,25.1771,6385.56,False,192.67,219.26,6.5,,6545.58,,False,0
80177b,AXB6118 ,India,1775559203.0,1775559204,73.1775,18.7475,3048.0,False,139.83,85.57,0.0,,3124.2,,False,0
801793,IGO105W ,India,1775559091.0,1775559091,75.736,20.36,10058.4,False,261.88,74.27,0.0,,10607.04,,False,0
801792,IGO1052 ,India,1775559203.0,1775559204,74.658,19.595,9418.32,False,189.76,275.76,-7.8,,9921.24,,False,0
8016a6,AIC4FC  ,India,1775559201.0,1775559203,77.7584,28.5565,2994.66,False,119.42,227.44,-8.13,,3017.52,,False,0
8016a7,AIC6KU  ,India,1775558924.0,1775558924,75.1889,25.1209,10363.2,False,230.36,205.25,0.0,,10805.16,,False,0
8016a4,IGO726  ,India,1775558948.0,1775558948,75.7979,19.3556,8831.58,False,273.74,128.05,1.63,,9273.54,,False,0
8016a5,IGO1114 ,India,1775558985.0,1775558990,84.3313,19.5397,11597.64,False,230.05,209.03,0.0,,12222.48,4705,False,0
76b862,TGW675  ,Singapore,1775559190.0,1775559190,99.0407,18.8639,1630.68,False,142.59,92.07,6.83,,1424.94,,False,0
8015c0,IGO674  ,India,1775559204.0,1775559204,73.2219,18.9143,2743.2,False,131.71,90.67,-0.65,,2811.78,,False,0
8015c3,VTSSR   ,India,1775559121.0,1775559121,78.6062,14.0378,10774.68,False,230.44,123.16,-15.28,,11567.16,,False,0
8015d3,IGO993E ,India,1775559153.0,1775559153,77.7618,13.1891,1104.9,False,76.14,270.77,-3.58,,1043.94,,False,0
8015d1,IGO4VP  ,India,1775559190.0,1775559191,77.4378,11.7832,4876.8,False,131.38,207.27,0.0,,5052.06,,False,0
8015d7,VTSBS   ,India,1775559201.0,1775559202,77.8461,27.9718,1310.64,False,59.94,264.58,0.33,,1272.54,,False,0
8015d9,IGO6532 ,India,1775559174.0,1775559174,77.8334,13.1885,1493.52,False,81.81,271.08,-3.9,,1455.42,,False,0
8015b8,IGO226Y ,India,1775559203.0,1775559203,76.8165,27.732,7399.02,False,191.6,182.77,4.88,,7620.0,,False,0
8015fc,IGO301P ,India,1775559202.0,1775559203,90.5426,23.585,5013.96,False,195.92,118.72,-11.38,,5173.98,0562,False,0
8015e4,IGO525  ,India,1775559202.0,1775559203,89.7204,23.1906,9753.6,False,194.27,264.68,0.0,,10142.22,3307,False,0
8015e6,IGO615C ,India,1775559204.0,1775559204,72.8345,18.5138,5318.76,False,219.46,161.69,11.7,,5547.36,,False,0
8015da,IGO2589 ,India,1775559203.0,1775559203,84.7698,24.9059,10668.0,False,266.53,119.48,0.33,,11049.0,0535,False,0
88530a,THA217  ,Thailand,1775559205.0,1775559205,99.6963,11.3323,10972.8,False,237.26,197.02,0.33,,11704.32,,False,0
8015ef,AXB2746 ,India,1775559203.0,1775559203,84.2763,20.7873,11269.98,False,253.45,40.97,0.0,,11849.1,1420,False,0
801723,IGO848  ,India,1775559204.0,1775559204,77.8849,11.5842,7467.6,False,209.46,56.11,12.03,,7810.5,,False,0
80053f,AICD5V  ,India,1775559182.0,1775559182,73.1805,19.8811,5044.44,False,165.72,184.81,-5.85,,5227.32,,False,0
80187c,IGO5936 ,India,1775559203.0,1775559203,85.5321,24.0247,11590.02,False,219.49,214.88,0.0,,12062.46,1447,False,0
801861,IGO724F ,India,1775559204.0,1775559204,76.833,28.0341,5646.42,False,186.97,182.84,10.08,,5753.1,,False,0
801864,IGO274P ,India,1775559049.0,1775559065,85.0446,19.5314,10980.42,False,214.91,251.0,0.0,,11590.02,2632,False,0
80185b,VTBBN   ,India,1775559204.0,1775559204,73.7974,18.5388,2522.22,False,125.35,138.33,13.33,,2567.94,,False,0
80185f,IGO163K ,India,1775559204.0,1775559204,77.5369,13.4352,3878.58,False,157.64,338.96,12.35,,4008.12,,False,0
80058a,AIC5VU  ,India,1775559203.0,1775559204,82.3664,25.7662,5105.4,False,152.38,307.18,6.18,,5212.08,,False,0
800585,VUAVE   ,India,1775559203.0,1775559204,77.0635,28.572,746.76,False,94.98,285.39,11.05,,662.94,,False,0
8960ec,UAE362  ,United Arab Emirates,1775559203.0,1775559203,87.66,23.2266,12496.8,False,278.68,117.84,0.0,,13060.68,6226,False,0
8017a8,VTPVS   ,India,1775559203.0,1775559204,73.5925,19.5418,2286.0,False,71.29,59.18,1.3,,2308.86,,False,0
8960dc,UAE507  ,United Arab Emirates,1775559203.0,1775559204,72.6632,19.0969,1661.16,False,135.72,276.75,11.05,,1653.54,,False,0
8016e1,IGO1421 ,India,1775559204.0,1775559204,69.2968,18.4163,10972.8,False,220.25,281.86,0.0,,11597.64,,False,0
8016da,IGO338C ,India,1775559203.0,1775559203,75.709,26.3123,10355.58,False,208.19,202.83,0.0,,10744.2,,False,0
8016af,AXB1540 ,India,1775559051.0,1775559077,77.8468,14.1655,8031.48,False,192.95,17.86,3.58,,8450.58,,False,0
8016c8,AXB1671 ,India,1775559203.0,1775559203,73.1116,19.2045,3535.68,False,132.47,93.56,-1.3,,3642.36,,False,0
8016c7,AXB2882 ,India,1775559204.0,1775559204,77.9032,13.1879,1889.76,False,95.69,270.0,-8.78,,1889.76,,False,0
8016cc,AXB2718 ,India,1775559200.0,1775559200,78.009,13.425,3893.82,False,136.42,60.15,-2.28,,4038.6,,False,0
8016d7,IGO262F ,India,1775559026.0,1775559026,78.1971,13.5326,4503.42,False,145.0,94.48,-4.23,,4709.16,,False,0
801805,IGO472V ,India,1775559196.0,1775559196,77.5774,13.2707,2232.66,False,128.57,299.74,13.0,,2110.74,,False,0
896197,UAE372  ,United Arab Emirates,1775559203.0,1775559203,89.4643,21.5751,12489.18,False,289.93,102.61,0.0,,13083.54,6211,False,0
801839,IGO6226 ,India,1775559203.0,1775559203,77.5768,29.897,3223.26,False,160.21,51.0,-3.9,,3268.98,,False,0
801850,IGO1862 ,India,1775559022.0,1775559022,77.7622,13.1891,1112.52,False,74.08,270.4,-4.23,,1043.94,,False,0
801851,IGO316P ,India,1775559202.0,1775559202,76.0464,26.903,10972.8,False,216.67,204.25,0.0,,11384.28,,False,0
80180b,IGO910  ,India,1775559203.0,1775559203,86.1229,24.1911,10668.0,False,273.93,119.6,0.0,,11064.24,0544,False,0
80180e,IGO392C ,India,1775559204.0,1775559204,73.1475,17.9132,8359.14,False,245.49,137.89,6.5,,8785.86,,False,0
801831,AKJ1509 ,India,1775559202.0,1775559202,85.8952,19.8005,11277.6,False,264.75,69.17,-0.33,,11864.34,2705,False,0
47b12e,NBT192  ,Norway,1775559203.0,1775559203,91.1089,19.5654,9745.98,False,232.02,307.25,0.0,,10302.24,6143,False,0
8005b9,VTBRS   ,India,1775559204.0,1775559204,73.5839,19.2775,3962.4,False,124.19,263.82,-0.33,,4084.32,,False,0
7020ae,AWA448  ,Bangladesh,1775559203.0,1775559203,90.7383,23.5859,3528.06,False,130.85,336.36,-3.9,,3589.02,5567,False,0
7020c2,UBG361  ,Bangladesh,1775559202.0,1775559203,86.1999,22.744,10972.8,False,203.17,275.67,0.0,,11468.1,4747,False,0
8017e5,IGO764V ,India,1775559202.0,1775559202,75.2501,25.4186,11574.78,False,208.82,200.18,0.33,,12100.56,,False,0
8017f2,IGO349  ,India,1775559204.0,1775559204,75.9397,27.9481,7071.36,False,196.79,21.47,-5.53,,7223.76,,False,0
884205,BKP277  ,Thailand,1775559204.0,1775559204,99.7607,12.422,8945.88,False,222.24,180.13,5.2,,9547.86,,False,0
781be6,CSC3923 ,China,1775559201.0,1775559202,92.4868,22.3488,10355.58,False,191.34,261.65,-0.33,,10820.4,1500,False,0
896316,UAE328  ,United Arab Emirates,1775559202.0,1775559202,84.6511,22.9331,11277.6,False,296.24,94.58,0.0,,11788.14,6205,False,0
80073b,AIC313  ,India,1775559202.0,1775559203,80.0952,27.3653,11574.78,False,195.7,310.09,0.0,,11932.92,5046,False,0
800742,AIC2664 ,India,1775559202.0,1775559203,76.7812,26.8851,9357.36,False,254.74,181.5,7.8,,9646.92,,False,0
8963e0,UAE46F  ,United Arab Emirates,1775559202.0,1775559203,89.2011,23.1097,7719.06,False,249.7,56.77,-8.78,,7993.38,6201,False,0
4bb152,THY6263 ,Turkey,1775559203.0,1775559203,77.6769,29.8427,9144.0,False,257.85,323.52,0.0,,9357.36,,False,0
8007b0,IGO394  ,India,1775559203.0,1775559203,88.0202,22.6101,5692.14,False,167.03,301.78,21.13,,5859.78,2644,False,0
781cdf,HYT9068 ,China,1775559203.0,1775559203,89.8788,22.4889,10668.0,False,282.04,97.13,0.65,,11094.72,3056,False,0
89661e,UAE654  ,United Arab Emirates,1775559200.0,1775559200,78.6923,8.2415,7429.5,False,210.51,126.95,-8.45,,7818.12,,False,0
8832d5,TLM812  ,Thailand,1775559203.0,1775559204,99.6456,10.7712,10363.2,False,238.4,197.07,0.0,,11033.76,,False,0
76cd76,SIA326  ,Singapore,1775559202.0,1775559202,75.8927,30.3991,9144.0,False,259.79,311.71,0.33,,9311.64,,False,0
152036,AFL599  ,Russian Federation,1775559204.0,1775559204,99.6003,14.6562,10363.2,False,244.97,310.14,0.0,,11018.52,,False,0
040156,ETH3751 ,Ethiopia,1775559204.0,1775559204,78.5188,13.1376,9753.6,False,253.09,275.13,0.0,,10302.24,,False,0
78021a,CPA2045 ,China,1775559204.0,1775559204,77.3819,28.4828,1623.06,False,105.31,283.56,-3.58,,1569.72,,False,0
704012,MMA401  ,Myanmar,1775559203.0,1775559204,99.0603,15.0179,11277.6,False,233.04,126.74,0.0,,11978.64,,False,0
704015,MMA331  ,Myanmar,1775559204.0,1775559204,99.853,14.4809,6537.96,False,196.35,110.71,-8.78,,6949.44,,False,0
880c44,AIQ5500 ,Thailand,1775558994.0,1775558994,98.9928,18.8593,1348.74,False,123.82,67.27,13.98,,1242.06,,False,0
880c52,AIQ3331 ,Thailand,1775559205.0,1775559205,99.7614,11.6403,10363.2,False,223.78,179.87,0.0,,11041.38,,False,0
76b442,SIA763  ,Singapore,1775559205.0,1775559205,99.5596,11.5264,10668.0,False,239.77,152.39,0.0,,11361.42,,False,0
801408,AIC5CT  ,India,1775559204.0,1775559204,75.8691,27.7761,7795.26,False,197.68,20.89,-10.4,,7985.76,,False,0
801410,IGO687C ,India,1775559204.0,1775559204,74.8111,20.339,10050.78,False,253.49,51.01,0.0,,10591.8,,False,0
801411,IGO43F  ,India,1775559203.0,1775559203,75.7074,26.3116,9738.36,False,222.26,209.23,0.0,,10088.88,,False,0
801415,IGO97Y  ,India,1775559204.0,1775559204,76.2284,7.5148,4572.0,False,126.23,44.5,0.0,,4716.78,,False,0
80142b,IGO74TY ,India,1775559203.0,1775559203,87.773,22.7085,8389.62,False,171.37,271.55,14.31,,8686.8,1466,False,0
801444,AXB1352 ,India,1775559203.0,1775559204,76.7945,30.5679,8595.36,False,194.6,162.62,-5.53,,8793.48,,False,0
801455,IGO12AJ ,India,1775559200.0,1775559202,83.2474,26.5757,11590.02,False,192.78,275.51,-0.33,,11963.4,,False,0
801421,IGO164P ,India,1775559204.0,1775559204,77.0899,11.0792,11574.78,False,227.32,332.8,0.65,,12214.86,,False,0
801424,AIC238  ,India,1775559204.0,1775559204,80.9726,26.7366,9753.6,False,206.01,289.7,0.0,,10043.16,4756,False,0
80141d,AIC6LR  ,India,1775559003.0,1775559003,76.9287,24.4598,11269.98,False,253.83,177.68,0.0,,11757.66,,False,0
801432,IGO6309 ,India,1775559203.0,1775559203,86.8081,24.1365,11574.78,False,196.76,303.48,0.33,,12024.36,1356,False,0
801435,AXB1056 ,India,1775559204.0,1775559204,82.1363,25.6876,10972.8,False,186.63,314.22,0.65,,11353.8,,False,0
80141f,IGO5247 ,India,1775559204.0,1775559204,75.7576,19.3627,11582.4,False,212.6,282.15,0.0,,12214.86,,False,0
801499,IGO256E ,India,1775559199.0,1775559199,92.1156,26.0206,10972.8,False,198.93,219.12,-0.33,,11323.32,,False,0
801461,IGO764  ,India,1775559204.0,1775559204,77.2235,11.8927,7894.32,False,223.72,14.52,5.85,,8298.18,,False,0
801460,IGO1070 ,India,1775559202.0,1775559202,79.2691,27.9219,9669.78,False,208.32,303.42,-5.53,,9936.48,,False,0
80145b,IGO259  ,India,1775559203.0,1775559203,87.0496,20.2966,11277.6,False,269.18,63.43,0.0,,11849.1,2006,False,0
80148e,IGO614  ,India,1775559204.0,1775559205,76.5476,27.8605,10988.04,False,215.98,200.2,0.0,,11330.94,,False,0
80148f,IGO512E ,India,1775559198.0,1775559198,76.6911,13.0731,7254.24,False,191.47,88.15,-4.55,,7620.0,,False,0
80149e,IGO542M ,India,1775559156.0,1775559156,73.988,16.7177,11277.6,False,242.38,144.59,0.0,,11917.68,,False,0
801525,VTPCR   ,India,1775559202.0,1775559202,77.1465,27.4762,4564.38,False,196.2,357.45,-8.45,,4686.3,,False,0
8850b0,THA303  ,Thailand,1775559204.0,1775559204,99.1944,14.6642,9022.08,False,237.48,310.7,2.93,,9616.44,,False,0
801509,AKJ1141 ,India,1775559202.0,1775559203,90.64,25.6096,5654.04,False,163.67,59.81,-6.5,,5798.82,1475,False,0
80154a,AKJ182Z ,India,1775559195.0,1775559199,81.5091,25.0642,8267.7,False,207.54,242.55,7.8,,8519.16,,False,0
801569,IGO323  ,India,1775559202.0,1775559203,87.7069,20.533,11574.78,False,196.4,234.81,0.0,,12146.28,1302,False,0
801560,IGO604  ,India,1775559204.0,1775559204,73.4225,19.3679,3048.0,False,140.9,162.36,0.33,,3124.2,,False,0
80155c,IGO337F ,India,1775559193.0,1775559195,78.2996,13.9537,7719.06,False,216.91,48.75,6.83,,8115.3,,False,0
80155d,AKJ1563 ,India,1775559131.0,1775559131,74.1764,18.4192,2613.66,False,100.45,23.55,-5.2,,2842.26,,False,0
80155b,IGO139C ,India,1775559183.0,1775559189,77.0446,9.3805,5745.48,False,235.68,185.51,-10.08,,6004.56,,False,0
801571,IGO7309 ,India,1775559203.0,1775559203,91.2338,23.8448,4876.8,False,127.15,185.57,0.0,,4991.1,2615,False,0
80152e,IGO328C ,India,1775559205.0,1775559205,76.8537,28.6087,2324.1,False,135.78,241.98,7.15,,2301.24,,False,0
801546,,India,1775559203.0,1775559203,68.4222,17.773,11277.6,False,239.58,118.05,0.33,,11910.06,,False,0
801548,AKJ1106 ,India,1775559204.0,1775559204,72.9569,19.0899,480.06,False,76.65,269.62,-3.25,,411.48,,False,0
801553,AIC6LH  ,India,1775559202.0,1775559202,75.5561,25.8874,11582.4,False,214.58,204.35,0.33,,12070.08,,False,0
801552,AIC2116 ,India,1775559204.0,1775559204,77.9876,28.9931,3634.74,False,140.49,188.63,-7.48,,3672.84,,False,0
80159e,AIC116  ,India,1775559205.0,1775559205,73.2465,19.1078,1714.5,False,102.63,237.9,-2.28,,1722.12,,False,0
80159b,SDG182  ,India,1775559203.0,1775559203,77.0277,13.7466,7917.18,False,229.8,128.0,-4.88,,8351.52,,False,0
80156d,IGO6553 ,India,1775559202.0,1775559202,73.1301,19.7291,9570.72,False,226.32,350.58,5.53,,9982.2,,False,0
80157c,AKJ1819 ,India,1775559205.0,1775559205,77.3178,28.4765,2667.0,False,132.52,31.35,-7.15,,2674.62,,False,0
801590,AXB1081 ,India,1775559203.0,1775559203,79.0938,27.5137,10066.02,False,264.72,111.43,2.93,,10363.2,,False,0
801594,AXB1340 ,India,1775559105.0,1775559105,72.9815,20.8256,10066.02,False,223.56,357.1,0.33,,10614.66,,False,0
8013c3,AIC357  ,India,1775559203.0,1775559203,87.7312,24.3854,12192.0,False,219.16,292.35,0.33,,12687.3,1031,False,0
8013d5,IGO2557 ,India,1775559203.0,1775559204,76.3977,27.6353,7482.84,False,201.75,213.77,5.53,,7665.72,,False,0
8013fe,AIC5SA  ,India,1775559202.0,1775559203,76.5087,30.5455,3215.64,False,188.7,323.54,-5.85,,3230.88,,False,0
8013fb,IGO5932 ,India,1775559202.0,1775559203,75.3393,30.6721,8168.64,False,204.26,169.99,16.58,,8298.18,,False,0
8013fc,IGO212MD,India,1775559203.0,1775559203,87.0517,22.9797,6705.6,False,193.02,194.04,-0.33,,6918.96,1275,False,0
8013e3,IGO7517 ,India,1775559204.0,1775559204,76.3499,28.8,2438.4,False,108.59,192.59,0.33,,2400.3,,False,0
8013da,IGO925  ,India,1775559205.0,1775559205,81.3416,26.6916,2385.06,False,126.48,291.97,-5.2,,2400.3,,False,0
8013ea,AIC1QA  ,India,1775559160.0,1775559162,75.3063,25.3846,10363.2,False,233.7,204.31,0.0,,10805.16,,False,0
880455,AIQ3074 ,Thailand,1775559204.0,1775559204,99.7612,11.1984,11582.4,False,235.37,182.76,0.0,,12344.4,,False,0
800db0,AIC4EP  ,India,1775559203.0,1775559204,77.0515,29.002,2796.54,False,162.84,18.61,13.0,,2788.92,,False,0
800db2,IGO7426 ,India,1775559202.0,1775559202,78.8462,28.6514,3649.98,False,123.78,232.94,0.33,,3703.32,,False,0
710411,SVA885  ,Saudi Arabia,1775559203.0,1775559203,92.7834,22.3788,9753.6,False,214.48,277.86,-0.33,,10172.7,3103,False,0
702c25,AJX1432 ,Bangladesh,1775559203.0,1775559203,90.3792,23.5718,1272.54,False,116.64,341.49,0.33,,1242.06,4132,False,0
151dc6,AFL255  ,Russian Federation,1775559203.0,1775559203,78.8323,25.3455,10363.2,False,192.68,298.55,0.0,,10721.34,,False,0
151dad,AFL275  ,Russian Federation,1775559203.0,1775559203,76.9958,30.5328,10363.2,False,234.38,306.97,0.0,,10584.18,,False,0
7821a0,CSS155  ,China,1775559202.0,1775559202,87.1203,24.8183,9144.0,False,212.71,293.22,0.0,,9441.18,0504,False,0
151d78,AZV2902 ,Russian Federation,1775559203.0,1775559203,77.442,27.295,9753.6,False,211.1,318.85,0.0,,9997.44,,False,0
151d46,AZV2502 ,Russian Federation,1775559203.0,1775559203,87.375,22.6601,10363.2,False,191.6,272.77,0.0,,10774.68,5541,False,0
151d4a,AZV2904 ,Russian Federation,1775559203.0,1775559203,86.0872,19.4719,9753.6,False,218.19,291.73,0.33,,10210.8,0765,False,0
77170e,EXV923  ,Sri Lanka,1775559126.0,1775559167,77.3132,5.5345,11582.4,False,239.4,246.58,0.33,,12199.62,,False,0
70c109,OMA318  ,Oman,1775559203.0,1775559203,88.1873,24.2379,10218.42,False,199.5,306.93,2.93,,10561.32,4751,False,0
770453,ALK183  ,Sri Lanka,1775558945.0,1775558945,70.3429,19.6643,10370.82,False,223.83,318.73,0.0,,10949.94,,False,0
880849,AIQ3008 ,Thailand,1775559199.0,1775559199,99.3237,10.6037,11887.2,False,227.72,33.3,0.0,,12611.1,,False,0
70c0df,OMA246  ,Oman,1775559200.0,1775559203,77.0155,28.5118,1417.32,False,87.41,196.41,13.33,,1348.74,,False,0
86ebfa,ANA837  ,Japan,1775559203.0,1775559203,78.7674,28.2204,7261.86,False,232.12,316.08,-3.25,,7444.74,5675,False,0
507c71,QNT2232 ,Uzbekistan,1775559202.0,1775559203,79.9439,27.7311,10363.2,False,200.85,316.25,0.0,,10652.76,,False,0
76cda3,SIA338  ,Singapore,1775559203.0,1775559204,81.0426,26.6697,10972.8,False,204.05,305.97,0.0,,11384.28,0146,False,0
8940a1,GFA155  ,Bahrain,1775559204.0,1775559204,73.8051,19.7768,11574.78,False,230.44,285.8,-0.65,,12199.62,,False,0
750424,MXD183  ,Malaysia,1775558967.0,1775558981,90.2828,18.0754,11277.6,False,242.59,159.26,0.0,,11902.44,2512,False,0
75054f,MAS171  ,Malaysia,1775559202.0,1775559202,99.8423,10.9843,11277.6,False,238.35,153.32,0.0,,11986.26,,False,0
881058,NOK546  ,Thailand,1775559175.0,1775559179,99.4765,10.5303,10972.8,False,239.69,193.53,0.0,,11666.22,,False,0
881056,NOK528  ,Thailand,1775559205.0,1775559205,99.7608,11.9934,10972.8,False,238.19,179.75,0.33,,11658.6,,False,0
800b12,IGO2053 ,India,1775559204.0,1775559204,73.5885,19.526,8237.22,False,229.72,56.42,7.8,,8656.32,,False,0
800b52,LLR513  ,India,1775559205.0,1775559205,77.5983,12.9446,3962.4,False,135.18,158.81,0.33,,4191.0,,False,0
3c4585,BOX720  ,Germany,1775559204.0,1775559204,77.2756,28.5057,838.2,False,88.46,283.79,0.0,,762.0,,False,0
800c07,AIC6JS  ,India,1775559141.0,1775559142,76.3149,14.738,9799.32,False,241.3,138.63,-3.58,,10347.96,,False,0
800c38,IGO5302 ,India,1775559204.0,1775559204,73.2536,19.0084,998.22,False,85.57,262.75,-3.9,,960.12,,False,0
800c3c,AIC6AC  ,India,1775559203.0,1775559203,88.4613,22.7703,640.08,False,82.83,186.42,-4.23,,571.5,0250,False,0
800c3e,AIC186  ,India,1775559199.0,1775559200,84.3963,25.7943,11582.4,False,210.69,287.77,0.0,,11978.64,0250,False,0
800c0c,AIC5WG  ,India,1775559204.0,1775559204,83.0363,26.1233,9144.0,False,214.09,288.78,0.0,,9410.7,,False,0
800c0b,AIC6AB  ,India,1775559204.0,1775559204,76.7482,28.0575,3581.4,False,160.05,218.34,6.5,,3596.64,,False,0
800c16,IGO6713 ,India,1775559204.0,1775559204,76.9933,28.5802,10355.58,False,204.39,208.24,0.0,,10637.52,,False,0
800c87,AIC2388 ,India,1775559202.0,1775559203,92.0316,18.9192,10668.0,False,261.97,121.75,-0.33,,11247.12,0551,False,0
800c4b,AIC4309 ,India,1775559204.0,1775559204,76.5743,27.8596,5829.3,False,157.24,217.96,9.75,,5920.74,,False,0
800c65,IGO7455 ,India,1775559203.0,1775559204,73.3266,18.8701,4572.0,False,141.0,67.93,0.0,,4792.98,,False,0
4cac16,KZR200  ,Ireland,1775559200.0,1775559200,77.2367,25.5699,9753.6,False,200.74,358.09,0.0,,10111.74,,False,0
710053,SVA826  ,Saudi Arabia,1775559204.0,1775559205,77.354,13.1247,10058.4,False,265.43,118.6,0.0,,10629.9,,False,0
800d10,IGO515  ,India,1775559203.0,1775559203,79.1036,29.3633,7391.4,False,163.33,315.38,-4.55,,7574.28,,False,0
800d01,IGO292K ,India,1775559203.0,1775559203,88.1461,23.4957,8107.68,False,214.44,347.53,5.53,,8397.24,1437,False,0
800d08,SEJ2451 ,India,1775559204.0,1775559204,77.4465,29.3358,4038.6,False,139.99,163.56,-4.55,,4107.18,,False,0
800d31,VTHCA   ,India,1775559202.0,1775559203,77.1613,28.53,601.98,False,72.38,283.15,-3.9,,510.54,,False,0
800d34,IGO6560 ,India,1775559204.0,1775559204,77.9597,28.6354,4084.32,False,136.31,254.23,-8.13,,4145.28,,False,0
800d2d,IGO387V ,India,1775558976.0,1775559034,80.9581,26.7616,480.06,False,71.52,269.18,-3.58,,358.14,,False,0
800d2c,IGO2417 ,India,1775559175.0,1775559202,80.3308,27.1883,10972.8,False,182.59,309.97,0.0,,11285.22,,False,0
800d37,IGO5041 ,India,1775559202.0,1775559202,80.2631,27.0312,11277.6,False,294.52,115.67,0.33,,11620.5,,False,0
800d8a,IGO7142 ,India,1775559204.0,1775559204,77.4216,13.156,3101.34,False,97.07,212.01,0.98,,3246.12,,False,0
800d6a,IGO7251 ,India,1775559202.0,1775559202,86.7929,22.7102,2423.16,False,135.3,62.36,-0.33,,2484.12,1256,False,0
800bbb,VTARC   ,India,1775559202.0,1775559203,88.3945,23.1754,2133.6,False,133.91,152.55,0.0,,2141.22,0467,False,0
800bd4,AIC5VJ  ,India,1775559204.0,1775559204,73.1423,19.0923,1264.92,False,97.76,269.1,-3.25,,1242.06,,False,0
800bb5,IGO2614 ,India,1775559204.0,1775559204,81.1991,26.5598,10668.0,False,277.73,125.96,0.0,,10988.04,,False,0
800bfa,AIC2304 ,India,1775559204.0,1775559204,83.9105,25.2516,10683.24,False,279.65,118.22,-0.33,,11033.76,,False,0
800be6,AIC5PB  ,India,1775559202.0,1775559203,77.1667,27.0933,7078.98,False,206.01,357.28,-5.85,,7261.86,,False,0
800be5,AIC5VH  ,India,1775559203.0,1775559203,74.3447,19.5498,8092.44,False,157.94,253.93,-3.9,,8496.3,,False,0
3c5642,BOX542  ,Germany,1775559204.0,1775559204,77.9047,27.8624,11209.02,False,311.47,97.69,2.93,,11544.3,,False,0
800cdc,IGO302  ,India,1775559020.0,1775559020,78.0624,13.3693,3200.4,False,132.12,126.29,-5.53,,3299.46,,False,0
800cb9,AIC4JP  ,India,1775559204.0,1775559204,76.8664,27.7922,5326.38,False,191.31,189.29,11.7,,5402.58,,False,0
800cba,AIC5MF  ,India,1775559202.0,1775559202,76.9294,30.363,5219.7,False,141.92,156.5,14.63,,5242.56,,False,0
800cc8,AIC4EL  ,India,1775559204.0,1775559204,77.2619,11.4496,4518.66,False,184.6,208.28,-19.83,,4709.16,,False,0
800cee,IGO6461 ,India,1775559204.0,1775559204,77.2215,29.0047,3048.0,False,140.96,142.71,0.0,,3055.62,,False,0
800cff,AIC2240 ,India,1775559203.0,1775559203,77.2513,25.1599,10972.8,False,203.85,357.98,-0.33,,11399.52,,False,0
800cfe,AIC2256 ,India,1775559201.0,1775559202,76.0223,28.1247,6454.14,False,225.35,19.47,-5.2,,6576.06,,False,0
80162c,AXB1562 ,India,1775559691.0,1775559691,87.654,26.132,11582.4,False,210.83,276.73,0.0,,11955.78,2605,False,0
80162d,AXB1038 ,India,1775559691.0,1775559691,77.1217,28.5698,327.66,False,81.3,271.09,-4.23,,236.22,,False,0
801640,AIC2356 ,India,1775559691.0,1775559691,86.7214,24.6942,10965.18,False,198.81,292.52,0.0,,11346.18,6131,False,0
80162e,AIC5EY  ,India,1775559691.0,1775559691,77.1689,27.0538,7353.3,False,204.44,357.4,-10.08,,7543.8,,False,0
801657,AIC4CM  ,India,1775559667.0,1775559670,88.5349,26.6517,10668.0,False,252.44,100.81,0.0,,10965.18,0547,False,0
80163f,AIC6GB  ,India,1775559691.0,1775559691,77.3776,28.3653,2125.98,False,104.87,99.6,-5.85,,2141.22,,False,0
801623,AXB1514 ,India,1775559690.0,1775559691,77.3291,26.793,5166.36,False,171.35,278.98,-3.9,,5295.9,,False,0
80161c,AXB1243 ,India,1775559690.0,1775559690,73.5068,19.2903,3657.6,False,128.84,266.57,-5.53,,3771.9,,False,0
801625,AIC2384 ,India,1775559497.0,1775559514,87.8196,18.3141,10066.02,False,253.27,145.76,0.0,,10599.42,0507,False,0
801629,IGO7223 ,India,1775559572.0,1775559575,78.0857,13.6983,4076.7,False,112.86,56.53,2.6,,4206.24,,False,0
80167d,AXB1354 ,India,1775559691.0,1775559691,85.3263,21.5662,10668.0,False,252.61,40.21,0.0,,11193.78,0222,False,0
80167e,AIC4AK  ,India,1775559465.0,1775559523,76.8771,24.5771,11871.96,False,244.99,175.91,-0.33,,12397.74,,False,0
80164b,IGO79MA ,India,1775559690.0,1775559691,76.3412,27.559,9098.28,False,209.6,213.69,6.83,,9342.12,,False,0
80164f,AIC4GV  ,India,1775559691.0,1775559691,77.3015,28.5,1242.06,False,92.08,283.57,-3.58,,1188.72,,False,0
801663,IGO214J ,India,1775559478.0,1775559478,76.9148,24.7702,10668.0,False,250.75,177.65,-0.33,,11117.58,,False,0
801672,AIC5WH  ,India,1775559692.0,1775559692,77.195,28.5229,769.62,False,81.48,283.51,-3.58,,693.42,,False,0
80169d,IGO6264 ,India,1775559691.0,1775559692,72.9944,19.5578,10668.0,False,222.91,357.88,-0.33,,11254.74,,False,0
8014e4,IGO624  ,India,1775559691.0,1775559691,76.2296,11.3587,11269.98,False,231.76,158.1,-0.33,,11894.82,,False,0
8014db,AIC5ZY  ,India,1775559683.0,1775559689,77.1056,28.5421,312.42,False,77.24,283.48,-1.3,,228.6,,False,0
8014af,IGO2138 ,India,1775559692.0,1775559692,73.024,18.9538,792.48,False,118.61,197.41,13.66,,723.9,,False,0
8014ba,VTSFU   ,India,1775559494.0,1775559586,73.0592,19.6903,12489.18,False,216.12,354.26,0.0,,13136.88,,False,0
8014bd,IGO6146 ,India,1775559690.0,1775559690,75.2458,26.29,11871.96,False,231.23,27.14,0.0,,12336.78,,False,0
801606,AXB2891 ,India,1775559691.0,1775559691,73.8746,17.7439,11887.2,False,244.22,149.49,-0.33,,12534.9,,False,0
801609,VTPMO   ,India,1775559691.0,1775559691,87.1745,25.1963,7620.0,False,195.97,222.02,0.33,,7818.12,0466,False,0
801613,AXB1168 ,India,1775559690.0,1775559691,76.7059,26.4167,11277.6,False,242.31,179.51,0.33,,11704.32,,False,0
80174a,IGO69TA ,India,1775559691.0,1775559691,72.9413,19.0897,396.24,False,73.08,268.39,-3.58,,320.04,,False,0
80174b,IGO5196 ,India,1775559684.0,1775559684,78.2314,14.2804,11879.58,False,237.85,123.62,0.0,,12534.9,,False,0
80175f,IGO1089 ,India,1775559678.0,1775559682,75.1092,18.0039,11102.34,False,251.09,112.78,4.55,,11719.56,,False,0
801768,IGO405K ,India,1775559692.0,1775559692,87.7491,22.7568,7231.38,False,171.92,277.91,7.48,,7467.6,1461,False,0
800441,AIC2JL  ,India,1775559690.0,1775559690,73.6197,17.4725,9037.32,False,254.64,134.84,5.2,,9525.0,,False,0
801778,IGO770H ,India,1775559690.0,1775559691,76.8979,25.151,11277.6,False,251.22,177.89,0.0,,11757.66,,False,0
801739,VTJMR   ,India,1775559692.0,1775559692,73.2332,18.7548,1844.04,False,119.56,36.43,-2.6,,1851.66,,False,0
801785,AKJ619  ,India,1775559691.0,1775559691,75.0097,19.5611,9144.0,False,179.01,276.1,0.0,,9616.44,,False,0
80177b,AXB6118 ,India,1775559691.0,1775559691,73.3483,18.9782,2339.34,False,113.71,1.04,-5.85,,2377.44,,False,0
80177e,IGO5031 ,India,1775559689.0,1775559689,77.6048,13.4693,3771.9,False,169.67,30.22,13.98,,3893.82,,False,0
80177f,VTVIK   ,India,1775559691.0,1775559691,75.7685,19.9504,12192.0,False,209.67,253.61,0.0,,12839.7,,False,0
801792,IGO1052 ,India,1775559691.0,1775559691,73.8821,19.4231,5600.7,False,142.11,253.6,-4.88,,5844.54,,False,0
8016a6,AIC4FC  ,India,1775559690.0,1775559690,77.2241,28.5674,845.82,False,83.4,272.12,-4.55,,784.86,,False,0
76b862,TGW675  ,Singapore,1775559373.0,1775559396,99.1938,18.6882,3642.36,False,164.6,118.57,11.7,,3810.0,,False,0
8015c0,IGO674  ,India,1775559687.0,1775559687,73.0396,19.091,914.4,False,92.61,269.36,-4.55,,883.92,,False,0
8015d1,IGO4VP  ,India,1775559690.0,1775559691,77.1586,11.2459,4876.8,False,134.14,207.15,-0.33,,5052.06,,False,0
8015d7,VTSBS   ,India,1775559689.0,1775559691,77.5598,28.0012,1341.12,False,58.28,278.63,0.33,,1287.78,,False,0
8015b8,IGO226Y ,India,1775559684.0,1775559689,76.8279,26.7696,10058.4,False,241.41,178.05,-0.33,,10424.16,,False,0
8015fc,IGO301P ,India,1775559691.0,1775559691,91.2383,23.5684,2331.72,False,139.69,22.98,-6.5,,2354.58,0562,False,0
8015e3,IGO641M ,India,1775559690.0,1775559690,77.7385,13.8335,6408.42,False,192.79,17.71,10.4,,6659.88,,False,0
8015e4,IGO525  ,India,1775559691.0,1775559691,88.7973,23.0984,9753.6,False,195.45,262.89,0.0,,10149.84,3307,False,0
8015e6,IGO615C ,India,1775559691.0,1775559691,73.2605,17.5101,8778.24,False,258.42,154.66,6.18,,9265.92,,False,0
8015da,IGO2589 ,India,1775559691.0,1775559691,85.8818,24.3275,10668.0,False,267.55,119.87,0.0,,11071.86,0535,False,0
88530c,THA320  ,Thailand,1775559691.0,1775559691,97.9059,14.6317,10355.58,False,12.0,300.96,-0.33,,9403.08,,False,0
88530a,THA217  ,Thailand,1775559617.0,1775559617,99.4189,10.4949,10980.42,False,238.01,198.0,0.33,,11711.94,,False,0
8015ef,AXB2746 ,India,1775559691.0,1775559691,85.0522,21.6334,11269.98,False,254.55,37.03,0.0,,11818.62,1420,False,0
702067,BBC389  ,Bangladesh,1775559691.0,1775559692,92.7335,21.2798,10363.2,False,220.59,317.08,0.0,,10866.12,6121,False,0
801723,IGO848  ,India,1775559494.0,1775559494,78.351,11.8929,8229.6,False,211.31,56.12,0.0,,8671.56,,False,0
80053f,AICD5V  ,India,1775559691.0,1775559691,73.1402,19.2155,3131.82,False,146.0,119.09,-4.23,,3215.64,,False,0
80187c,IGO5936 ,India,1775559691.0,1775559691,84.9452,23.2468,11574.78,False,215.2,214.68,-0.33,,12085.32,1447,False,0
801861,IGO724F ,India,1775559691.0,1775559691,76.8132,27.0929,9296.4,False,248.15,177.74,4.88,,9578.34,,False,0
801862,IGO2167 ,India,1775559691.0,1775559691,75.1863,19.9557,9745.98,False,225.44,239.87,0.0,,10271.76,,False,0
80185b,VTBBN   ,India,1775559665.0,1775559665,73.9847,17.8896,6377.94,False,198.19,172.54,5.2,,6553.2,,False,0
80185f,IGO163K ,India,1775559407.0,1775559409,77.423,13.7322,5486.4,False,183.46,339.48,0.0,,5730.24,,False,0
80058a,AIC5VU  ,India,1775559691.0,1775559691,81.6012,26.2864,8412.48,False,214.93,306.92,5.2,,8641.08,,False,0
800585,VUAVE   ,India,1775559691.0,1775559691,77.2555,28.3058,6781.8,False,234.37,119.89,13.33,,6926.58,,False,0
8960ec,UAE362  ,United Arab Emirates,1775559691.0,1775559691,88.9789,22.9283,12496.8,False,296.29,93.28,0.0,,13060.68,6226,False,0
8017a8,VTPVS   ,India,1775559686.0,1775559686,73.8863,19.6947,2286.0,False,74.11,61.83,0.0,,2308.86,,False,0
8960dc,UAE507  ,United Arab Emirates,1775559691.0,1775559691,71.8566,19.2099,6964.68,False,208.59,278.51,10.4,,7292.34,,False,0
8003b1,AX2608  ,India,1775559691.0,1775559691,77.6106,13.0517,3931.92,False,158.1,145.74,4.23,,4053.84,,False,0
8016e1,IGO1421 ,India,1775559691.0,1775559691,68.3899,18.8545,10972.8,False,220.94,298.06,0.0,,11597.64,,False,0
8016da,IGO338C ,India,1775559686.0,1775559686,75.3129,25.4604,10363.2,False,210.29,202.74,-0.33,,10782.3,,False,0
8016c8,AXB1671 ,India,1775559691.0,1775559691,73.1623,19.0926,1348.74,False,96.24,268.47,-3.9,,1333.5,,False,0
8016c7,AXB2882 ,India,1775559384.0,1775559384,77.7604,13.1892,1097.28,False,80.27,271.1,-4.23,,1036.32,,False,0
8016cc,AXB2718 ,India,1775559688.0,1775559688,77.8333,13.1885,1470.66,False,88.52,271.67,-3.58,,1432.56,,False,0
8016d7,IGO262F ,India,1775559647.0,1775559647,77.7604,13.1891,1097.28,False,71.0,270.42,-4.23,,1043.94,,False,0
801805,IGO472V ,India,1775559688.0,1775559691,77.7088,14.0241,7269.48,False,202.21,7.16,14.31,,7635.24,,False,0
896197,UAE372  ,United Arab Emirates,1775559691.0,1775559691,90.7498,21.217,12496.8,False,283.66,124.21,0.0,,13075.92,6211,False,0
801835,,India,1775559689.0,1775559691,72.9101,17.0651,8542.02,False,222.25,0.4,4.88,,8991.6,,False,0
801839,IGO6226 ,India,1775559651.0,1775559652,78.0629,30.1712,1120.14,False,72.66,79.8,-3.9,,1074.42,,False,0
801848,AXB2547 ,India,1775559691.0,1775559691,82.3821,25.3545,4579.62,False,160.58,256.1,13.98,,4678.68,,False,0
801849,SDG619  ,India,1775559642.0,1775559642,83.6817,25.3065,9144.0,False,194.4,255.6,0.33,,9395.46,,False,0
801851,IGO316P ,India,1775559691.0,1775559691,75.608,26.0188,10980.42,False,222.73,203.84,0.0,,11430.0,,False,0
801819,IGO626M ,India,1775559691.0,1775559691,76.9148,28.603,2202.18,False,135.14,265.85,7.48,,2171.7,,False,0
801816,IGO390M ,India,1775559685.0,1775559688,73.1646,19.6827,4328.16,False,150.72,184.7,-6.18,,4480.56,,False,0
80180b,IGO910  ,India,1775559691.0,1775559691,87.165,23.7622,6134.1,False,209.49,127.52,-7.15,,6309.36,0544,False,0
80180e,IGO392C ,India,1775559600.0,1775559652,73.8007,17.2804,10980.42,False,242.65,134.4,4.88,,11605.26,,False,0
801828,IGO902Y ,India,1775559691.0,1775559691,75.5273,19.6664,10812.78,False,220.63,235.16,-5.2,,11384.28,,False,0
801831,AKJ1509 ,India,1775559691.0,1775559691,86.9947,20.3175,11285.22,False,265.5,63.29,0.0,,11849.1,2705,False,0
47b12e,NBT192  ,Norway,1775559691.0,1775559691,90.2421,20.1862,9753.6,False,235.0,307.17,-0.33,,10279.38,6143,False,0
8005b9,VTBRS   ,India,1775559691.0,1775559691,73.2568,19.0939,1912.62,False,99.8,269.7,-5.2,,1912.62,,False,0
7020ae,AWA448  ,Bangladesh,1775559691.0,1775559691,90.3531,24.0063,1211.58,False,103.09,291.06,-6.18,,1158.24,5567,False,0
7020ab,UBG322  ,Bangladesh,1775559691.0,1775559691,84.2913,23.1307,11277.6,False,276.39,91.81,0.0,,11780.52,3531,False,0
7020b5,UBG538  ,Bangladesh,1775559691.0,1775559691,90.4927,24.0891,1889.76,False,91.67,246.17,0.0,,1927.86,,False,0
7020bc,AWA477  ,Bangladesh,1775559692.0,1775559692,90.3679,23.7225,1280.16,False,91.68,233.9,5.85,,1234.44,,False,0
7020c2,UBG361  ,Bangladesh,1775559691.0,1775559691,85.2401,22.829,10972.8,False,202.51,275.25,0.0,,11452.86,4747,False,0
8017e5,IGO764V ,India,1775559440.0,1775559440,75.076,24.9908,11567.16,False,207.55,200.46,1.3,,12085.32,,False,0
8017f2,IGO349  ,India,1775559691.0,1775559691,76.5994,28.4641,4625.34,False,183.82,63.58,-5.2,,4686.3,,False,0
884205,BKP277  ,Thailand,1775559691.0,1775559691,99.6924,11.4119,11026.14,False,229.12,192.98,5.53,,11765.28,,False,0
781be6,CSC3923 ,China,1775559691.0,1775559691,91.574,22.287,10363.2,False,196.98,277.05,0.0,,10828.02,1500,False,0
896316,UAE328  ,United Arab Emirates,1775559691.0,1775559691,86.0596,22.8227,11277.6,False,297.01,95.17,0.0,,11803.38,6205,False,0
89630b,UAE370  ,United Arab Emirates,1775559692.0,1775559692,99.7125,14.6667,6880.86,False,220.66,129.7,-6.83,,7299.96,,False,0
80073b,AIC313  ,India,1775559690.0,1775559690,79.3129,27.8959,8709.66,False,202.04,303.37,-4.55,,8953.5,5046,False,0
800742,AIC2664 ,India,1775559690.0,1775559690,76.7432,25.731,12489.18,False,255.8,181.73,0.0,,12992.1,,False,0
8963e0,UAE46F  ,United Arab Emirates,1775559691.0,1775559691,90.0203,23.6955,3604.26,False,182.8,20.42,-12.68,,3703.32,6201,False,0
4bb152,THY6263 ,Turkey,1775559690.0,1775559690,76.8299,30.6948,9144.0,False,258.71,316.37,0.33,,9334.5,,False,0
8007b0,IGO394  ,India,1775559691.0,1775559691,87.1725,22.804,9372.6,False,202.69,258.43,6.18,,9761.22,2644,False,0
781cdf,HYT9068 ,China,1775559691.0,1775559691,91.1819,22.3339,10767.06,False,279.31,97.73,5.85,,11239.5,3056,False,0
8007cd,IGO942  ,India,1775559691.0,1775559691,77.4677,27.2465,4953.0,False,171.29,286.04,7.15,,5052.06,,False,0
8832b9,,Thailand,1775559691.0,1775559691,99.0684,10.2003,10058.4,False,224.67,29.79,0.0,,10706.1,,False,0
8832d5,TLM812  ,Thailand,1775559691.0,1775559691,99.332,9.7652,10363.2,False,238.06,197.22,0.0,,11033.76,,False,0
76cd76,SIA326  ,Singapore,1775559676.0,1775559682,74.9867,31.186,9144.0,False,258.78,294.43,0.33,,9281.16,,False,0
152036,AFL599  ,Russian Federation,1775559691.0,1775559691,98.7549,15.348,10363.2,False,243.58,309.95,0.0,,11018.52,,False,0
040156,ETH3751 ,Ethiopia,1775559691.0,1775559691,77.3886,13.1843,9753.6,False,252.45,265.21,0.0,,10302.24,,False,0
040062,ETH3229 ,Ethiopia,1775559687.0,1775559688,99.2234,13.6365,9144.0,False,260.7,258.73,0.0,,9715.5,,False,0
704012,MMA401  ,Myanmar,1775559691.0,1775559691,99.9043,14.4027,11277.6,False,236.23,126.94,0.33,,11986.26,,False,0
880c52,AIQ3331 ,Thailand,1775559682.0,1775559684,99.5897,10.6969,9654.54,False,227.05,195.64,-16.26,,10309.86,,False,0
76b442,SIA763  ,Singapore,1775559607.0,1775559619,99.9619,10.7496,10668.0,False,240.88,153.22,0.0,,11369.04,,False,0
801408,AIC5CT  ,India,1775559690.0,1775559691,76.4098,28.3807,4495.8,False,181.52,63.58,-3.58,,4556.76,,False,0
801410,IGO687C ,India,1775559523.0,1775559524,75.418,20.8016,10058.4,False,255.36,48.02,-0.33,,10599.42,,False,0
801411,IGO43F  ,India,1775559610.0,1775559638,75.1777,25.6692,9768.84,False,207.98,227.91,-0.33,,10149.84,,False,0
801415,IGO97Y  ,India,1775559691.0,1775559691,76.6223,7.9149,4305.3,False,141.88,44.41,-5.2,,4427.22,,False,0
80142b,IGO74TY ,India,1775559691.0,1775559691,87.0152,22.3082,11109.96,False,187.18,222.33,4.55,,11643.36,1466,False,0
801444,AXB1352 ,India,1775559691.0,1775559691,77.0729,29.7937,6172.2,False,163.85,162.65,-3.9,,6294.12,,False,0
801455,IGO12AJ ,India,1775559691.0,1775559691,82.3237,26.6524,11574.78,False,184.91,275.11,0.33,,11955.78,,False,0
801421,IGO164P ,India,1775559691.0,1775559691,76.5789,11.9365,11574.78,False,224.56,324.42,0.0,,12214.86,,False,0
801424,AIC238  ,India,1775559690.0,1775559690,80.1686,27.3106,9753.6,False,213.22,310.11,0.0,,10027.92,4756,False,0
801432,IGO6309 ,India,1775559690.0,1775559691,86.0137,24.6141,11567.16,False,195.91,303.11,0.0,,12009.12,1356,False,0
801435,AXB1056 ,India,1775559691.0,1775559691,81.4929,26.2465,10980.42,False,183.04,313.52,0.0,,11338.56,,False,0
80141f,IGO5247 ,India,1775559692.0,1775559692,74.8031,19.5554,9989.82,False,210.66,281.69,-7.48,,10546.08,,False,0
801499,IGO256E ,India,1775559691.0,1775559691,91.3135,25.8033,10957.56,False,195.02,290.54,0.33,,11315.7,2610,False,0
801461,IGO764  ,India,1775559691.0,1775559691,77.5249,12.923,9136.38,False,249.56,14.81,0.0,,9639.3,,False,0
801460,IGO1070 ,India,1775559691.0,1775559691,78.4904,28.5091,6423.66,False,193.61,316.72,-5.53,,6560.82,,False,0
80145e,IGO6552 ,India,1775559689.0,1775559691,92.0234,25.3474,6827.52,False,178.19,76.65,-3.58,,7025.64,,False,0
80145b,IGO259  ,India,1775559692.0,1775559692,88.1468,20.8618,9243.06,False,240.33,49.08,-7.15,,9639.3,2006,False,0
80148e,IGO614  ,India,1775559691.0,1775559691,76.0135,27.084,10957.56,False,209.63,211.35,0.33,,11338.56,,False,0
80148f,IGO512E ,India,1775559690.0,1775559690,77.494,13.0957,4450.08,False,142.05,88.34,-3.58,,4625.34,,False,0
801525,VTPCR   ,India,1775559691.0,1775559691,77.2396,28.1844,2453.64,False,134.22,9.93,-3.9,,2453.64,,False,0
801509,AKJ1141 ,India,1775559645.0,1775559645,91.0121,25.763,3352.8,False,150.23,63.35,-4.88,,3558.54,1475,False,0
801569,IGO323  ,India,1775559691.0,1775559691,86.9824,20.0264,11567.16,False,212.91,212.77,-0.33,,12176.76,1302,False,0
801560,IGO604  ,India,1775559690.0,1775559690,73.3131,19.016,1219.2,False,99.03,262.84,-6.83,,1203.96,,False,0
80155c,IGO337F ,India,1775559514.0,1775559520,78.8033,14.3838,9342.12,False,242.85,48.95,5.85,,9860.28,,False,0
80155b,IGO139C ,India,1775559691.0,1775559691,77.0365,8.4939,1760.22,False,145.68,146.09,-3.58,,1737.36,,False,0
801571,IGO7309 ,India,1775559691.0,1775559691,91.0476,23.3932,4876.8,False,112.94,253.05,0.0,,4998.72,2615,False,0
80152e,IGO328C ,India,1775559691.0,1775559691,76.8228,27.8595,7162.8,False,192.6,182.6,8.78,,7330.44,,False,0
801546,AKJ595  ,India,1775559569.0,1775559569,69.154,17.3975,11277.6,False,241.67,118.2,-0.33,,11910.06,,False,0
801553,AIC6LH  ,India,1775559666.0,1775559668,75.1406,25.0496,11582.4,False,219.91,204.17,0.0,,12092.94,,False,0
801552,AIC2116 ,India,1775559690.0,1775559691,77.7146,28.5514,2125.98,False,114.84,292.66,-4.88,,2110.74,,False,0
80159b,SDG182  ,India,1775559691.0,1775559691,77.7421,13.3104,4198.62,False,138.4,89.15,-6.83,,4358.64,,False,0
80156d,IGO6553 ,India,1775559440.0,1775559668,73.0468,20.1973,10058.4,False,217.61,350.34,0.0,,10607.04,,False,0
80157c,AKJ1819 ,India,1775559691.0,1775559691,77.0257,28.65,922.02,False,132.71,8.7,10.73,,838.2,,False,0
801590,AXB1081 ,India,1775559691.0,1775559691,80.3513,26.9999,10660.38,False,282.29,116.28,1.63,,10980.42,,False,0
8013c3,AIC357  ,India,1775559691.0,1775559691,86.7642,24.7452,12184.38,False,215.13,291.9,-0.33,,12641.58,1031,False,0
8013d5,IGO2557 ,India,1775559691.0,1775559691,75.9241,26.763,10119.36,False,228.53,202.64,4.23,,10469.88,,False,0
8013fe,AIC5SA  ,India,1775559386.0,1775559386,76.4496,30.7697,1882.14,False,117.13,71.57,-5.53,,1866.9,,False,0
8013fb,IGO5932 ,India,1775559691.0,1775559691,75.224,29.801,11041.38,False,209.96,200.21,2.6,,11315.7,,False,0
8013fc,IGO212MD,India,1775559691.0,1775559691,86.9889,22.1451,9456.42,False,208.1,175.04,7.8,,9852.66,1275,False,0
8013e3,IGO7517 ,India,1775559690.0,1775559690,76.2159,28.2835,2438.4,False,132.53,193.01,0.33,,2400.3,,False,0
06a19d,QTR3211 ,Qatar,1775559690.0,1775559691,99.0463,14.0092,10972.8,False,241.79,276.47,0.0,,11650.98,,False,0
8013da,IGO925  ,India,1775559643.0,1775559660,80.9553,26.7615,457.2,False,69.46,269.15,-3.58,,342.9,,False,0
8013f6,IGO202  ,India,1775559690.0,1775559691,75.9037,19.9179,10363.2,False,223.62,235.21,0.0,,10919.46,,False,0
880455,AIQ3074 ,Thailand,1775559603.0,1775559603,99.5269,10.3895,11582.4,False,234.16,197.12,0.0,,12344.4,,False,0
800db0,AIC4EP  ,India,1775559691.0,1775559691,77.3682,29.8133,4831.08,False,186.12,19.04,-4.88,,4899.66,,False,0
800db2,IGO7426 ,India,1775559691.0,1775559691,78.2545,28.7036,3657.6,False,143.97,291.16,0.98,,3703.32,,False,0
710411,SVA885  ,Saudi Arabia,1775559691.0,1775559691,91.7707,22.2641,9753.6,False,220.46,277.37,-0.65,,10172.7,3103,False,0
702c25,AJX1432 ,Bangladesh,1775559690.0,1775559690,90.3343,23.9205,510.54,False,70.12,108.83,-0.33,,426.72,4132,False,0
151dc6,AFL255  ,Russian Federation,1775559690.0,1775559690,78.1682,25.9018,10363.2,False,204.44,337.82,0.0,,10713.72,,False,0
151dad,AFL275  ,Russian Federation,1775559688.0,1775559689,75.9314,30.9664,10363.2,False,234.54,291.22,0.0,,10561.32,,False,0
7821a0,CSS155  ,China,1775559691.0,1775559691,86.1639,25.1875,9144.0,False,218.12,292.75,0.0,,9425.94,0504,False,0
151d78,AZV2902 ,Russian Federation,1775559692.0,1775559692,76.7538,27.9923,9753.6,False,209.94,318.58,0.0,,9966.96,,False,0
151d46,AZV2502 ,Russian Federation,1775559690.0,1775559691,86.4802,22.8547,10363.2,False,202.87,308.41,0.33,,10767.06,5541,False,0
151d4a,AZV2904 ,Russian Federation,1775559667.0,1775559670,85.1781,19.7294,9753.6,False,213.74,284.64,-0.33,,10210.8,0765,False,0
70c109,OMA318  ,Oman,1775559692.0,1775559692,87.3573,24.6051,10363.2,False,193.85,282.41,0.0,,10706.1,4751,False,0
880844,AIQ3411 ,Thailand,1775559460.0,1775559481,99.9266,15.5129,10256.52,False,230.37,342.05,2.93,,10949.94,,False,0
880849,AIQ3008 ,Thailand,1775559691.0,1775559691,99.8772,11.4452,11887.2,False,226.64,23.83,-0.65,,12611.1,,False,0
70c0df,OMA246  ,Oman,1775559692.0,1775559692,76.6531,27.9743,4876.8,False,181.63,213.92,0.33,,4953.0,,False,0
484345,BFY560R ,Kingdom of the Netherlands,1775559691.0,1775559692,86.2535,19.2602,12496.8,False,255.26,28.27,0.65,,13121.64,7475,False,0
7705c3,ALK120  ,Sri Lanka,1775559677.0,1775559677,78.2774,5.185,10668.0,False,230.0,33.69,0.0,,11239.5,,False,0
86ebfa,ANA837  ,Japan,1775559691.0,1775559691,77.9924,28.5358,5189.22,False,143.82,252.08,-1.63,,5295.9,5675,False,0
507c71,QNT2232 ,Uzbekistan,1775559691.0,1775559691,79.244,28.3764,10363.2,False,207.01,315.91,0.0,,10637.52,,False,0
76cda3,SIA338  ,Singapore,1775559691.0,1775559691,80.2698,27.2395,10972.8,False,204.85,310.01,0.0,,11369.04,0146,False,0
8940a1,GFA155  ,Bahrain,1775559481.0,1775559564,73.2177,19.9344,11582.4,False,231.21,286.02,-0.33,,12207.24,,False,0
8966bd,ETD237  ,United Arab Emirates,1775559643.0,1775559653,77.5888,13.2645,1996.44,False,141.98,300.0,10.08,,1988.82,,False,0
0101e0,,Egypt,1775559594.0,1775559594,72.818,15.5034,10660.38,False,265.36,118.11,-0.33,,11277.6,,False,0
881058,NOK546  ,Thailand,1775559571.0,1775559571,99.272,9.6936,10919.46,False,240.32,193.62,-5.53,,11628.12,,False,0
881056,NOK528  ,Thailand,1775559691.0,1775559691,99.7029,10.9539,10972.8,False,240.33,197.31,0.0,,11658.6,,False,0
800b12,IGO2053 ,India,1775559691.0,1775559691,74.4731,20.1036,10050.78,False,230.75,51.7,0.33,,10599.42,,False,0
800b52,LLR513  ,India,1775559690.0,1775559690,77.8176,12.3947,3962.4,False,131.45,158.66,0.33,,4183.38,,False,0
3c5829,IFA1115 ,Germany,1775559690.0,1775559690,74.903,31.0365,10675.62,False,258.05,136.86,-0.33,,10888.98,,False,0
881426,AIQ3027 ,Thailand,1775559691.0,1775559691,99.7606,12.5034,10454.64,False,232.53,180.0,4.88,,11117.58,,False,0
800c07,AIC6JS  ,India,1775559687.0,1775559691,77.0789,13.8901,7063.74,False,215.84,138.87,-4.88,,7421.88,,False,0
800c38,IGO5302 ,India,1775559451.0,1775559451,73.0829,18.9868,83.82,False,62.72,262.93,-2.28,,0.0,,False,0
800c3e,AIC186  ,India,1775559691.0,1775559691,83.4231,26.0719,11582.4,False,205.34,287.35,0.33,,11971.02,0250,False,0
800c0c,AIC5WG  ,India,1775559691.0,1775559691,82.0608,26.4178,9144.0,False,209.21,288.35,0.0,,9403.08,,False,0
800c0b,AIC6AB  ,India,1775559691.0,1775559691,76.2732,27.4411,3840.48,False,160.96,194.44,-4.88,,3893.82,,False,0
800c16,IGO6713 ,India,1775559691.0,1775559691,76.509,27.7822,10355.58,False,203.33,213.13,0.0,,10668.0,,False,0
800c4b,AIC4309 ,India,1775559691.0,1775559691,76.0421,27.151,9197.34,False,215.33,214.49,3.9,,9464.04,,False,0
800c65,IGO7455 ,India,1775559691.0,1775559691,73.922,19.1298,4572.0,False,135.38,51.17,0.0,,4792.98,,False,0
800c9c,VTARO   ,India,1775559689.0,1775559691,92.106,25.4685,9220.2,False,163.85,295.28,10.4,,9509.76,,False,0
4cac16,KZR200  ,Ireland,1775559691.0,1775559691,77.1995,26.4616,9761.22,False,202.9,357.38,0.0,,10096.5,,False,0
710053,SVA826  ,Saudi Arabia,1775559689.0,1775559689,78.4081,12.6241,10058.4,False,261.5,114.65,0.0,,10629.9,,False,0
885b48,TVJ343  ,Thailand,1775559687.0,1775559689,99.9248,10.8466,10058.4,False,231.83,13.6,0.33,,10690.86,,False,0
800d10,IGO515  ,India,1775559691.0,1775559691,78.4949,29.8111,3268.98,False,154.17,305.49,-3.58,,3307.08,,False,0
800d01,IGO292K ,India,1775559691.0,1775559691,87.9633,24.4328,10363.2,False,220.52,351.55,-0.33,,10736.58,1437,False,0
800d08,SEJ2451 ,India,1775559691.0,1775559691,77.6261,28.7858,2575.56,False,113.32,159.26,-3.25,,2590.8,,False,0
800d34,IGO6560 ,India,1775559691.0,1775559691,77.3543,28.5643,1402.08,False,97.79,271.81,-3.9,,1348.74,,False,0
800d2c,IGO2417 ,India,1775559690.0,1775559690,79.5901,27.7334,10081.26,False,193.05,303.48,-6.18,,10363.2,,False,0
800d37,IGO5041 ,India,1775559692.0,1775559692,81.6246,26.7133,11277.6,False,287.01,94.73,0.0,,11620.5,,False,0
800d8a,IGO7142 ,India,1775559645.0,1775559645,77.8997,13.0811,3360.42,False,134.37,95.49,0.65,,3505.2,,False,0
800d6a,IGO7251 ,India,1775559691.0,1775559691,87.3898,22.935,2430.78,False,140.17,93.37,0.0,,2499.36,1256,False,0
800bbb,VTARC   ,India,1775559691.0,1775559691,88.4577,22.7393,472.44,False,62.66,186.6,-3.25,,381.0,0467,False,0
800bb5,IGO2614 ,India,1775559691.0,1775559691,82.2896,25.8378,10675.62,False,277.6,126.64,0.33,,11026.14,,False,0
800bfa,AIC2304 ,India,1775559691.0,1775559691,85.0815,24.6567,10675.62,False,276.09,123.99,0.33,,11056.62,0567,False,0
800be6,AIC5PB  ,India,1775559691.0,1775559691,77.1839,27.8906,4053.84,False,151.3,9.59,-9.43,,4114.8,,False,0
800be5,AIC5VH  ,India,1775559691.0,1775559691,73.7201,19.3425,4709.16,False,126.83,241.67,-9.1,,4892.04,,False,0
3c5642,BOX542  ,Germany,1775559691.0,1775559691,79.3358,27.3899,11277.6,False,312.89,113.45,0.33,,11612.88,,False,0
800cdc,IGO302  ,India,1775559506.0,1775559506,77.76,13.1891,1097.28,False,71.51,270.41,-2.93,,1043.94,,False,0
800cb9,AIC4JP  ,India,1775559689.0,1775559691,76.6515,26.8672,9121.14,False,243.32,193.45,5.53,,9395.46,,False,0
800cba,AIC5MF  ,India,1775559690.0,1775559691,77.013,29.6381,4671.06,False,157.26,157.29,-4.88,,4732.02,,False,0
800cc9,AXB1058 ,India,1775559691.0,1775559691,82.6554,23.9249,10972.8,False,202.42,330.96,0.0,,11498.58,,False,0
800cee,IGO6461 ,India,1775559691.0,1775559691,77.5106,28.6135,2057.4,False,97.32,243.98,-6.18,,2034.54,,False,0
800cff,AIC2240 ,India,1775559691.0,1775559691,77.2179,26.0795,10805.16,False,211.56,358.05,-4.88,,11201.4,,False,0
800cfe,AIC2256 ,India,1775559691.0,1775559691,76.7803,28.4784,3528.06,False,158.49,91.3,-4.23,,3550.92,,False,0
80162c,AXB1562 ,India,1775559892.0,1775559892,87.2367,26.1752,11582.4,False,208.55,276.23,0.33,,11955.78,2605,False,0
801640,AIC2356 ,India,1775559892.0,1775559892,86.3562,24.8326,10972.8,False,195.85,292.39,0.0,,11361.42,6131,False,0
80162e,AIC5EY  ,India,1775559892.0,1775559893,77.1506,27.4045,5623.56,False,176.65,357.33,-7.8,,5745.48,,False,0
80162f,AIC5NU  ,India,1775559892.0,1775559892,78.4227,14.494,10972.8,False,233.46,306.67,0.0,,11590.02,,False,0
801657,AIC4CM  ,India,1775559892.0,1775559892,89.0525,26.4722,10668.0,False,245.91,130.59,0.0,,10980.42,0547,False,0
80163f,AIC6GB  ,India,1775559892.0,1775559892,77.3482,28.4898,1226.82,False,98.57,283.89,-2.93,,1165.86,,False,0
801623,AXB1514 ,India,1775559890.0,1775559892,77.0076,26.8149,4114.8,False,141.99,270.21,-3.9,,4183.38,,False,0
80161c,AXB1243 ,India,1775559893.0,1775559893,73.2842,19.2445,2910.84,False,136.06,186.08,-3.9,,2987.04,,False,0
801681,AXB1089 ,India,1775559887.0,1775559890,77.5736,13.4016,3169.92,False,149.18,18.5,15.61,,3246.12,,False,0
80167d,AXB1354 ,India,1775559891.0,1775559891,85.5906,21.9429,10668.0,False,244.74,28.77,0.0,,11178.54,0222,False,0
80164b,IGO79MA ,India,1775559891.0,1775559892,76.1109,27.226,10287.0,False,217.92,211.29,3.9,,10614.66,,False,0
80164e,AIC4AM  ,India,1775559892.0,1775559892,76.9856,28.5528,1729.74,False,130.46,207.47,10.73,,1668.78,,False,0
80164f,AIC4GV  ,India,1775559892.0,1775559892,77.133,28.5362,457.2,False,75.24,283.85,-3.9,,365.76,,False,0
80164c,IGO5121 ,India,1775559892.0,1775559893,84.0463,25.895,8625.84,False,193.77,287.62,7.8,,8869.68,,False,0
801672,AIC5WH  ,India,1775559812.0,1775559812,77.1068,28.5419,312.42,False,74.62,283.56,-4.23,,236.22,,False,0
80169d,IGO6264 ,India,1775559829.0,1775559880,72.9833,19.8364,10668.0,False,226.01,357.78,0.0,,11254.74,,False,0
8014e4,IGO624  ,India,1775559891.0,1775559891,76.388,10.9683,11277.6,False,234.53,158.11,0.33,,11902.44,,False,0
8014af,IGO2138 ,India,1775559892.0,1775559892,72.9523,19.09,4061.46,False,165.14,359.46,19.51,,4152.9,,False,0
8014ba,VTSFU   ,India,1775559494.0,1775559586,73.0592,19.6903,12489.18,False,216.12,354.26,0.0,,13136.88,,False,0
8014bd,IGO6146 ,India,1775559890.0,1775559891,75.4595,26.6638,11902.44,False,236.76,27.29,0.0,,12336.78,,False,0
801606,AXB2891 ,India,1775559846.0,1775559863,74.0546,17.4505,11887.2,False,244.22,149.49,0.33,,12534.9,,False,0
801609,VTPMO   ,India,1775559892.0,1775559892,86.9139,24.9347,7612.38,False,194.1,222.31,-0.65,,7818.12,0466,False,0
801613,AXB1168 ,India,1775559890.0,1775559892,76.7101,25.9796,11262.36,False,244.89,179.4,0.33,,11696.7,,False,0
80174b,IGO5196 ,India,1775559891.0,1775559891,78.6087,14.0353,10957.56,False,239.7,123.62,-11.38,,11597.64,,False,0
80175f,IGO1089 ,India,1775559891.0,1775559892,75.5739,17.8163,11277.6,False,251.96,112.95,0.0,,11902.44,,False,0
801768,IGO405K ,India,1775559893.0,1775559893,87.4015,22.7679,8465.82,False,191.32,252.15,3.58,,8801.1,1461,False,0
800441,AIC2JL  ,India,1775559831.0,1775559836,73.8554,17.2471,10050.78,False,245.18,135.0,7.48,,10607.04,,False,0
801778,IGO770H ,India,1775559853.0,1775559855,76.9142,24.7791,11285.22,False,252.27,177.78,-0.33,,11780.52,,False,0
801739,VTJMR   ,India,1775559892.0,1775559893,73.3549,18.9106,1668.78,False,101.86,36.58,0.33,,1661.16,,False,0
801785,AKJ619  ,India,1775559892.0,1775559892,74.6711,19.594,8770.62,False,175.27,275.73,-5.2,,9220.2,,False,0
80177b,AXB6118 ,India,1775559892.0,1775559892,73.2058,19.0914,1310.64,False,102.49,276.34,-4.23,,1287.78,,False,0
80177e,IGO5031 ,India,1775559890.0,1775559890,77.5175,13.7611,6118.86,False,188.65,333.43,10.4,,6385.56,,False,0
80177f,VTVIK   ,India,1775559878.0,1775559878,75.4098,19.8498,11452.86,False,211.24,253.15,-5.2,,12077.7,,False,0
801792,IGO1052 ,India,1775559892.0,1775559892,73.9428,19.353,5181.6,False,154.13,5.94,0.0,,5387.34,,False,0
8015c0,IGO674  ,India,1775559873.0,1775559891,72.8992,19.0892,160.02,False,64.32,268.63,-3.25,,76.2,,False,0
8015d1,IGO4VP  ,India,1775559877.0,1775559877,77.0566,11.0425,4869.18,False,134.61,207.54,0.0,,5052.06,,False,0
8015d7,VTSBS   ,India,1775559890.0,1775559890,77.4419,28.0193,1341.12,False,59.3,278.48,0.0,,1287.78,,False,0
8015ad,IGO5324 ,India,1775559879.0,1775559883,75.8692,19.9788,11582.4,False,217.3,253.5,0.0,,12192.0,,False,0
8015b8,IGO226Y ,India,1775559890.0,1775559890,76.8477,26.3164,10050.78,False,246.61,177.73,0.0,,10454.64,,False,0
8015fc,IGO301P ,India,1775559891.0,1775559891,91.3058,23.781,1402.08,False,103.44,14.11,-5.53,,1371.6,0562,False,0
8015e3,IGO641M ,India,1775559891.0,1775559892,77.8513,14.1794,7993.38,False,212.8,17.73,5.53,,8412.48,,False,0
8015e4,IGO525  ,India,1775559892.0,1775559892,88.4159,23.0515,9753.6,False,196.94,261.89,-0.33,,10149.84,3307,False,0
8015e7,,India,1775559847.0,1775559847,75.1368,6.3747,11269.98,False,227.36,20.12,0.0,,11887.2,,False,0
8015e6,IGO615C ,India,1775559892.0,1775559892,73.4657,17.0928,9921.24,False,250.62,154.86,6.5,,10477.5,,False,0
8015da,IGO2589 ,India,1775559892.0,1775559892,86.3629,24.1014,10652.76,False,272.72,115.11,0.0,,11064.24,0535,False,0
88530c,THA320  ,Thailand,1775559892.0,1775559892,99.4992,14.8312,8321.04,False,229.42,129.72,-12.68,,7505.7,,False,0
88530a,THA217  ,Thailand,1775559698.0,1775559699,99.3653,10.3307,10972.8,False,237.52,198.04,0.0,,11704.32,,False,0
8015ef,AXB2746 ,India,1775559892.0,1775559892,85.3109,22.0211,11269.98,False,250.74,23.2,0.0,,11818.62,1420,False,0
702067,BBC389  ,Bangladesh,1775559891.0,1775559891,92.4455,21.5688,10363.2,False,219.48,316.99,-0.33,,10850.88,6121,False,0
80053f,AICD5V  ,India,1775559892.0,1775559893,73.3006,19.132,2255.52,False,110.73,235.79,-5.53,,2301.24,,False,0
80187c,IGO5936 ,India,1775559891.0,1775559892,84.7044,22.9245,11597.64,False,217.47,214.59,0.0,,12123.42,1447,False,0
801861,IGO724F ,India,1775559891.0,1775559891,76.8339,26.6326,10332.72,False,254.84,177.8,4.55,,10698.48,,False,0
801862,IGO2167 ,India,1775559880.0,1775559880,74.8325,19.7619,9372.6,False,228.18,239.97,-5.2,,9921.24,,False,0
80185b,VTBBN   ,India,1775559802.0,1775559855,74.0207,17.6252,6400.8,False,221.11,172.38,-0.33,,6675.12,,False,0
80058a,AIC5VU  ,India,1775559892.0,1775559892,81.2539,26.5195,8534.4,False,217.3,306.63,0.0,,8778.24,,False,0
702090,S2AGI   ,Bangladesh,1775559892.0,1775559892,90.4067,23.8685,220.98,False,45.92,9.67,1.95,,114.3,,False,0
800585,VUAVE   ,India,1775559890.0,1775559892,77.6895,28.0829,9060.18,False,262.07,120.04,4.23,,9281.16,,False,0
8960ec,UAE362  ,United Arab Emirates,1775559892.0,1775559892,89.5569,22.8979,12496.8,False,295.24,93.2,0.65,,13053.06,6226,False,0
8017a8,VTPVS   ,India,1775559726.0,1775559853,73.9107,19.707,2278.38,False,63.31,1.86,0.33,,2301.24,,False,0
8960dc,UAE507  ,United Arab Emirates,1775559873.0,1775559873,71.4815,19.2714,8366.76,False,230.21,287.83,6.18,,8801.1,,False,0
8003b1,AXB2608 ,India,1775559892.0,1775559892,77.6548,12.7706,5425.44,False,176.4,186.03,11.7,,5638.8,,False,0
8016e1,IGO1421 ,India,1775559693.0,1775559790,68.3864,18.8563,10972.8,False,220.0,297.88,0.0,,11597.64,,False,0
8016da,IGO338C ,India,1775559833.0,1775559834,75.1935,25.2012,10347.96,False,211.44,202.76,-0.33,,10789.92,,False,0
8016dd,IGO2285 ,India,1775559890.0,1775559890,74.9505,25.6574,10066.02,False,251.77,40.53,0.65,,10469.88,,False,0
8016c8,AXB1671 ,India,1775559892.0,1775559892,72.9822,19.0902,609.6,False,87.98,268.99,-4.88,,556.26,,False,0
8016cc,AXB2718 ,India,1775559784.0,1775559784,77.7623,13.1891,1104.9,False,79.23,270.37,-3.9,,1036.32,,False,0
8016d7,IGO262F ,India,1775559647.0,1775559647,77.7604,13.1891,1097.28,False,71.0,270.42,-4.23,,1043.94,,False,0
801805,IGO472V ,India,1775559873.0,1775559883,77.7529,14.3646,8488.68,False,217.27,7.21,5.2,,8938.26,,False,0
896197,UAE372  ,United Arab Emirates,1775559890.0,1775559891,91.1972,20.9324,12496.8,False,282.95,124.18,-0.33,,13091.16,6211,False,0
801835,AKJ186P ,India,1775559891.0,1775559892,72.914,17.479,9502.14,False,233.05,0.51,4.23,,10020.3,,False,0
801839,IGO6226 ,India,1775559651.0,1775559652,78.0629,30.1712,1120.14,False,72.66,79.8,-3.9,,1074.42,,False,0
801848,AXB2547 ,India,1775559892.0,1775559892,82.0541,25.281,6995.16,False,184.54,255.96,12.03,,7185.66,,False,0
801849,SDG619  ,India,1775559892.0,1775559892,83.21,25.1958,9144.0,False,195.52,255.52,-0.33,,9395.46,,False,0
801851,IGO316P ,India,1775559891.0,1775559891,75.4296,25.6543,10957.56,False,221.11,203.88,0.0,,11422.38,,False,0
801819,IGO626M ,India,1775559892.0,1775559892,76.8409,28.3559,2872.74,False,174.98,173.59,20.16,,2857.5,,False,0
801816,IGO390M ,India,1775559892.0,1775559892,73.1481,19.4148,3360.42,False,136.89,181.51,-4.55,,3459.48,,False,0
80180b,IGO910  ,India,1775559892.0,1775559892,87.4773,23.54,4610.1,False,193.97,127.78,-7.15,,4732.02,0544,False,0
80180e,IGO392C ,India,1775559819.0,1775559877,74.1573,16.9458,11277.6,False,241.55,134.48,0.0,,11910.06,,False,0
801828,IGO902Y ,India,1775559889.0,1775559891,75.1961,19.4398,9334.5,False,213.29,217.26,-10.4,,9822.18,,False,0
801831,AKJ1509 ,India,1775559892.0,1775559892,87.4558,20.5335,10736.58,False,271.04,64.12,-7.48,,11285.22,2705,False,0
47b12e,NBT192  ,Norway,1775559892.0,1775559892,89.8806,20.4424,9753.6,False,234.69,307.07,-0.33,,10271.76,6143,False,0
8005b9,VTBRS   ,India,1775559892.0,1775559892,73.0732,19.0914,1089.66,False,93.12,269.37,-4.23,,1043.94,,False,0
7020a3,UBG110  ,Bangladesh,1775559892.0,1775559892,91.4815,22.501,2880.36,False,96.45,326.31,3.25,,2926.08,5527,False,0
7020ae,AWA448  ,Bangladesh,1775559892.0,1775559892,90.3288,23.9301,609.6,False,58.03,142.93,-2.93,,533.4,5567,False,0
7020ab,UBG322  ,Bangladesh,1775559893.0,1775559893,84.8382,23.1136,11277.6,False,280.03,92.0,1.3,,11772.9,3531,False,0
7020b5,UBG538  ,Bangladesh,1775559891.0,1775559891,90.3169,24.0226,1257.3,False,99.4,251.28,-7.15,,1264.92,,False,0
7020bc,AWA477  ,Bangladesh,1775559893.0,1775559893,90.202,23.7431,2354.58,False,90.45,288.23,2.28,,2362.2,5514,False,0
7020c2,UBG361  ,Bangladesh,1775559890.0,1775559892,84.8498,22.8618,10972.8,False,201.95,275.12,0.0,,11460.48,4747,False,0
8017f2,IGO349  ,India,1775559892.0,1775559892,76.9293,28.453,3665.22,False,159.21,104.22,0.0,,3688.08,,False,0
884205,BKP277  ,Thailand,1775559889.0,1775559889,99.6004,11.0144,11582.4,False,227.5,192.94,0.0,,12352.02,,False,0
781be6,CSC3923 ,China,1775559892.0,1775559892,91.2128,22.196,10347.96,False,193.31,250.41,-0.33,,10812.78,1500,False,0
896371,ABY465  ,United Arab Emirates,1775559893.0,1775559893,72.9424,28.375,11285.22,False,295.6,99.92,0.0,,11666.22,,False,0
896316,UAE328  ,United Arab Emirates,1775559892.0,1775559892,86.6388,22.7835,11285.22,False,300.33,95.6,0.0,,11811.0,6205,False,0
80073b,AIC313  ,India,1775559891.0,1775559892,79.0137,28.1497,7795.26,False,203.35,315.31,-4.88,,7993.38,5046,False,0
800742,AIC2664 ,India,1775559890.0,1775559891,76.7285,25.2732,12489.18,False,257.34,181.72,0.0,,12999.72,,False,0
8963e0,UAE46F  ,United Arab Emirates,1775559892.0,1775559892,90.0977,23.9577,2156.46,False,124.31,15.36,-8.78,,2179.32,6201,False,0
4bb152,THY6263 ,Turkey,1775559890.0,1775559891,76.4541,31.0347,9144.0,False,261.62,316.35,0.0,,9326.88,,False,0
8007b0,IGO394  ,India,1775559892.0,1775559892,86.8067,22.6767,9753.6,False,196.76,255.93,0.33,,10187.94,2644,False,0
781cdf,HYT9068 ,China,1775559892.0,1775559892,91.7201,22.2703,11277.6,False,280.44,97.06,0.0,,11788.14,3056,False,0
8007cd,IGO942  ,India,1775559893.0,1775559893,77.1472,27.1367,6164.58,False,190.63,225.66,19.18,,6301.74,,False,0
8a09f6,,Indonesia,1775559833.0,1775559834,97.9064,14.6315,10058.4,False,12.74,226.64,0.33,,9098.28,,False,0
89667b,,United Arab Emirates,1775559749.0,1775559749,97.5328,15.4413,12496.8,False,257.02,117.54,0.0,,13182.6,,False,0
8832b9,TLM773  ,Thailand,1775559841.0,1775559841,99.2213,10.4632,10058.4,False,224.23,29.86,0.0,,10706.1,,False,0
8832d5,TLM812  ,Thailand,1775559696.0,1775559696,99.3287,9.7547,10363.2,False,238.06,197.22,0.0,,11033.76,,False,0
76cd76,SIA326  ,Singapore,1775559884.0,1775559885,74.448,31.3055,9144.0,False,258.95,272.16,0.33,,9281.16,,False,0
152036,AFL599  ,Russian Federation,1775559800.0,1775559891,98.5688,15.5065,10363.2,False,242.9,319.12,4.55,,11018.52,,False,0
040156,ETH3751 ,Ethiopia,1775559892.0,1775559892,76.9251,13.1461,9753.6,False,251.98,265.08,0.0,,10302.24,,False,0
040062,ETH3229 ,Ethiopia,1775559738.0,1775559741,99.1044,13.6131,9144.0,False,259.79,258.58,0.0,,9715.5,,False,0
8990bb,SJX752  ,Taiwan,1775559809.0,1775559810,99.0641,18.7315,1371.6,False,139.28,85.76,6.83,,1356.36,,False,0
880c42,,Thailand,1775559892.0,1775559892,99.885,10.8555,10058.4,False,235.45,17.29,0.0,,10706.1,,False,0
880c46,AIQ3021 ,Thailand,1775559892.0,1775559892,99.9516,13.4624,7917.18,False,205.74,192.12,8.45,,8404.86,,False,0
880c52,AIQ3331 ,Thailand,1775559868.0,1775559868,99.4876,10.3373,7254.24,False,211.57,195.66,-12.35,,7757.16,,False,0
76b442,SIA763  ,Singapore,1775559607.0,1775559619,99.9619,10.7496,10668.0,False,240.88,153.22,0.0,,11369.04,,False,0
801408,AIC5CT  ,India,1775559892.0,1775559892,76.7265,28.5165,3962.4,False,151.98,80.06,-0.33,,4008.12,,False,0
801411,IGO43F  ,India,1775559610.0,1775559638,75.1777,25.6692,9768.84,False,207.98,227.91,-0.33,,10149.84,,False,0
801415,IGO97Y  ,India,1775559892.0,1775559892,76.8061,8.1013,3139.44,False,143.33,44.71,-6.18,,3185.16,,False,0
80142b,IGO74TY ,India,1775559892.0,1775559892,86.7613,22.0454,11582.4,False,203.58,222.23,-0.33,,12153.9,1466,False,0
801444,AXB1352 ,India,1775559892.0,1775559892,77.1694,29.5219,4953.0,False,152.96,162.78,-8.13,,5036.82,,False,0
801445,IGO255V ,India,1775559856.0,1775559879,77.5887,13.2637,1798.32,False,140.57,299.85,16.26,,1805.94,,False,0
801455,IGO12AJ ,India,1775559892.0,1775559892,81.9544,26.6812,11582.4,False,182.81,275.0,0.33,,11963.4,,False,0
801458,IGO6101 ,India,1775559891.0,1775559892,86.5049,20.3602,5821.68,False,203.54,58.96,16.58,,6035.04,1570,False,0
801421,IGO164P ,India,1775559892.0,1775559892,76.3364,12.2695,11582.4,False,227.13,324.4,0.33,,12230.1,,False,0
801424,AIC238  ,India,1775559891.0,1775559892,79.8306,27.5642,9753.6,False,212.16,309.98,0.0,,10020.3,4756,False,0
801432,IGO6309 ,India,1775559889.0,1775559892,85.693,24.8047,11582.4,False,197.92,302.91,0.0,,12016.74,1356,False,0
801435,AXB1056 ,India,1775559892.0,1775559892,81.226,26.4762,10988.04,False,184.85,313.65,0.0,,11338.56,,False,0
80141f,IGO5247 ,India,1775559892.0,1775559893,74.4284,19.5613,7482.84,False,201.13,250.27,-13.0,,7863.84,,False,0
801499,IGO256E ,India,1775559892.0,1775559892,90.9403,25.9287,10957.56,False,196.11,290.1,-0.33,,11308.08,2610,False,0
801461,IGO764  ,India,1775559892.0,1775559892,77.6427,13.3573,9144.0,False,247.58,14.93,0.0,,9639.3,,False,0
801460,IGO1070 ,India,1775559892.0,1775559892,78.2248,28.7397,4953.0,False,168.17,305.54,-7.8,,5029.2,,False,0
80145e,IGO6552 ,India,1775559880.0,1775559889,91.9519,25.4382,6248.4,False,139.05,188.94,-2.6,,6423.66,,False,0
80145b,IGO259  ,India,1775559893.0,1775559893,88.442,21.1731,6972.3,False,214.34,29.95,-8.13,,7223.76,2006,False,0
80148e,IGO614  ,India,1775559893.0,1775559893,75.8019,26.7405,10988.04,False,227.6,200.65,0.0,,11384.28,,False,0
80148f,IGO512E ,India,1775559892.0,1775559892,77.7507,13.1024,3360.42,False,132.78,88.45,-3.25,,3459.48,,False,0
801525,VTPCR   ,India,1775559885.0,1775559892,77.3351,28.3589,2034.54,False,116.36,68.2,-8.45,,2004.06,,False,0
801509,AKJ1141 ,India,1775559728.0,1775559728,91.126,25.7904,3139.44,False,150.23,63.35,-4.88,,3558.54,1475,False,0
801569,IGO323  ,India,1775559891.0,1775559892,86.7583,19.698,11597.64,False,217.46,213.13,0.0,,12207.24,1302,False,0
801560,IGO604  ,India,1775559892.0,1775559892,73.1503,18.9954,441.96,False,65.41,262.32,-2.93,,365.76,,False,0
80155b,IGO139C ,India,1775559892.0,1775559892,77.0632,8.3558,769.62,False,79.33,303.9,-3.25,,678.18,,False,0
801571,IGO7309 ,India,1775559892.0,1775559892,90.8322,23.3324,4876.8,False,115.85,252.69,0.0,,5006.34,2615,False,0
80152e,IGO328C ,India,1775559891.0,1775559892,76.8022,27.4822,8656.32,False,218.88,182.69,3.9,,8892.54,,False,0
801553,AIC6LH  ,India,1775559729.0,1775559729,75.0858,24.9386,11582.4,False,223.14,204.08,0.0,,12100.56,,False,0
801552,AIC2116 ,India,1775559891.0,1775559891,77.4849,28.5611,952.5,False,107.08,272.2,-4.88,,891.54,,False,0
80159b,SDG182  ,India,1775559892.0,1775559892,77.9566,13.2845,2849.88,False,110.59,172.25,-12.03,,2933.7,,False,0
80156d,IGO6553 ,India,1775559440.0,1775559668,73.0468,20.1973,10058.4,False,217.61,350.34,0.0,,10607.04,,False,0
80157c,AKJ1819 ,India,1775559893.0,1775559893,77.2445,28.7411,2133.6,False,128.74,84.27,0.0,,2110.74,,False,0
801590,AXB1081 ,India,1775559831.0,1775559892,80.713,26.8392,10668.0,False,283.02,115.63,0.0,,10995.66,,False,0
8013c3,AIC357  ,India,1775559892.0,1775559892,86.3669,24.8911,12184.38,False,217.43,291.95,0.33,,12649.2,1031,False,0
8013d5,IGO2557 ,India,1775559891.0,1775559892,75.7496,26.3853,10363.2,False,231.1,202.51,0.33,,10751.82,,False,0
8013fb,IGO5932 ,India,1775559891.0,1775559892,75.0719,29.4381,11544.3,False,215.8,200.08,2.6,,11871.96,,False,0
8013fc,IGO212MD,India,1775559892.0,1775559892,86.8086,21.8628,10309.86,False,182.54,238.95,4.55,,10789.92,1275,False,0
8013e3,IGO7517 ,India,1775559893.0,1775559893,76.1545,28.0494,2438.4,False,131.02,193.16,-0.65,,2400.3,,False,0
06a19d,QTR3211 ,Qatar,1775559744.0,1775559744,98.9269,14.0223,10972.8,False,242.3,276.46,0.0,,11650.98,,False,0
8013da,IGO925  ,India,1775559643.0,1775559660,80.9553,26.7615,457.2,False,69.46,269.15,-3.58,,342.9,,False,0
8013f6,IGO202  ,India,1775559892.0,1775559892,75.5518,19.6856,10279.38,False,225.35,235.04,-4.23,,10881.36,,False,0
88044f,AIQ5420 ,Thailand,1775559892.0,1775559892,99.9655,14.1388,11582.4,False,227.74,187.4,0.0,,12352.02,,False,0
880455,AIQ3074 ,Thailand,1775559874.0,1775559888,99.3555,9.8392,11590.02,False,235.3,197.17,0.0,,12352.02,,False,0
800db0,AIC4EP  ,India,1775559892.0,1775559892,77.5805,30.0342,3581.4,False,144.69,69.83,-0.98,,3611.88,,False,0
800db2,IGO7426 ,India,1775559893.0,1775559893,77.9801,28.726,3230.88,False,135.82,254.17,-2.28,,3261.36,,False,0
710411,SVA885  ,Saudi Arabia,1775559892.0,1775559892,91.3472,22.3144,9753.6,False,222.36,281.21,-0.33,,10165.08,3103,False,0
800fd1,IGO7712 ,India,1775559891.0,1775559891,78.3218,11.7415,4709.16,False,106.52,338.76,2.28,,4869.18,,False,0
151dc6,AFL255  ,Russian Federation,1775559891.0,1775559891,78.0144,26.2446,10363.2,False,206.06,337.85,0.0,,10706.1,,False,0
151dad,AFL275  ,Russian Federation,1775559890.0,1775559890,75.4646,31.1203,10363.2,False,239.96,288.63,0.0,,10553.7,,False,0
7821a0,CSS155  ,China,1775559891.0,1775559892,85.7658,25.3386,9144.0,False,215.71,292.28,0.0,,9425.94,0504,False,0
151d78,AZV2902 ,Russian Federation,1775559893.0,1775559893,76.5003,28.3013,9753.6,False,218.1,333.37,-0.33,,9959.34,,False,0
151d46,AZV2502 ,Russian Federation,1775559892.0,1775559892,86.1744,23.0815,10363.2,False,196.92,308.64,-0.33,,10767.06,5541,False,0
151d4a,AZV2904 ,Russian Federation,1775559891.0,1775559892,84.8855,20.0682,9761.22,False,226.3,326.78,0.0,,10226.04,0765,False,0
70c109,OMA318  ,Oman,1775559893.0,1775559893,86.9737,24.6829,10363.2,False,201.32,282.54,0.0,,10713.72,4751,False,0
880845,,Thailand,1775559861.0,1775559861,99.3203,10.652,7566.66,False,226.75,34.56,7.15,,8054.34,,False,0
880849,AIQ3008 ,Thailand,1775559891.0,1775559892,99.9853,11.8406,11887.2,False,227.6,14.66,0.0,,12611.1,,False,0
70c0df,OMA246  ,Oman,1775559893.0,1775559893,76.4384,27.6888,6789.42,False,194.62,213.9,10.4,,6918.96,,False,0
77058d,ALK116  ,Sri Lanka,1775559867.0,1775559891,77.4997,5.6548,11887.2,False,230.72,65.78,0.0,,12527.28,,False,0
484345,BFY560R ,Kingdom of the Netherlands,1775559893.0,1775559893,86.4972,19.6666,12496.8,False,264.97,38.69,-0.33,,13129.26,7475,False,0
7705c3,ALK120  ,Sri Lanka,1775559677.0,1775559878,78.2774,5.185,10668.0,False,230.29,33.8,0.0,,11239.5,,False,0
86ebfa,ANA837  ,Japan,1775559892.0,1775559892,77.7111,28.4919,3810.0,False,138.11,260.78,-6.5,,3863.34,5675,False,0
507c71,QNT2232 ,Uzbekistan,1775559891.0,1775559892,78.9469,28.647,10363.2,False,211.0,315.79,0.0,,10637.52,,False,0
76cda3,SIA338  ,Singapore,1775559891.0,1775559891,79.9513,27.4776,10972.8,False,205.24,309.92,0.0,,11369.04,0146,False,0
8966bd,ETD237  ,United Arab Emirates,1775559892.0,1775559892,77.2582,13.4003,4411.98,False,192.56,290.32,4.55,,4564.38,,False,0
0101e0,,Egypt,1775559594.0,1775559594,72.818,15.5034,10660.38,False,265.36,118.11,-0.33,,11277.6,,False,0
881056,NOK528  ,Thailand,1775559884.0,1775559884,99.5775,10.5543,10972.8,False,242.94,197.25,0.0,,11666.22,,False,0
800b12,IGO2053 ,India,1775559892.0,1775559892,74.8224,20.3643,10058.4,False,231.88,51.76,0.33,,10599.42,,False,0
800b52,LLR513  ,India,1775559836.0,1775559864,77.8841,12.2275,3482.34,False,140.72,158.78,-7.15,,3665.22,,False,0
800b31,,India,1775559883.0,1775559889,86.5817,22.6195,1691.64,False,49.0,116.83,-0.33,,1676.4,,False,0
3c5829,IFA1115 ,Germany,1775559892.0,1775559892,75.3106,30.7176,10675.62,False,267.96,123.57,0.33,,10896.6,,False,0
881426,AIQ3027 ,Thailand,1775559892.0,1775559892,99.7609,12.0859,10972.8,False,229.44,180.0,0.0,,11666.22,,False,0
800c07,AIC6JS  ,India,1775559892.0,1775559892,77.3388,13.5996,5707.38,False,202.0,138.92,-6.18,,6012.18,,False,0
800c3e,AIC186  ,India,1775559891.0,1775559892,83.0313,26.1817,11582.4,False,202.43,287.15,0.0,,11963.4,0250,False,0
800c0c,AIC5WG  ,India,1775559892.0,1775559892,81.6588,26.5367,9144.0,False,209.87,287.99,0.0,,9403.08,,False,0
800c0b,AIC6AB  ,India,1775559871.0,1775559871,76.2001,27.1992,2697.48,False,142.18,195.75,-6.5,,2712.72,,False,0
800c16,IGO6713 ,India,1775559893.0,1775559893,76.2785,27.4737,10370.82,False,207.78,211.33,0.0,,10706.1,,False,0
800c4b,AIC4309 ,India,1775559892.0,1775559892,75.7956,26.8288,10088.88,False,217.18,214.48,1.3,,10431.78,,False,0
800c65,IGO7455 ,India,1775559892.0,1775559892,74.1242,19.2837,4579.62,False,134.33,51.37,0.98,,4800.6,,False,0
800c9c,VTARO   ,India,1775559891.0,1775559892,91.7939,25.5641,10469.88,False,169.05,289.37,7.8,,10812.78,2667,False,0
4cac16,KZR200  ,Ireland,1775559891.0,1775559891,77.1806,26.8286,9745.98,False,205.47,357.42,0.33,,10066.02,,False,0
710053,SVA826  ,Saudi Arabia,1775559689.0,1775559689,78.4081,12.6241,10058.4,False,261.5,114.65,0.0,,10629.9,,False,0
800d10,IGO515  ,India,1775559892.0,1775559892,78.2489,29.9625,2697.48,False,141.31,305.37,-1.95,,2712.72,,False,0
800d0f,IGO2073 ,India,1775559891.0,1775559892,77.9419,13.6212,11277.6,False,239.49,192.78,0.0,,11917.68,,False,0
800d01,IGO292K ,India,1775559892.0,1775559892,87.7986,24.7814,10302.24,False,211.76,339.67,-7.48,,10652.76,1437,False,0
800d08,SEJ2451 ,India,1775559892.0,1775559893,77.6105,28.6145,2148.84,False,103.69,246.61,-1.63,,2133.6,,False,0
800d34,IGO6560 ,India,1775559892.0,1775559892,77.1791,28.5686,617.22,False,73.59,271.6,-3.58,,533.4,,False,0
800d2c,IGO2417 ,India,1775559891.0,1775559891,79.2541,27.9279,9029.7,False,196.91,292.75,-5.53,,9273.54,,False,0
800d37,IGO5041 ,India,1775559893.0,1775559893,82.2014,26.6693,11277.6,False,286.58,94.94,0.0,,11628.12,,False,0
710105,SVA3606 ,Saudi Arabia,1775559893.0,1775559893,84.2245,23.1306,10668.0,False,299.02,91.68,0.0,,11140.44,4503,False,0
800d8a,IGO7142 ,India,1775559849.0,1775559849,78.1535,13.0576,3352.8,False,134.88,95.47,-0.98,,3512.82,,False,0
800d6a,IGO7251 ,India,1775559892.0,1775559892,87.6614,22.9192,2430.78,False,135.55,93.48,0.0,,2499.36,1256,False,0
800bc0,IGO102W ,India,1775559892.0,1775559892,73.0422,19.0357,11879.58,False,243.07,148.77,0.0,,12527.28,,False,0
800bb5,IGO2614 ,India,1775559892.0,1775559892,82.7291,25.5422,10660.38,False,272.04,126.7,0.0,,11018.52,,False,0
800bfa,AIC2304 ,India,1775559891.0,1775559891,85.5346,24.3763,10675.62,False,275.53,124.19,-0.33,,11071.86,0567,False,0
800be6,AIC5PB  ,India,1775559892.0,1775559892,77.235,28.1555,3070.86,False,146.74,9.89,-3.25,,3078.48,,False,0
800be5,AIC5VH  ,India,1775559892.0,1775559892,73.4943,19.2797,3962.4,False,124.67,266.93,0.0,,4091.94,,False,0
3c5642,BOX542  ,Germany,1775559892.0,1775559892,79.9168,27.1584,11277.6,False,314.51,114.34,0.0,,11612.88,,False,0
800cb9,AIC4JP  ,India,1775559890.0,1775559892,76.5379,26.4386,10264.14,False,240.46,193.23,6.18,,10622.28,,False,0
800cba,AIC5MF  ,India,1775559892.0,1775559892,77.1399,29.3741,3665.22,False,156.79,157.22,-3.25,,3688.08,,False,0
800cc9,AXB1058 ,India,1775559892.0,1775559892,82.4614,24.2445,10972.8,False,200.37,330.8,0.0,,11483.34,,False,0
800cee,IGO6461 ,India,1775559892.0,1775559892,77.3167,28.5653,1097.28,False,96.75,271.52,-2.6,,1036.32,,False,0
800cff,AIC2240 ,India,1775559892.0,1775559892,77.1994,26.4523,9845.04,False,208.07,357.31,-6.83,,10165.08,,False,0
800cfe,AIC2256 ,India,1775559892.0,1775559892,77.0865,28.4472,2758.44,False,145.61,104.53,-4.88,,2750.82,,False,0
80162c,AXB1562 ,India,1775560451.0,1775560502,86.0875,26.3675,11582.4,False,205.01,281.14,0.0,,11955.78,2605,False,0
80162a,IGO7407 ,India,1775560627.0,1775560627,77.5372,12.8615,4030.98,False,113.38,176.62,3.58,,4152.9,,False,0
801640,AIC2356 ,India,1775560613.0,1775560613,85.069,25.3105,10972.8,False,191.82,291.89,0.0,,11338.56,6131,False,0
80162e,AIC5EY  ,India,1775560627.0,1775560627,77.3004,28.3549,2613.66,False,136.31,59.37,-4.88,,2606.04,,False,0
801647,IGO573V ,India,1775560626.0,1775560626,76.0677,31.724,10660.38,False,230.88,143.33,0.0,,10858.5,,False,0
801653,GOA5206 ,India,1775560626.0,1775560626,73.6518,18.6671,2476.5,False,87.63,302.29,5.53,,2590.8,,False,0
801657,AIC4CM  ,India,1775560626.0,1775560627,90.4494,25.8517,6400.8,False,162.13,178.18,-0.33,,6568.44,0547,False,0
801623,AXB1514 ,India,1775560313.0,1775560313,76.4373,26.8202,2461.26,False,127.13,271.86,-4.23,,2461.26,,False,0
801681,AXB1089 ,India,1775560400.0,1775560400,77.7993,14.2224,6858.0,False,210.77,6.59,2.93,,7162.8,,False,0
80167d,AXB1354 ,India,1775560626.0,1775560626,86.6878,23.2701,10668.0,False,259.73,45.16,0.0,,11125.2,0222,False,0
801692,VTTOP   ,India,1775560618.0,1775560618,76.9472,8.4547,228.6,False,36.41,312.71,-1.95,,106.68,,False,0
80164b,IGO79MA ,India,1775560626.0,1775560626,75.4406,25.9091,11597.64,False,216.0,211.76,0.0,,12077.7,,False,0
80164e,AIC4AM  ,India,1775560625.0,1775560626,76.3707,27.4348,9791.7,False,226.47,204.99,9.1,,10081.26,,False,0
80164c,IGO5121 ,India,1775560627.0,1775560627,82.5655,26.3096,9144.0,False,214.49,286.87,0.0,,9418.32,,False,0
801678,IGO6176 ,India,1775560624.0,1775560624,85.5023,20.5024,6164.58,False,157.12,323.66,9.1,,6393.18,2627,False,0
8014b0,IGO509  ,India,1775560469.0,1775560469,77.7605,13.1891,1097.28,False,74.08,270.4,-3.9,,1036.32,,False,0
8014ad,IGO572V ,India,1775560626.0,1775560626,86.9033,20.0631,10668.0,False,252.08,36.87,-0.33,,11231.88,1000,False,0
8014e4,IGO624  ,India,1775560408.0,1775560447,76.7965,9.9565,9075.42,False,234.14,158.34,-9.75,,9547.86,,False,0
8014af,IGO2138 ,India,1775560422.0,1775560422,72.9491,19.9791,9372.6,False,198.06,359.85,4.88,,9601.2,,False,0
8014bb,IGO6548 ,India,1775560622.0,1775560622,74.9473,20.019,6400.8,False,213.16,102.83,2.93,,6423.66,,False,0
8014bd,IGO6146 ,India,1775560626.0,1775560626,76.2736,28.0605,11894.82,False,234.71,27.69,-0.33,,12275.82,,False,0
801609,VTPMO   ,India,1775560625.0,1775560626,86.0294,24.0356,5516.88,False,182.94,221.58,-8.78,,5638.8,0466,False,0
801613,AXB1168 ,India,1775560392.0,1775560403,76.7693,24.856,11277.6,False,253.84,173.25,0.0,,11757.66,,False,0
801768,IGO405K ,India,1775560626.0,1775560627,86.0595,22.8484,9753.6,False,202.26,247.41,0.33,,10180.32,1461,False,0
801739,VTJMR   ,India,1775560351.0,1775560351,73.0806,18.9866,76.2,False,63.88,262.13,-3.58,,-22.86,,False,0
801785,AKJ619  ,India,1775560626.0,1775560626,73.6461,19.3044,3611.88,False,128.88,241.9,-2.6,,3718.56,,False,0
80177f,VTVIK   ,India,1775560626.0,1775560626,73.9796,19.4502,5623.56,False,156.8,254.0,-10.73,,5875.02,,False,0
801792,IGO1052 ,India,1775560626.0,1775560627,73.1083,19.2221,2324.1,False,134.29,191.27,-7.15,,2369.82,,False,0
8015c1,AIC2242 ,India,1775560625.0,1775560625,72.7753,18.9126,4244.34,False,178.73,87.2,-8.78,,4488.18,,False,0
8015c5,AIC5YN  ,India,1775560626.0,1775560626,77.0561,28.5523,586.74,False,94.59,283.2,8.13,,487.68,,False,0
8015c6,IGO738  ,India,1775560627.0,1775560627,77.3163,12.2091,7010.4,False,182.56,22.01,0.0,,7368.54,,False,0
8015c9,IGO224  ,India,1775560324.0,1775560324,81.6523,23.837,11590.02,False,191.19,301.47,0.0,,12115.8,,False,0
8015d7,VTSBS   ,India,1775560626.0,1775560626,76.9991,28.0766,1341.12,False,60.98,279.22,-0.65,,1295.4,,False,0
8015ad,IGO5324 ,India,1775560627.0,1775560627,74.389,19.548,8747.76,False,217.73,248.95,-13.33,,9204.96,,False,0
8015b8,IGO226Y ,India,1775560444.0,1775560444,76.9018,25.0731,9555.48,False,247.09,177.97,-4.88,,10226.04,,False,0
8015e4,IGO525  ,India,1775560627.0,1775560627,87.2694,22.4412,10363.2,False,217.2,207.35,0.0,,10850.88,3307,False,0
8015e2,IGO6523 ,India,1775560566.0,1775560566,72.6496,18.1446,6896.1,False,199.8,357.49,-5.53,,7589.52,,False,0
8015e7,IGO1128 ,India,1775560625.0,1775560626,75.6941,7.8881,11277.6,False,230.79,20.21,0.0,,11894.82,,False,0
8015da,IGO2589 ,India,1775560625.0,1775560626,87.9138,23.2115,6370.32,False,206.35,145.36,-10.08,,6568.44,0535,False,0
8015ef,AXB2746 ,India,1775560626.0,1775560626,86.1202,23.4756,11269.98,False,246.11,29.83,0.0,,11750.04,1420,False,0
702067,BBC389  ,Bangladesh,1775560626.0,1775560626,91.4412,22.7049,9692.64,False,222.59,324.22,-5.2,,10081.26,6121,False,0
801729,IGO6223 ,India,1775560626.0,1775560626,84.2398,24.1116,10271.76,False,252.83,45.58,-8.13,,10675.62,2720,False,0
80187c,IGO5936 ,India,1775560426.0,1775560426,83.9579,22.1788,11574.78,False,208.8,225.0,-0.65,,12146.28,1447,False,0
80184b,IGO6774 ,India,1775560626.0,1775560626,77.7583,13.444,3550.92,False,185.46,71.57,5.2,,3672.84,,False,0
801861,IGO724F ,India,1775560626.0,1775560626,76.9063,24.9682,11277.6,False,255.37,177.69,0.0,,11757.66,,False,0
801862,IGO2167 ,India,1775560626.0,1775560627,73.6192,19.1006,3543.3,False,137.48,204.07,-7.15,,3649.98,,False,0
80058a,AIC5VU  ,India,1775560626.0,1775560626,80.0083,27.4311,8534.4,False,217.96,310.12,0.0,,8763.0,,False,0
702090,S2AGI   ,Bangladesh,1775560626.0,1775560626,90.2606,24.2294,0.0,False,58.96,330.75,0.0,,129.54,,False,0
800585,VUAVE   ,India,1775560626.0,1775560626,79.7224,27.2759,11277.6,False,313.13,116.02,0.0,,11620.5,,False,0
800589,AIC6AP  ,India,1775560626.0,1775560626,77.0031,28.5087,1158.24,False,123.35,210.31,8.13,,1082.04,,False,0
8960ec,UAE362  ,United Arab Emirates,1775560626.0,1775560626,91.5517,22.3634,12496.8,False,288.33,112.45,-0.33,,13083.54,6226,False,0
8003b1,AXB2608 ,India,1775560579.0,1775560624,77.3377,11.5912,7924.8,False,196.25,206.97,-0.33,,8321.04,,False,0
8016dd,IGO2285 ,India,1775560623.0,1775560623,75.6025,27.0096,8587.74,False,215.88,18.48,-5.2,,8846.82,,False,0
8016c5,IGO65LP ,India,1775560626.0,1775560626,75.7063,31.401,11132.82,False,231.6,181.65,2.28,,11369.04,,False,0
896197,UAE372  ,United Arab Emirates,1775560540.0,1775560541,92.6227,20.003,12496.8,False,268.34,125.24,0.0,,13129.26,6211,False,0
80182a,,India,1775560544.0,1775560544,73.7162,21.2737,9745.98,False,219.26,232.92,-0.33,,10248.9,,False,0
801835,AKJ186P ,India,1775560625.0,1775560625,72.929,19.0226,11277.6,False,229.45,0.51,0.0,,11894.82,,False,0
80182f,IGO149K ,India,1775560626.0,1775560626,76.9459,28.5485,2423.16,False,117.54,186.53,14.31,,2400.3,,False,0
80182d,IGO309  ,India,1775560624.0,1775560626,77.5404,13.3675,3322.32,False,152.73,13.24,16.91,,3421.38,,False,0
801848,AXB2547 ,India,1775560331.0,1775560338,81.21,25.0906,10934.7,False,189.03,256.3,7.8,,11338.56,,False,0
801849,SDG619  ,India,1775560626.0,1775560626,81.8409,24.865,9326.88,False,198.8,254.85,7.48,,9601.2,,False,0
801819,IGO626M ,India,1775560627.0,1775560627,78.154,27.5829,9692.64,False,247.03,135.93,4.23,,9966.96,,False,0
801816,IGO390M ,India,1775560626.0,1775560627,72.9182,19.0894,266.7,False,63.81,268.61,-3.58,,182.88,,False,0
801822,IGO52AR ,India,1775560627.0,1775560627,88.1738,22.6141,3444.24,False,157.83,296.73,7.15,,3512.82,2653,False,0
80180b,IGO910  ,India,1775560626.0,1775560626,88.4278,23.1374,2438.4,False,134.59,93.95,0.0,,2453.64,0544,False,0
801831,AKJ1509 ,India,1775560626.0,1775560626,87.5929,20.6047,8839.2,False,188.37,271.72,0.0,,9220.2,2705,False,0
47b12e,NBT192  ,Norway,1775560626.0,1775560626,88.813,21.6011,9761.22,False,242.93,338.38,-0.33,,10233.66,6143,False,0
7020a4,BBC467  ,Bangladesh,1775560626.0,1775560626,90.4053,23.8342,312.42,False,80.26,143.86,13.66,,198.12,,False,0
7020a2,UBG539  ,Bangladesh,1775560626.0,1775560627,90.4623,23.8147,1120.14,False,79.67,45.78,5.85,,1059.18,,False,0
7020a3,UBG110  ,Bangladesh,1775560626.0,1775560626,91.0729,23.0883,4267.2,False,124.05,329.61,0.0,,4373.88,5527,False,0
7020ab,UBG322  ,Bangladesh,1775560627.0,1775560627,86.4491,23.7538,11887.2,False,277.71,93.19,-0.33,,12382.5,3531,False,0
7020bb,S2MKM   ,Bangladesh,1775560626.0,1775560626,90.3763,23.8564,160.02,False,44.83,86.71,-1.63,,68.58,,False,0
7020bc,AWA477  ,Bangladesh,1775560627.0,1775560627,90.0106,24.4661,3657.6,False,132.99,353.78,0.0,,3710.94,5514,False,0
8017e4,IGO527E ,India,1775560624.0,1775560624,77.253,25.1895,10370.82,False,201.69,359.12,-0.33,,10789.92,,False,0
8017f2,IGO349  ,India,1775560626.0,1775560626,77.3475,28.5645,1249.68,False,96.75,271.52,-3.25,,1196.34,,False,0
8017f3,IGO719F ,India,1775560625.0,1775560626,77.2156,26.1382,10980.42,False,214.1,358.35,-0.33,,11384.28,,False,0
884205,BKP277  ,Thailand,1775560468.0,1775560468,99.2755,9.8732,10287.0,False,233.8,200.75,-12.03,,11087.1,,False,0
781be6,CSC3923 ,China,1775560627.0,1775560627,89.9432,21.6578,10363.2,False,199.71,242.71,0.33,,10843.26,1500,False,0
896371,ABY465  ,United Arab Emirates,1775560626.0,1775560626,75.0663,28.2113,8023.86,False,235.67,88.75,-11.38,,8244.84,,False,0
896316,UAE328  ,United Arab Emirates,1775560627.0,1775560627,88.7691,22.8055,11277.6,False,301.04,86.37,0.0,,11788.14,6205,False,0
80073b,AIC313  ,India,1775560626.0,1775560626,77.9522,28.5264,3611.88,False,141.12,255.86,-6.5,,3649.98,5046,False,0
4bb152,THY6263 ,Turkey,1775560602.0,1775560602,74.8802,31.4878,9753.6,False,254.69,333.75,0.0,,9913.62,,False,0
8007b2,IGO5265 ,India,1775560626.0,1775560626,77.6872,25.7322,7086.6,False,197.38,248.92,21.13,,7307.58,,False,0
8007b0,IGO394  ,India,1775560626.0,1775560626,85.6148,23.2897,10980.42,False,192.82,287.23,0.0,,11475.72,2644,False,0
781cdf,HYT9068 ,China,1775560621.0,1775560621,93.7006,22.5101,11277.6,False,285.19,82.02,0.0,,11795.76,3056,False,0
8007cd,IGO942  ,India,1775560625.0,1775560626,76.9865,25.754,10416.54,False,251.2,182.0,8.13,,10797.54,,False,0
896488,ETD391  ,United Arab Emirates,1775560623.0,1775560623,78.2988,8.1866,7810.5,False,245.29,301.62,8.78,,8229.6,,False,0
89667b,UAE392  ,United Arab Emirates,1775560626.0,1775560626,97.9061,14.6316,12496.8,False,12.86,216.87,0.0,,11536.68,,False,0
06a30c,QTR8751 ,Qatar,1775560626.0,1775560626,76.6774,28.6977,3497.58,False,172.54,299.47,6.5,,3505.2,,False,0
406d6f,BLX404  ,United Kingdom,1775560626.0,1775560626,87.5049,18.6081,9761.22,False,227.74,315.73,1.95,,10279.38,0770,False,0
880c46,AIQ3021 ,Thailand,1775560626.0,1775560626,99.4301,12.2442,10980.42,False,229.18,163.44,0.0,,11681.46,,False,0
801408,AIC5CT  ,India,1775560626.0,1775560626,77.2922,28.502,1203.96,False,107.05,283.9,-3.58,,1135.38,,False,0
801415,IGO97Y  ,India,1775560455.0,1775560455,76.9604,8.4429,320.04,False,56.32,309.07,-1.63,,213.36,,False,0
80142b,IGO74TY ,India,1775560626.0,1775560626,85.4085,22.165,11590.02,False,197.2,282.66,0.0,,12161.52,1466,False,0
801444,AXB1352 ,India,1775560625.0,1775560625,77.5301,28.7546,2583.18,False,123.06,92.4,-2.93,,2583.18,,False,0
801445,IGO255V ,India,1775560465.0,1775560465,77.8627,14.2144,6705.6,False,213.45,17.82,7.8,,7025.64,,False,0
801455,IGO12AJ ,India,1775560572.0,1775560611,80.745,26.8736,11590.02,False,179.9,310.48,0.0,,11963.4,,False,0
801458,IGO6101 ,India,1775560626.0,1775560626,88.1395,20.5662,8534.4,False,226.67,80.07,0.0,,8892.54,1470,False,0
80140a,IGO155J ,India,1775560626.0,1775560626,77.6678,13.7172,6240.78,False,190.71,19.71,10.08,,6530.34,,False,0
801421,IGO164P ,India,1775560513.0,1775560513,75.573,13.3109,11582.4,False,228.75,324.06,-0.33,,12222.48,,False,0
801424,AIC238  ,India,1775560626.0,1775560626,78.4914,28.0737,5920.74,False,190.16,286.18,-8.13,,6073.14,4756,False,0
80140e,AXB1259 ,India,1775560627.0,1775560627,88.1277,22.1902,7109.46,False,158.15,208.57,9.43,,7345.68,1346,False,0
801432,IGO6309 ,India,1775560397.0,1775560443,84.862,25.2926,11590.02,False,194.8,302.6,0.0,,11993.88,1356,False,0
801431,IGO492P ,India,1775560626.0,1775560626,76.1193,30.9977,11277.6,False,236.89,170.37,0.0,,11529.06,,False,0
801435,AXB1056 ,India,1775560626.0,1775560626,80.2184,27.273,10965.18,False,181.8,310.18,0.0,,11292.84,,False,0
80141f,IGO5247 ,India,1775560627.0,1775560627,73.496,19.0766,2430.78,False,114.07,228.47,-3.25,,2476.5,,False,0
80146f,IGO6134 ,India,1775560626.0,1775560626,88.1628,23.3087,7574.28,False,211.67,349.07,13.98,,7833.36,2625,False,0
801499,IGO256E ,India,1775560626.0,1775560626,89.5303,26.259,10980.42,False,216.42,300.89,0.65,,11323.32,2610,False,0
801492,IGO749  ,India,1775560627.0,1775560627,92.0848,25.584,5836.92,False,134.88,287.54,-2.93,,6004.56,,False,0
801461,IGO764  ,India,1775560338.0,1775560338,77.9041,14.3138,9144.0,False,245.09,15.09,0.0,,9639.3,,False,0
801462,IGO455M ,India,1775560627.0,1775560627,84.4152,23.9864,11887.2,False,225.06,32.49,0.0,,12390.12,2741,False,0
801460,IGO1070 ,India,1775560626.0,1775560626,77.4763,28.568,2019.3,False,87.38,250.39,-7.15,,1988.82,,False,0
80145e,IGO6552 ,India,1775560625.0,1775560626,92.0253,25.4752,4572.0,False,116.43,281.21,0.0,,4678.68,,False,0
80145b,IGO259  ,India,1775560626.0,1775560627,88.5386,22.4204,3436.62,False,152.95,7.15,-2.6,,3520.44,2006,False,0
80145c,IGO6102 ,India,1775560626.0,1775560626,91.475,25.2473,11574.78,False,201.56,229.97,-0.33,,12001.5,2602,False,0
80148e,IGO614  ,India,1775560588.0,1775560588,75.2477,25.413,10957.56,False,225.13,200.46,0.0,,11407.14,,False,0
80148f,IGO512E ,India,1775560325.0,1775560325,77.7607,13.1891,1097.28,False,76.65,270.38,-3.9,,1028.7,,False,0
80149d,IGO7141 ,India,1775560467.0,1775560467,76.5113,12.5625,3566.16,False,102.71,317.84,7.48,,3642.36,,False,0
80149e,IGO542M ,India,1775560626.0,1775560626,75.5502,13.9091,11277.6,False,240.49,152.06,0.0,,11910.06,,False,0
801525,VTPCR   ,India,1775560332.0,1775560332,77.1078,28.5416,320.04,False,76.12,283.28,-4.23,,220.98,,False,0
801532,IGO124F ,India,1775560626.0,1775560626,77.9954,13.5093,2971.8,False,149.17,195.81,-4.23,,3048.0,,False,0
801509,AKJ1141 ,India,1775560529.0,1775560529,91.4449,25.6724,3131.82,False,114.73,291.85,0.0,,3406.14,,False,0
801562,IGO605F ,India,1775560626.0,1775560626,77.7324,28.0521,8785.86,False,225.51,119.37,5.2,,9022.08,,False,0
801569,IGO323  ,India,1775560565.0,1775560595,86.1068,18.5182,10675.62,False,228.0,192.91,-0.33,,12207.24,1302,False,0
80155a,IGO734  ,India,1775560627.0,1775560627,76.8746,28.1581,6301.74,False,188.54,185.17,11.05,,6416.04,,False,0
801571,IGO7309 ,India,1775560626.0,1775560626,90.0286,23.1054,4876.8,False,116.19,253.01,-0.33,,4998.72,2615,False,0
80152e,IGO328C ,India,1775560626.0,1775560626,76.8635,25.8499,11277.6,False,238.11,183.47,-0.33,,11719.56,,False,0
801547,AKJ471W ,India,1775560488.0,1775560488,77.5305,13.7344,4785.36,False,196.71,333.43,10.73,,4785.36,,False,0
801554,IGO103Y ,India,1775560626.0,1775560626,78.0135,12.4708,10363.2,False,230.75,337.04,0.0,,10957.56,,False,0
80158b,AIC4AS  ,India,1775560602.0,1775560606,74.4437,25.9636,9448.8,False,233.45,23.23,0.0,,9814.56,,False,0
801596,IGO6455 ,India,1775560626.0,1775560626,77.5584,27.1981,7802.88,False,204.49,325.35,-5.2,,8023.86,,False,0
801590,AXB1081 ,India,1775560626.0,1775560626,82.8729,26.2255,10668.0,False,276.3,107.22,-0.33,,11010.9,,False,0
8013c3,AIC357  ,India,1775560625.0,1775560625,84.8823,25.424,12192.0,False,219.06,291.2,-0.33,,12641.58,1031,False,0
8013d5,IGO2557 ,India,1775560443.0,1775560443,75.2601,25.3102,10347.96,False,230.24,202.32,0.0,,10789.92,,False,0
8013ce,IGO5033 ,India,1775560626.0,1775560626,76.68,28.053,4267.2,False,167.47,211.69,0.0,,4328.16,,False,0
8013a4,AIC6HJ  ,India,1775560626.0,1775560626,87.5822,22.9995,7924.8,False,199.93,300.46,0.0,,8214.36,2635,False,0
8013fb,IGO5932 ,India,1775560626.0,1775560626,74.4992,28.0609,11590.02,False,214.29,202.44,0.0,,11986.26,,False,0
8013fc,IGO212MD,India,1775560627.0,1775560627,85.4818,22.0245,9867.9,False,191.17,289.17,-4.88,,10332.72,1275,False,0
8013e3,IGO7517 ,India,1775560616.0,1775560621,76.0328,27.2237,2286.0,False,130.9,165.2,0.0,,2247.9,,False,0
8013f6,IGO202  ,India,1775560626.0,1775560626,74.5755,18.8195,6316.98,False,144.69,249.83,-6.18,,6606.54,,False,0
88044f,AIQ5420 ,Thailand,1775560626.0,1775560626,99.7658,12.6252,11582.4,False,230.8,187.3,0.0,,12352.02,,False,0
800db0,AIC4EP  ,India,1775560623.0,1775560624,77.9209,30.097,1988.82,False,93.24,257.57,-0.98,,1973.58,,False,0
800db2,IGO7426 ,India,1775560627.0,1775560627,77.2561,28.5667,998.22,False,90.57,271.3,-2.6,,944.88,,False,0
710411,SVA885  ,Saudi Arabia,1775560626.0,1775560626,90.1571,23.0663,10965.18,False,206.87,265.72,0.0,,11414.76,3103,False,0
800fd1,IGO7712 ,India,1775560411.0,1775560415,78.1101,12.2716,4876.8,False,127.91,338.28,0.33,,5044.44,,False,0
151dc6,AFL255  ,Russian Federation,1775560626.0,1775560626,77.4085,27.5339,10363.2,False,207.91,317.51,0.0,,10675.62,,False,0
151dad,AFL275  ,Russian Federation,1775560435.0,1775560435,74.3061,31.6352,10408.92,False,233.27,322.35,3.25,,10561.32,,False,0
7821a0,CSS155  ,China,1775560627.0,1775560627,84.2729,25.8298,9144.0,False,219.15,287.63,0.0,,9410.7,,False,0
151d78,AZV2902 ,Russian Federation,1775560627.0,1775560627,75.7892,29.6448,9753.6,False,230.36,334.75,0.0,,9921.24,,False,0
7105ae,SVA840  ,Saudi Arabia,1775560625.0,1775560625,70.361,19.0844,10660.38,False,277.24,116.09,0.0,,11262.36,,False,0
151d46,AZV2502 ,Russian Federation,1775560625.0,1775560626,85.0527,23.9025,10363.2,False,200.7,308.34,0.0,,10721.34,5541,False,0
151d4a,AZV2904 ,Russian Federation,1775560410.0,1775560501,84.2764,20.9402,10363.2,False,215.35,323.16,4.88,,10805.16,0765,False,0
70c109,OMA318  ,Oman,1775560617.0,1775560618,85.573,24.8682,10972.8,False,199.39,275.18,0.0,,11369.04,4751,False,0
70c124,OMA850  ,Oman,1775560625.0,1775560625,78.0214,8.6637,11582.4,False,253.64,299.53,0.0,,12230.1,,False,0
77044c,ALK185  ,Sri Lanka,1775560626.0,1775560626,77.2081,26.2885,10363.2,False,203.44,357.25,0.33,,10728.96,,False,0
88084c,AIQ3227 ,Thailand,1775560627.0,1775560627,99.8672,12.9574,8945.88,False,224.43,195.69,9.43,,9502.14,,False,0
880858,AIQ3018 ,Thailand,1775560625.0,1775560625,99.6171,10.9852,11277.6,False,222.51,42.28,0.0,,11993.88,,False,0
70c0df,OMA246  ,Oman,1775560626.0,1775560626,75.7085,26.3884,10972.8,False,229.18,205.53,-0.65,,11376.66,,False,0
484345,BFY560R ,Kingdom of the Netherlands,1775560626.0,1775560626,87.8935,20.7753,12496.8,False,277.75,80.19,0.33,,13068.3,7475,False,0
86ebfa,ANA837  ,Japan,1775560626.0,1775560626,77.4233,28.4737,1996.44,False,109.17,283.91,-10.08,,1973.58,5675,False,0
507c71,QNT2232 ,Uzbekistan,1775560625.0,1775560626,77.8043,29.6683,10363.2,False,218.99,315.19,0.33,,10614.66,,False,0
76cda3,SIA338  ,Singapore,1775560624.0,1775560624,78.809,28.4426,10972.8,False,216.45,314.52,0.0,,11369.04,0146,False,0
780dba,CES9617 ,China,1775560626.0,1775560626,92.7781,23.5794,11582.4,False,182.71,281.53,0.0,,12070.08,3520,False,0
8966be,ETD215  ,United Arab Emirates,1775560627.0,1775560627,76.2218,28.5873,6621.78,False,191.38,269.69,15.61,,6736.08,,False,0
8966bd,ETD237  ,United Arab Emirates,1775560588.0,1775560588,75.9657,13.9158,9105.9,False,233.09,292.04,3.9,,9547.86,,False,0
0101e0,MSR977  ,Egypt,1775560626.0,1775560626,75.0596,14.3329,10668.0,False,263.97,118.01,-0.33,,11285.22,,False,0
800b14,IGO6390 ,India,1775560624.0,1775560626,77.2287,26.2039,9235.44,False,220.2,359.2,-9.1,,9570.72,,False,0
800b31,VTTSL   ,India,1775560627.0,1775560627,87.0654,22.6533,1691.64,False,70.37,80.74,0.0,,1668.78,1450,False,0
3c5829,IFA1115 ,Germany,1775560625.0,1775560626,77.0,29.7355,10668.0,False,269.54,124.27,0.0,,10911.84,,False,0
881426,AIQ3027 ,Thailand,1775560627.0,1775560627,99.5267,10.5903,10965.18,False,232.32,194.1,0.33,,11658.6,,False,0
800c07,AIC6JS  ,India,1775560623.0,1775560623,77.7984,13.1888,1303.02,False,72.55,271.22,-4.55,,1455.42,,False,0
800c3e,AIC186  ,India,1775560626.0,1775560626,81.6282,26.5648,11582.4,False,199.56,286.47,-0.33,,11955.78,0250,False,0
800c0c,AIC5WG  ,India,1775560538.0,1775560538,80.7242,27.3267,9151.62,False,219.29,319.47,0.0,,9403.08,,False,0
800c16,IGO6713 ,India,1775560626.0,1775560626,75.5803,26.2163,10370.82,False,226.64,200.74,0.33,,10767.06,,False,0
800c4b,AIC4309 ,India,1775560513.0,1775560513,75.1594,25.6852,10363.2,False,207.38,226.01,0.0,,10774.68,,False,0
800c65,IGO7455 ,India,1775560513.0,1775560513,74.83,19.6899,4152.9,False,156.52,72.4,-7.15,,4663.44,,False,0
800c9c,VTARO   ,India,1775560626.0,1775560626,90.5802,26.0475,12306.3,False,199.37,290.07,3.9,,12740.64,2667,False,0
4cac16,KZR200  ,Ireland,1775560626.0,1775560626,76.5655,27.9953,9753.6,False,201.15,322.69,0.0,,10020.3,,False,0
885b4a,TVJ2304 ,Thailand,1775560626.0,1775560626,99.7611,11.874,9334.5,False,240.25,179.88,6.5,,9913.62,,False,0
800d10,IGO515  ,India,1775560625.0,1775560625,78.0609,30.1709,1135.38,False,72.75,79.41,-3.58,,1089.66,,False,0
800d0f,IGO2073 ,India,1775560626.0,1775560626,77.6629,12.0558,9593.58,False,242.39,164.49,-16.91,,10157.46,,False,0
800d2c,IGO2417 ,India,1775560625.0,1775560626,77.9941,27.8677,5486.4,False,180.49,326.04,0.0,,5593.08,,False,0
800d37,IGO5041 ,India,1775560625.0,1775560625,84.2583,26.4928,11269.98,False,275.71,96.0,0.0,,11620.5,,False,0
710105,SVA3606 ,Saudi Arabia,1775560626.0,1775560627,85.8721,22.0913,10668.0,False,292.92,105.38,0.0,,11193.78,4503,False,0
800d6a,IGO7251 ,India,1775560626.0,1775560627,88.5084,22.9397,1005.84,False,93.23,87.15,-2.6,,998.22,1256,False,0
800bc0,IGO102W ,India,1775560627.0,1775560627,73.9211,17.6452,11894.82,False,244.83,149.02,0.33,,12550.14,,False,0
800bb5,IGO2614 ,India,1775560480.0,1775560480,83.8928,24.5686,9928.86,False,269.66,133.38,-4.55,,10355.58,,False,0
800bfa,AIC2304 ,India,1775560626.0,1775560626,87.4052,23.7178,10683.24,False,277.56,120.89,0.0,,11109.96,0567,False,0
800be6,AIC5PB  ,India,1775560626.0,1775560626,77.122,28.5387,403.86,False,82.1,283.78,-4.23,,320.04,,False,0
800be5,AIC5VH  ,India,1775560621.0,1775560622,73.0392,19.091,906.78,False,83.87,268.95,-1.95,,868.68,,False,0
3c5642,BOX542  ,Germany,1775560627.0,1775560627,81.8812,26.1105,11277.6,False,307.96,126.37,0.0,,11650.98,,False,0
800cb9,AIC4JP  ,India,1775560510.0,1775560547,76.7677,24.9742,10668.0,False,264.0,173.62,0.0,,11109.96,,False,0
800cba,AIC5MF  ,India,1775560625.0,1775560625,77.6099,28.6708,2171.7,False,100.98,195.66,-1.95,,2156.46,,False,0
800cc9,AXB1058 ,India,1775560626.0,1775560626,81.7598,25.3852,10972.8,False,194.43,330.52,0.0,,11430.0,,False,0
800cff,AIC2240 ,India,1775560625.0,1775560626,77.2041,27.8486,3985.26,False,151.25,0.39,-6.18,,4030.98,,False,0
800cfe,AIC2256 ,India,1775560625.0,1775560626,77.1785,28.5685,617.22,False,79.25,271.49,-3.9,,525.78,,False,0
80162c,AXB1562 ,India,1775560451.0,1775560502,86.0875,26.3675,11582.4,False,205.01,281.14,0.0,,11955.78,2605,False,0
80162a,IGO7407 ,India,1775560685.0,1775560685,77.5406,12.8029,4221.48,False,111.8,176.83,2.6,,4351.02,,False,0
801640,AIC2356 ,India,1775560613.0,1775560644,85.069,25.3105,10972.8,False,191.82,291.89,0.0,,11338.56,6131,False,0
80162e,AIC5EY  ,India,1775560685.0,1775560685,77.3687,28.3906,2324.1,False,126.79,58.44,-2.6,,2308.86,,False,0
801647,IGO573V ,India,1775560685.0,1775560685,76.153,31.6256,10660.38,False,230.58,143.44,0.0,,10858.5,,False,0
801653,GOA5206 ,India,1775560684.0,1775560684,73.6097,18.6923,2773.68,False,88.34,302.39,8.45,,2880.36,,False,0
801657,AIC4CM  ,India,1775560684.0,1775560684,90.4018,25.7914,6400.8,False,146.42,254.3,0.33,,6568.44,0547,False,0
801681,AXB1089 ,India,1775560400.0,1775560400,77.7993,14.2224,6858.0,False,210.77,6.59,2.93,,7162.8,,False,0
80167d,AXB1354 ,India,1775560684.0,1775560684,86.78,23.3731,10668.0,False,253.08,38.31,0.0,,11125.2,0222,False,0
801692,VTTOP   ,India,1775560618.0,1775560618,76.9472,8.4547,228.6,False,36.41,312.71,-1.95,,106.68,,False,0
80164b,IGO79MA ,India,1775560685.0,1775560685,75.3665,25.8232,11590.02,False,203.77,223.57,0.33,,12062.46,,False,0
80164e,AIC4AM  ,India,1775560684.0,1775560684,76.3141,27.3271,10226.04,False,225.54,205.1,10.08,,10546.08,,False,0
80164c,IGO5121 ,India,1775560685.0,1775560685,82.447,26.3423,9144.0,False,213.51,286.95,0.33,,9418.32,,False,0
801678,IGO6176 ,India,1775560684.0,1775560684,85.4434,20.5708,6370.32,False,172.31,310.16,3.9,,6621.78,2627,False,0
80169c,IGO403  ,India,1775560685.0,1775560685,73.7611,18.6444,1783.08,False,134.77,330.5,4.55,,1790.7,,False,0
8014b0,IGO509  ,India,1775560469.0,1775560469,77.7605,13.1891,1097.28,False,74.08,270.4,-3.9,,1036.32,,False,0
8014ad,IGO572V ,India,1775560684.0,1775560684,86.9988,20.161,10652.76,False,263.11,56.0,0.0,,11201.4,1000,False,0
8014e4,IGO624  ,India,1775560408.0,1775560447,76.7965,9.9565,9075.42,False,234.14,158.34,-9.75,,9547.86,,False,0
8014af,IGO2138 ,India,1775560422.0,1775560422,72.9491,19.9791,9372.6,False,198.06,359.85,4.88,,9601.2,,False,0
8014bb,IGO6548 ,India,1775560675.0,1775560682,75.0408,19.958,6659.88,False,234.09,131.08,4.23,,6949.44,,False,0
8014bd,IGO6146 ,India,1775560684.0,1775560684,76.3374,28.1682,11871.96,False,233.56,27.69,-0.33,,12245.34,,False,0
801609,VTPMO   ,India,1775560684.0,1775560684,85.9606,23.9653,5036.82,False,172.68,221.86,-8.45,,5151.12,0466,False,0
801613,AXB1168 ,India,1775560392.0,1775560403,76.7693,24.856,11277.6,False,253.84,173.25,0.0,,11757.66,,False,0
801768,IGO405K ,India,1775560684.0,1775560684,85.9538,22.8103,9753.6,False,203.67,248.36,-0.33,,10180.32,1461,False,0
80172d,IGO1722 ,India,1775560640.0,1775560680,92.9335,23.5504,9852.66,False,195.22,281.4,0.0,,10774.68,5157,False,0
801785,AKJ619  ,India,1775560684.0,1775560684,73.5848,19.2731,3413.76,False,125.02,241.22,-3.25,,3520.44,,False,0
80177f,VTVIK   ,India,1775560683.0,1775560684,73.899,19.428,5181.6,False,151.58,253.84,-3.9,,5394.96,,False,0
801792,IGO1052 ,India,1775560685.0,1775560685,73.1531,19.1772,1905.0,False,134.31,91.32,-6.83,,1935.48,,False,0
8015c1,AIC2242 ,India,1775560684.0,1775560684,72.8721,18.9165,3863.34,False,169.43,87.39,-2.93,,4000.5,,False,0
8015c5,AIC5YN  ,India,1775560684.0,1775560684,77.0159,28.521,1097.28,False,119.68,188.65,12.35,,998.22,,False,0
8015c6,IGO738  ,India,1775560685.0,1775560685,77.3525,12.2973,7010.4,False,182.75,22.16,0.0,,7368.54,,False,0
8015d7,VTSBS   ,India,1775560684.0,1775560684,76.9638,28.0817,1341.12,False,62.39,283.35,-0.65,,1280.16,,False,0
8015ad,IGO5324 ,India,1775560685.0,1775560685,74.2874,19.4853,7780.02,False,223.19,231.18,-17.88,,8161.02,,False,0
8015b8,IGO226Y ,India,1775560444.0,1775560444,76.9018,25.0731,9555.48,False,247.09,177.97,-4.88,,10226.04,,False,0
8015e4,IGO525  ,India,1775560684.0,1775560684,87.2131,22.341,10363.2,False,220.67,207.64,0.0,,10858.5,3307,False,0
8015e2,IGO6523 ,India,1775560566.0,1775560566,72.6496,18.1446,6896.1,False,199.8,357.49,-5.53,,7589.52,,False,0
8015e7,IGO1128 ,India,1775560684.0,1775560684,75.7366,8.0027,11285.22,False,230.79,20.21,0.0,,11902.44,,False,0
8015da,IGO2589 ,India,1775560684.0,1775560684,87.9911,23.1366,5768.34,False,199.47,109.28,-8.13,,5935.98,0535,False,0
8015dd,,India,1775560684.0,1775560684,72.8203,19.0879,662.94,False,96.2,270.0,4.88,,609.6,,False,0
8015ef,AXB2746 ,India,1775560684.0,1775560684,86.1895,23.588,11277.6,False,247.2,29.55,0.0,,11757.66,1420,False,0
702067,BBC389  ,Bangladesh,1775560685.0,1775560685,91.3672,22.801,9410.7,False,226.83,324.51,-4.55,,9776.46,6121,False,0
801729,IGO6223 ,India,1775560683.0,1775560684,84.3372,24.199,9829.8,False,237.19,45.53,-7.8,,10180.32,2720,False,0
80187c,IGO5936 ,India,1775560426.0,1775560426,83.9579,22.1788,11574.78,False,208.8,225.0,-0.65,,12146.28,1447,False,0
80184b,IGO6774 ,India,1775560684.0,1775560684,77.8525,13.475,3672.84,False,185.94,71.62,3.25,,3802.38,,False,0
801861,IGO724F ,India,1775560669.0,1775560673,76.9108,24.8673,11277.6,False,255.37,177.69,0.0,,11765.28,,False,0
801862,IGO2167 ,India,1775560684.0,1775560684,73.5895,19.0376,3215.64,False,126.93,203.66,-10.08,,3307.08,,False,0
80058a,AIC5VU  ,India,1775560684.0,1775560684,79.9093,27.5053,8534.4,False,219.08,310.05,0.0,,8763.0,,False,0
702090,S2AGI   ,Bangladesh,1775560682.0,1775560683,90.2439,24.2551,0.0,False,58.77,330.07,-0.33,,129.54,,False,0
800585,VUAVE   ,India,1775560684.0,1775560684,79.8867,27.2042,11277.6,False,312.67,116.06,0.33,,11620.5,,False,0
800589,AIC6AP  ,India,1775560682.0,1775560684,76.9642,28.4534,1920.24,False,132.18,211.96,12.68,,1889.76,,False,0
8960ec,UAE362  ,United Arab Emirates,1775560684.0,1775560684,91.7043,22.3136,12496.8,False,289.97,104.38,0.33,,13091.16,6226,False,0
8003b1,AXB2608 ,India,1775560682.0,1775560684,77.2533,11.429,7924.8,False,195.1,206.97,0.33,,8321.04,,False,0
8016dd,IGO2285 ,India,1775560684.0,1775560684,75.6447,27.1226,8260.08,False,216.04,18.61,-5.2,,8496.3,,False,0
8016c5,IGO65LP ,India,1775560684.0,1775560685,75.7043,31.2799,11262.36,False,234.09,180.76,0.65,,11506.2,,False,0
896197,UAE372  ,United Arab Emirates,1775560540.0,1775560541,92.6227,20.003,12496.8,False,268.34,125.24,0.0,,13129.26,6211,False,0
80182a,,India,1775560544.0,1775560544,73.7162,21.2737,9745.98,False,219.26,232.92,-0.33,,10248.9,,False,0
801835,AKJ186P ,India,1775560683.0,1775560684,72.9303,19.1414,11277.6,False,227.91,0.52,0.0,,11894.82,,False,0
80182f,IGO149K ,India,1775560684.0,1775560684,76.9356,28.4793,3108.96,False,143.63,187.2,16.26,,3093.72,,False,0
80182d,IGO309  ,India,1775560652.0,1775560654,77.5376,13.4058,3726.18,False,157.49,340.74,14.63,,3848.1,,False,0
801849,SDG619  ,India,1775560681.0,1775560681,81.738,24.8395,9700.26,False,194.56,254.82,6.5,,9989.82,,False,0
801819,IGO626M ,India,1775560685.0,1775560685,78.2555,27.4892,9936.48,False,252.48,135.83,2.93,,10226.04,,False,0
801816,IGO390M ,India,1775560649.0,1775560683,72.9042,19.0892,190.5,False,62.77,269.06,-2.93,,99.06,,False,0
801822,IGO52AR ,India,1775560685.0,1775560685,88.0883,22.6539,3863.34,False,183.59,296.64,7.15,,3962.4,2653,False,0
80180b,IGO910  ,India,1775560684.0,1775560684,88.504,23.1325,2438.4,False,134.59,93.95,0.0,,2453.64,0544,False,0
801831,AKJ1509 ,India,1775560683.0,1775560684,87.4905,20.6028,8839.2,False,186.98,262.09,0.0,,9227.82,2705,False,0
47b12e,NBT192  ,Norway,1775560684.0,1775560684,88.7581,21.7142,9753.6,False,235.62,334.39,-0.33,,10233.66,6143,False,0
7020a4,BBC467  ,Bangladesh,1775560684.0,1775560684,90.4361,23.7979,1036.32,False,94.26,142.32,14.31,,967.74,,False,0
7020a5,,Bangladesh,1775560669.0,1775560670,92.0438,21.7221,3040.38,False,122.82,15.55,-0.65,,3116.58,5533,False,0
7020a2,UBG539  ,Bangladesh,1775560685.0,1775560685,90.4943,23.8438,1524.0,False,78.94,45.79,6.83,,1485.9,,False,0
7020a3,UBG110  ,Bangladesh,1775560684.0,1775560684,91.0374,23.1445,4267.2,False,124.94,329.85,0.0,,4366.26,5527,False,0
7020ab,UBG322  ,Bangladesh,1775560684.0,1775560684,86.605,23.7455,11887.2,False,278.29,93.39,-0.65,,12382.5,3531,False,0
7020bb,S2MKM   ,Bangladesh,1775560682.0,1775560684,90.3926,23.859,76.2,False,12.23,345.38,0.0,,-38.1,,False,0
7020bc,AWA477  ,Bangladesh,1775560685.0,1775560685,90.0022,24.5352,3657.6,False,132.72,352.87,-0.33,,3703.32,5514,False,0
8017e4,IGO527E ,India,1775560683.0,1775560684,77.2511,25.2973,10355.58,False,201.69,359.12,-0.33,,10774.68,,False,0
8017f2,IGO349  ,India,1775560684.0,1775560684,77.2895,28.5659,1074.42,False,98.82,271.79,-3.25,,1005.84,,False,0
8017f3,IGO719F ,India,1775560684.0,1775560685,77.2278,26.2546,10972.8,False,232.8,18.56,0.33,,11376.66,,False,0
884205,BKP277  ,Thailand,1775560468.0,1775560468,99.2755,9.8732,10287.0,False,233.8,200.75,-12.03,,11087.1,,False,0
781be6,CSC3923 ,China,1775560684.0,1775560685,89.8439,21.6102,10363.2,False,202.93,242.85,-1.3,,10843.26,1500,False,0
896371,ABY465  ,United Arab Emirates,1775560683.0,1775560685,75.2004,28.2138,7406.64,False,230.53,88.72,-10.08,,7589.52,,False,0
896316,UAE328  ,United Arab Emirates,1775560684.0,1775560684,88.9366,22.8149,11277.6,False,301.97,86.68,0.0,,11780.52,6205,False,0
80073b,AIC313  ,India,1775560684.0,1775560684,77.8717,28.5148,3436.62,False,132.87,260.87,-3.25,,3467.1,5046,False,0
4bb152,THY6263 ,Turkey,1775560602.0,1775560602,74.8802,31.4878,9753.6,False,254.69,333.75,0.0,,9913.62,,False,0
8007b2,IGO5265 ,India,1775560685.0,1775560685,77.5804,25.6861,7581.9,False,205.56,245.29,12.68,,7802.88,,False,0
8007b0,IGO394  ,India,1775560684.0,1775560684,85.5105,23.3196,10980.42,False,190.7,287.26,-0.33,,11475.72,2644,False,0
781cdf,HYT9068 ,China,1775560684.0,1775560684,93.8718,22.5321,11277.6,False,282.5,82.15,-0.33,,11803.38,3056,False,0
8007cd,IGO942  ,India,1775560685.0,1775560685,76.981,25.6205,10675.62,False,250.72,182.23,0.33,,11079.48,,False,0
896488,ETD391  ,United Arab Emirates,1775560685.0,1775560685,78.1822,8.2579,8237.22,False,242.46,301.46,6.18,,8686.8,,False,0
89667b,UAE392  ,United Arab Emirates,1775560662.0,1775560684,97.9059,14.6317,12496.8,False,12.44,7.13,0.0,,11536.68,,False,0
06a30c,QTR8751 ,Qatar,1775560684.0,1775560684,76.5835,28.7446,4008.12,False,187.79,299.73,11.38,,4038.6,,False,0
406d6f,BLX404  ,United Kingdom,1775560684.0,1775560684,87.4173,18.6936,9997.44,False,229.92,315.73,5.53,,10538.46,0770,False,0
880c46,AIQ3021 ,Thailand,1775560684.0,1775560684,99.4647,12.1293,10980.42,False,228.68,163.4,0.0,,11681.46,,False,0
801402,IGO6384 ,India,1775560684.0,1775560684,77.061,28.572,601.98,False,104.43,283.97,8.13,,502.92,,False,0
801408,AIC5CT  ,India,1775560684.0,1775560684,77.2298,28.5154,952.5,False,108.55,283.71,-5.53,,876.3,,False,0
801415,IGO97Y  ,India,1775560455.0,1775560455,76.9604,8.4429,320.04,False,56.32,309.07,-1.63,,213.36,,False,0
80142b,IGO74TY ,India,1775560684.0,1775560684,85.3012,22.1874,11597.64,False,197.2,282.66,0.0,,12169.14,1466,False,0
801444,AXB1352 ,India,1775560684.0,1775560684,77.5989,28.7481,2346.96,False,105.35,121.83,-3.58,,2331.72,,False,0
801445,IGO255V ,India,1775560465.0,1775560465,77.8627,14.2144,6705.6,False,213.45,17.82,7.8,,7025.64,,False,0
801455,IGO12AJ ,India,1775560642.0,1775560642,80.6487,26.9468,11582.4,False,178.84,310.33,0.0,,11963.4,,False,0
801458,IGO6101 ,India,1775560684.0,1775560684,88.2607,20.5972,8534.4,False,226.6,67.86,0.98,,8892.54,1470,False,0
80140a,IGO155J ,India,1775560684.0,1775560684,77.7026,13.8115,6880.86,False,195.1,19.72,5.53,,7216.14,,False,0
801421,IGO164P ,India,1775560513.0,1775560513,75.573,13.3109,11582.4,False,228.75,324.06,-0.33,,12222.48,,False,0
801424,AIC238  ,India,1775560684.0,1775560684,78.3872,28.0998,5600.7,False,181.34,285.3,-6.5,,5715.0,4756,False,0
80140e,AXB1259 ,India,1775560684.0,1775560685,88.0877,22.1129,7559.04,False,164.96,222.35,7.48,,7825.74,1346,False,0
801432,IGO6309 ,India,1775560397.0,1775560443,84.862,25.2926,11590.02,False,194.8,302.6,0.0,,11993.88,1356,False,0
801431,IGO492P ,India,1775560684.0,1775560684,76.1437,30.8745,11277.6,False,236.81,170.5,0.0,,11529.06,,False,0
801435,AXB1056 ,India,1775560684.0,1775560684,80.1368,27.3344,10965.18,False,182.19,310.07,-0.33,,11292.84,,False,0
80141f,IGO5247 ,India,1775560685.0,1775560685,73.4507,19.0384,2118.36,False,108.45,235.63,-8.13,,2148.84,,False,0
80146f,IGO6134 ,India,1775560684.0,1775560685,88.1401,23.417,8161.02,False,212.38,348.83,6.83,,8458.2,2625,False,0
801499,IGO256E ,India,1775560684.0,1775560684,89.4235,26.317,10972.8,False,214.39,301.06,0.33,,11308.08,2610,False,0
801492,IGO749  ,India,1775560683.0,1775560684,92.0132,25.6033,5791.2,False,132.01,253.47,0.33,,5943.6,,False,0
801462,IGO455M ,India,1775560674.0,1775560682,84.4715,24.0679,11887.2,False,227.78,32.36,-4.23,,12390.12,2741,False,0
801460,IGO1070 ,India,1775560683.0,1775560684,77.4235,28.5627,1706.88,False,93.14,271.27,-4.23,,1668.78,,False,0
80145e,IGO6552 ,India,1775560684.0,1775560684,91.9674,25.4503,4572.0,False,121.88,212.42,0.0,,4678.68,,False,0
80145b,IGO259  ,India,1775560685.0,1775560685,88.5486,22.4952,3299.46,False,134.76,7.02,-2.28,,3375.66,2006,False,0
80145c,IGO6102 ,India,1775560684.0,1775560684,91.3862,25.1795,11582.4,False,202.28,229.95,0.0,,12009.12,2602,False,0
80148e,IGO614  ,India,1775560588.0,1775560650,75.2477,25.413,10957.56,False,230.49,200.38,0.0,,11422.38,,False,0
80149d,IGO7141 ,India,1775560467.0,1775560467,76.5113,12.5625,3566.16,False,102.71,317.84,7.48,,3642.36,,False,0
80149e,IGO542M ,India,1775560683.0,1775560684,75.6098,13.7994,11277.6,False,240.25,152.17,0.0,,11910.06,,False,0
801532,IGO124F ,India,1775560640.0,1775560640,77.9903,13.492,2918.46,False,147.05,195.84,-3.9,,3002.28,,False,0
801509,AKJ1141 ,India,1775560529.0,1775560529,91.4449,25.6724,3131.82,False,114.73,291.85,0.0,,3406.14,,False,0
801562,IGO605F ,India,1775560685.0,1775560685,77.853,27.9921,9067.8,False,236.1,119.36,4.88,,9304.02,,False,0
801569,IGO323  ,India,1775560565.0,1775560595,86.1068,18.5182,10675.62,False,228.0,192.91,-0.33,,12207.24,1302,False,0
80155a,IGO734  ,India,1775560685.0,1775560685,76.8643,28.0583,7132.32,False,189.05,185.15,13.66,,7292.34,,False,0
801571,IGO7309 ,India,1775560684.0,1775560684,89.9658,23.0878,4876.8,False,115.85,252.69,-0.33,,4998.72,2615,False,0
80152e,IGO328C ,India,1775560681.0,1775560681,76.8488,25.7368,11262.36,False,233.84,186.06,-0.33,,11711.94,,False,0
801547,AKJ471W ,India,1775560653.0,1775560653,77.3937,14.0021,6141.72,False,203.84,333.63,7.15,,6332.22,,False,0
801554,IGO103Y ,India,1775560684.0,1775560684,77.9653,12.5827,10363.2,False,233.52,337.05,0.0,,10957.56,,False,0
80158b,AIC4AS  ,India,1775560684.0,1775560684,74.553,26.115,9448.8,False,245.98,33.66,0.0,,9806.94,,False,0
801596,IGO6455 ,India,1775560684.0,1775560684,77.4792,27.2774,7505.7,False,197.6,311.2,-5.2,,7719.06,,False,0
801590,AXB1081 ,India,1775560684.0,1775560685,83.0262,26.1828,10668.0,False,275.16,107.18,-0.33,,11010.9,,False,0
8013c3,AIC357  ,India,1775560648.0,1775560648,84.8363,25.4401,12184.38,False,218.88,291.08,-0.33,,12633.96,1031,False,0
8013d5,IGO2557 ,India,1775560443.0,1775560443,75.2601,25.3102,10347.96,False,230.24,202.32,0.0,,10789.92,,False,0
8013ce,IGO5033 ,India,1775560684.0,1775560685,76.6275,27.9775,4267.2,False,170.47,211.68,0.33,,4328.16,,False,0
8013a4,AIC6HJ  ,India,1775560684.0,1775560684,87.4849,23.0526,7962.9,False,198.78,300.48,6.18,,8244.84,2635,False,0
8013fb,IGO5932 ,India,1775560682.0,1775560684,74.4524,27.9601,11582.4,False,212.94,202.29,-0.33,,11986.26,,False,0
8013fc,IGO212MD,India,1775560684.0,1775560685,85.3837,22.0567,9563.1,False,186.14,289.54,-7.8,,9989.82,1275,False,0
8013e3,IGO7517 ,India,1775560643.0,1775560643,76.041,27.1935,2286.0,False,125.52,169.61,0.0,,2247.9,,False,0
8013f6,IGO202  ,India,1775560683.0,1775560683,74.5027,18.7938,5928.36,False,139.99,249.57,-6.5,,6202.68,,False,0
88044f,AIQ5420 ,Thailand,1775560684.0,1775560684,99.7608,12.5057,11582.4,False,232.01,180.0,0.0,,12352.02,,False,0
800db0,AIC4EP  ,India,1775560646.0,1775560651,77.8998,30.0931,1965.96,False,86.67,258.36,-2.28,,1950.72,,False,0
800db2,IGO7426 ,India,1775560684.0,1775560684,77.204,28.5681,754.38,False,81.81,271.08,-4.55,,701.04,,False,0
710411,SVA885  ,Saudi Arabia,1775560684.0,1775560684,90.0407,23.0546,10965.18,False,206.62,263.42,0.33,,11422.38,3103,False,0
800fd1,IGO7712 ,India,1775560684.0,1775560684,77.9892,12.5713,4564.38,False,139.47,338.36,0.0,,4724.4,,False,0
151dc6,AFL255  ,Russian Federation,1775560684.0,1775560684,77.3242,27.6117,10363.2,False,208.08,315.4,0.0,,10675.62,,False,0
151dad,AFL275  ,Russian Federation,1775560435.0,1775560435,74.3061,31.6352,10408.92,False,233.27,322.35,3.25,,10561.32,,False,0
7821a0,CSS155  ,China,1775560685.0,1775560685,84.1523,25.8646,9151.62,False,219.15,287.63,0.0,,9418.32,,False,0
151d78,AZV2902 ,Russian Federation,1775560684.0,1775560685,75.7313,29.7527,9753.6,False,230.6,334.92,0.0,,9913.62,,False,0
7105ae,SVA840  ,Saudi Arabia,1775560683.0,1775560683,70.4969,19.0211,10668.0,False,277.24,116.09,-0.33,,11262.36,,False,0
151d46,AZV2502 ,Russian Federation,1775560684.0,1775560684,84.9618,23.9683,10363.2,False,201.91,308.07,0.0,,10728.96,5541,False,0
151d4a,AZV2904 ,Russian Federation,1775560410.0,1775560501,84.2764,20.9402,10363.2,False,215.35,323.16,4.88,,10805.16,0765,False,0
70c109,OMA318  ,Oman,1775560628.0,1775560628,85.5508,24.87,10972.8,False,199.39,275.18,0.0,,11369.04,4751,False,0
70c124,OMA850  ,Oman,1775560684.0,1775560684,77.9017,8.7307,11582.4,False,254.03,299.21,0.0,,12230.1,,False,0
77044c,ALK185  ,Sri Lanka,1775560685.0,1775560685,77.2025,26.3963,10363.2,False,203.93,357.4,0.0,,10721.34,,False,0
88084c,AIQ3227 ,Thailand,1775560685.0,1775560685,99.8345,12.844,9349.74,False,227.19,195.77,5.2,,9936.48,,False,0
880858,AIQ3018 ,Thailand,1775560684.0,1775560684,99.6983,11.0734,11277.6,False,221.79,42.27,0.0,,11986.26,,False,0
70c0df,OMA246  ,Oman,1775560685.0,1775560685,75.6506,26.2791,10972.8,False,227.11,205.64,0.33,,11384.28,,False,0
484345,BFY560R ,Kingdom of the Netherlands,1775560684.0,1775560684,88.0462,20.8015,12496.8,False,276.88,71.7,0.98,,13068.3,7475,False,0
86ebfa,ANA837  ,Japan,1775560684.0,1775560684,77.359,28.4876,1615.44,False,106.93,283.64,-6.18,,1577.34,5675,False,0
507c71,QNT2232 ,Uzbekistan,1775560684.0,1775560684,77.7109,29.7505,10363.2,False,218.99,315.19,0.0,,10607.04,,False,0
76cda3,SIA338  ,Singapore,1775560683.0,1775560684,78.7241,28.5325,10972.8,False,220.39,322.97,0.0,,11361.42,0146,False,0
780dba,CES9617 ,China,1775560683.0,1775560684,92.6793,23.5978,11582.4,False,183.02,281.18,0.0,,12070.08,3520,False,0
8966be,ETD215  ,United Arab Emirates,1775560684.0,1775560684,76.1106,28.5866,7162.8,False,193.96,269.39,5.85,,7299.96,,False,0
8966bd,ETD237  ,United Arab Emirates,1775560675.0,1775560675,75.7919,13.9845,9471.66,False,235.2,291.96,4.88,,9913.62,,False,0
0101e0,MSR977  ,Egypt,1775560684.0,1775560684,75.1835,14.2687,10668.0,False,263.73,117.91,0.0,,11285.22,,False,0
800b14,IGO6390 ,India,1775560684.0,1775560684,77.227,26.3259,8709.66,False,233.06,359.37,-9.1,,9006.84,,False,0
800b31,VTTSL   ,India,1775560685.0,1775560685,87.1041,22.6593,1691.64,False,68.84,80.54,-0.33,,1668.78,1450,False,0
3c5829,IFA1115 ,Germany,1775560684.0,1775560684,77.1359,29.6547,10668.0,False,269.96,124.2,0.33,,10919.46,,False,0
881426,AIQ3027 ,Thailand,1775560685.0,1775560685,99.4969,10.4724,10980.42,False,233.95,194.13,0.33,,11681.46,,False,0
800c01,IGO6344 ,India,1775560680.0,1775560680,88.4461,22.6417,335.28,False,78.87,187.5,13.66,,152.4,1467,False,0
800c07,AIC6JS  ,India,1775560678.0,1775560683,77.7618,13.1891,1112.52,False,73.57,270.0,-2.93,,1043.94,,False,0
800c3e,AIC186  ,India,1775560684.0,1775560684,81.5177,26.5943,11582.4,False,199.07,286.51,0.0,,11955.78,0250,False,0
800c0c,AIC5WG  ,India,1775560684.0,1775560684,80.4818,27.5116,9128.76,False,218.62,310.32,0.0,,9380.22,,False,0
800c16,IGO6713 ,India,1775560685.0,1775560685,75.5331,26.1037,10378.44,False,228.26,200.72,0.0,,10782.3,,False,0
800c4b,AIC4309 ,India,1775560513.0,1775560513,75.1594,25.6852,10363.2,False,207.38,226.01,0.0,,10774.68,,False,0
800c65,IGO7455 ,India,1775560513.0,1775560513,74.83,19.6899,4152.9,False,156.52,72.4,-7.15,,4663.44,,False,0
800c9c,VTARO   ,India,1775560684.0,1775560684,90.4731,26.0829,12496.8,False,196.11,290.1,0.98,,12931.14,2667,False,0
4cac16,KZR200  ,Ireland,1775560684.0,1775560684,76.4931,28.0794,9753.6,False,203.73,322.7,0.0,,10020.3,,False,0
885b4a,TVJ2304 ,Thailand,1775560684.0,1775560684,99.7508,11.7491,9639.3,False,241.89,192.53,4.88,,10233.66,,False,0
800d10,IGO515  ,India,1775560657.0,1775560658,78.0843,30.1747,1021.08,False,71.55,80.06,-3.25,,967.74,,False,0
800d0f,IGO2073 ,India,1775560684.0,1775560684,77.711,11.9381,8709.66,False,242.51,152.73,-13.0,,9204.96,,False,0
800d2c,IGO2417 ,India,1775560684.0,1775560684,77.9337,27.9451,4914.9,False,173.26,325.04,-16.26,,5013.96,,False,0
800d37,IGO5041 ,India,1775560681.0,1775560685,84.41,26.4786,11269.98,False,276.22,95.99,0.33,,11620.5,,False,0
710105,SVA3606 ,Saudi Arabia,1775560684.0,1775560685,86.0313,22.0541,10668.0,False,293.6,103.48,0.0,,11201.4,4503,False,0
800d6a,IGO7251 ,India,1775560685.0,1775560685,88.5366,22.9158,853.44,False,89.26,218.92,-2.6,,838.2,1256,False,0
800bc0,IGO102W ,India,1775560685.0,1775560685,73.9901,17.5348,11894.82,False,245.27,149.08,0.0,,12550.14,,False,0
800bb5,IGO2614 ,India,1775560480.0,1775560480,83.8928,24.5686,9928.86,False,269.66,133.38,-4.55,,10355.58,,False,0
800bfa,AIC2304 ,India,1775560684.0,1775560684,87.5395,23.643,10660.38,False,274.38,123.45,-0.33,,11079.48,0567,False,0
800be6,AIC5PB  ,India,1775560642.0,1775560642,77.1092,28.5415,327.66,False,82.1,283.78,-4.23,,243.84,,False,0
800be5,AIC5VH  ,India,1775560683.0,1775560684,72.99,19.0904,655.32,False,81.81,268.92,-4.23,,594.36,,False,0
3c5642,BOX542  ,Germany,1775560685.0,1775560685,82.0257,26.0146,11277.6,False,308.26,126.45,0.0,,11650.98,,False,0
800cb9,AIC4JP  ,India,1775560510.0,1775560547,76.7677,24.9742,10668.0,False,264.0,173.62,0.0,,11109.96,,False,0
800cba,AIC5MF  ,India,1775560684.0,1775560684,77.5575,28.6434,2049.78,False,104.13,248.25,-5.53,,2065.02,,False,0
800cc9,AXB1058 ,India,1775560684.0,1775560684,81.7045,25.4742,10972.8,False,193.28,330.5,0.0,,11430.0,,False,0
800cff,AIC2240 ,India,1775560684.0,1775560684,77.2046,27.9271,3619.5,False,144.56,0.2,-6.83,,3657.6,,False,0
800cfe,AIC2256 ,India,1775560681.0,1775560681,77.1347,28.5696,403.86,False,77.71,271.52,-3.9,,304.8,,False,0
80162c,AXB1562 ,India,1775560451.0,1775560502,86.0875,26.3675,11582.4,False,205.01,281.14,0.0,,11955.78,2605,False,0
80162a,IGO7407 ,India,1775560751.0,1775560751,77.5445,12.733,4267.2,False,122.11,176.86,0.0,,4404.36,,False,0
801640,AIC2356 ,India,1775560613.0,1775560644,85.069,25.3105,10972.8,False,191.82,291.89,0.0,,11338.56,6131,False,0
80162e,AIC5EY  ,India,1775560752.0,1775560752,77.4322,28.4334,2011.68,False,117.42,21.06,-5.85,,1988.82,,False,0
801647,IGO573V ,India,1775560752.0,1775560752,76.2495,31.5142,10668.0,False,230.58,143.44,0.0,,10873.74,,False,0
801653,GOA5206 ,India,1775560751.0,1775560752,73.5897,18.7341,3116.58,False,86.77,5.1,5.53,,3261.36,,False,0
801657,AIC4CM  ,India,1775560752.0,1775560752,90.3038,25.8013,6400.8,False,147.25,279.86,0.33,,6560.82,0547,False,0
80167d,AXB1354 ,India,1775560751.0,1775560751,86.8789,23.4946,10668.0,False,251.28,34.41,0.33,,11109.96,0222,False,0
801692,VTTOP   ,India,1775560618.0,1775560618,76.9472,8.4547,228.6,False,36.41,312.71,-1.95,,106.68,,False,0
80164b,IGO79MA ,India,1775560750.0,1775560750,75.2717,25.7449,11582.4,False,193.83,228.23,0.0,,12062.46,,False,0
80164e,AIC4AM  ,India,1775560751.0,1775560751,76.2495,27.2036,10652.76,False,225.07,205.16,5.53,,10988.04,,False,0
80164c,IGO5121 ,India,1775560752.0,1775560752,82.3096,26.3798,9144.0,False,215.48,286.79,-0.33,,9418.32,,False,0
801678,IGO6176 ,India,1775560749.0,1775560749,85.3594,20.637,6789.42,False,180.74,310.04,1.3,,7063.74,2627,False,0
80169c,IGO403  ,India,1775560752.0,1775560752,73.6972,18.6907,2133.6,False,127.91,291.72,5.53,,2164.08,,False,0
8014b0,IGO509  ,India,1775560469.0,1775560469,77.7605,13.1891,1097.28,False,74.08,270.4,-3.9,,1036.32,,False,0
8014ad,IGO572V ,India,1775560751.0,1775560751,87.1588,20.2172,10660.38,False,269.59,73.71,0.33,,11216.64,1000,False,0
8014e4,IGO624  ,India,1775560408.0,1775560447,76.7965,9.9565,9075.42,False,234.14,158.34,-9.75,,9547.86,,False,0
8014bb,IGO6548 ,India,1775560748.0,1775560749,75.1657,19.8594,7269.48,False,238.06,129.12,9.43,,7597.14,,False,0
8014bd,IGO6146 ,India,1775560751.0,1775560751,76.4121,28.2944,11871.96,False,234.71,27.69,0.65,,12237.72,,False,0
801609,VTPMO   ,India,1775560751.0,1775560751,85.8878,23.8905,4572.0,False,155.86,222.32,-0.33,,4671.06,0466,False,0
801768,IGO405K ,India,1775560752.0,1775560752,85.8286,22.765,9875.52,False,200.91,251.33,6.18,,10302.24,1461,False,0
80172d,IGO1722 ,India,1775560751.0,1775560751,92.7227,23.5896,10363.2,False,196.84,281.46,0.0,,10789.92,5157,False,0
801785,AKJ619  ,India,1775560752.0,1775560752,73.5156,19.2369,3177.54,False,124.12,240.99,-3.58,,3268.98,,False,0
80177f,VTVIK   ,India,1775560751.0,1775560751,73.8098,19.3885,4846.32,False,154.7,241.39,-4.55,,5044.44,,False,0
801792,IGO1052 ,India,1775560752.0,1775560752,73.2334,19.1767,1638.3,False,116.28,91.01,-2.6,,1638.3,,False,0
8015c1,AIC2242 ,India,1775560750.0,1775560750,72.9729,18.9206,3703.32,False,156.53,87.55,-2.6,,3832.86,,False,0
8015c5,AIC5YN  ,India,1775560751.0,1775560751,76.9994,28.4462,1836.42,False,130.46,192.06,7.8,,1783.08,,False,0
8015c6,IGO738  ,India,1775560752.0,1775560752,77.3952,12.3997,7010.4,False,182.95,22.31,0.0,,7368.54,,False,0
8015d7,VTSBS   ,India,1775560751.0,1775560751,76.9225,28.0883,1341.12,False,61.49,279.15,-0.33,,1295.4,,False,0
8015ad,IGO5324 ,India,1775560752.0,1775560752,74.1785,19.4026,6964.68,False,210.1,231.36,-12.68,,7292.34,,False,0
8015b8,IGO226Y ,India,1775560444.0,1775560444,76.9018,25.0731,9555.48,False,247.09,177.97,-4.88,,10226.04,,False,0
8015e4,IGO525  ,India,1775560751.0,1775560751,87.1377,22.231,10347.96,False,208.35,216.87,-0.33,,10843.26,3307,False,0
8015e2,IGO6523 ,India,1775560704.0,1775560704,72.6383,18.3881,5669.28,False,200.8,357.65,-13.66,,5928.36,,False,0
8015e7,IGO1128 ,India,1775560751.0,1775560751,75.7844,8.1323,11285.22,False,229.83,20.3,0.0,,11902.44,,False,0
8015da,IGO2589 ,India,1775560751.0,1775560751,88.1181,23.1244,5227.32,False,192.64,95.06,-7.48,,5379.72,0535,False,0
8015dd,SDG161  ,India,1775560752.0,1775560752,72.7475,19.0868,1371.6,False,127.67,267.92,11.38,,1310.64,,False,0
8015ef,AXB2746 ,India,1775560750.0,1775560751,86.2688,23.7173,11269.98,False,248.35,29.54,0.0,,11742.42,1420,False,0
702067,BBC389  ,Bangladesh,1775560752.0,1775560752,91.2801,22.9147,8968.74,False,236.94,324.72,-13.66,,9311.64,6121,False,0
801729,IGO6223 ,India,1775560739.0,1775560743,84.4298,24.2828,9486.9,False,235.73,45.53,-7.8,,9814.56,2720,False,0
80184b,IGO6774 ,India,1775560751.0,1775560751,77.9626,13.511,4145.28,False,189.36,71.47,13.98,,4290.06,,False,0
801861,IGO724F ,India,1775560708.0,1775560708,76.9146,24.7787,11285.22,False,255.89,177.7,0.0,,11772.9,,False,0
801862,IGO2167 ,India,1775560752.0,1775560752,73.5501,18.9716,2598.42,False,121.96,242.35,-5.85,,2659.38,,False,0
80058a,AIC5VU  ,India,1775560751.0,1775560751,79.7957,27.5903,8542.02,False,219.47,309.96,0.65,,8763.0,,False,0
702090,S2AGI   ,Bangladesh,1775560751.0,1775560751,90.2236,24.2861,0.0,False,58.08,327.3,0.0,,129.54,,False,0
800585,VUAVE   ,India,1775560751.0,1775560751,80.077,27.1209,11277.6,False,313.82,116.06,-0.33,,11620.5,,False,0
800589,AIC6AP  ,India,1775560751.0,1775560751,76.9074,28.3727,2423.16,False,167.74,211.84,11.38,,2400.3,,False,0
8960ec,UAE362  ,United Arab Emirates,1775560749.0,1775560751,91.8843,22.2866,12496.8,False,289.68,93.56,-0.33,,13091.16,6226,False,0
8003b1,AXB2608 ,India,1775560751.0,1775560751,77.1972,11.3204,7924.8,False,197.4,206.97,-0.33,,8321.04,,False,0
8016dd,IGO2285 ,India,1775560751.0,1775560751,75.6905,27.2441,7909.56,False,207.74,18.48,-5.2,,8138.16,,False,0
8016c5,IGO65LP ,India,1775560752.0,1775560752,75.6844,31.1407,11414.76,False,225.87,199.84,1.95,,11673.84,,False,0
896197,UAE372  ,United Arab Emirates,1775560540.0,1775560541,92.6227,20.003,12496.8,False,268.34,125.24,0.0,,13129.26,6211,False,0
80182a,,India,1775560544.0,1775560544,73.7162,21.2737,9745.98,False,219.26,232.92,-0.33,,10248.9,,False,0
801835,AKJ186P ,India,1775560749.0,1775560749,72.9316,19.2763,11277.6,False,227.39,0.52,0.0,,11894.82,,False,0
80182f,IGO149K ,India,1775560751.0,1775560751,76.9221,28.3831,3779.52,False,177.26,187.0,7.48,,3810.0,,False,0
80182d,IGO309  ,India,1775560751.0,1775560751,77.4849,13.5487,5067.3,False,178.05,339.89,11.05,,5280.66,,False,0
801849,SDG619  ,India,1775560749.0,1775560751,81.616,24.8091,10271.76,False,181.2,254.86,2.6,,10607.04,,False,0
801819,IGO626M ,India,1775560752.0,1775560752,78.4026,27.4063,10157.46,False,265.99,105.6,0.98,,10462.26,,False,0
801822,IGO52AR ,India,1775560752.0,1775560752,87.9967,22.7341,4549.14,False,201.46,323.31,13.66,,4678.68,2653,False,0
80180b,IGO910  ,India,1775560751.0,1775560751,88.5925,23.1269,2430.78,False,136.61,93.67,-2.93,,2446.02,0544,False,0
801831,AKJ1509 ,India,1775560751.0,1775560751,87.3684,20.5859,8839.2,False,191.57,261.2,-0.33,,9227.82,2705,False,0
47b12e,NBT192  ,Norway,1775560751.0,1775560751,88.6869,21.8393,9745.98,False,233.16,326.98,0.33,,10218.42,6143,False,0
8018b2,,India,1775560750.0,1775560751,80.9923,26.7574,1417.32,False,122.02,109.2,19.51,,1356.36,,False,0
7020a4,BBC467  ,Bangladesh,1775560751.0,1775560751,90.4154,23.7509,1828.8,False,102.19,237.75,13.66,,1813.56,,False,0
7020a5,,Bangladesh,1775560751.0,1775560751,92.0724,21.8164,3048.0,False,138.93,15.68,0.0,,3124.2,5533,False,0
7020a2,UBG539  ,Bangladesh,1775560751.0,1775560752,90.5315,23.8771,1943.1,False,81.49,45.51,6.18,,1927.86,,False,0
7020a3,UBG110  ,Bangladesh,1775560751.0,1775560751,90.9965,23.2094,4267.2,False,123.46,327.77,-0.65,,4366.26,5527,False,0
7020ab,UBG322  ,Bangladesh,1775560752.0,1775560752,86.7879,23.7374,11894.82,False,275.44,92.25,-1.3,,12397.74,3531,False,0
7020bc,AWA477  ,Bangladesh,1775560752.0,1775560752,89.9824,24.612,3649.98,False,130.09,343.93,0.33,,3703.32,5514,False,0
7020bd,UBG316  ,Bangladesh,1775560738.0,1775560743,93.337,20.5799,3649.98,False,228.91,318.64,0.0,,12207.24,2121,False,0
8017e4,IGO527E ,India,1775560733.0,1775560737,77.2496,25.3889,10355.58,False,201.69,359.12,0.33,,10774.68,,False,0
8017f2,IGO349  ,India,1775560750.0,1775560750,77.2286,28.5673,853.44,False,81.82,271.44,-0.98,,769.62,,False,0
8017f3,IGO719F ,India,1775560751.0,1775560751,77.3062,26.3823,10980.42,False,241.99,28.85,0.0,,11384.28,,False,0
884205,BKP277  ,Thailand,1775560468.0,1775560468,99.2755,9.8732,10287.0,False,233.8,200.75,-12.03,,11087.1,,False,0
781be6,CSC3923 ,China,1775560751.0,1775560751,89.7261,21.5535,10347.96,False,206.16,242.67,-0.33,,10828.02,1500,False,0
896371,ABY465  ,United Arab Emirates,1775560752.0,1775560752,75.3554,28.2167,6903.72,False,218.68,88.92,-4.23,,7056.12,,False,0
896316,UAE328  ,United Arab Emirates,1775560751.0,1775560752,89.1344,22.8259,11277.6,False,300.52,86.37,-0.33,,11780.52,6205,False,0
80073b,AIC313  ,India,1775560750.0,1775560751,77.7865,28.4976,3208.02,False,121.99,230.13,-4.23,,3230.88,5046,False,0
4bb152,THY6263 ,Turkey,1775560602.0,1775560602,74.8802,31.4878,9753.6,False,254.69,333.75,0.0,,9913.62,,False,0
8007b2,IGO5265 ,India,1775560752.0,1775560752,77.4632,25.6381,8663.94,False,187.0,245.97,6.18,,8953.5,,False,0
8007b0,IGO394  ,India,1775560749.0,1775560750,85.3948,23.3527,10972.8,False,190.06,287.16,0.0,,11460.48,2644,False,0
781cdf,HYT9068 ,China,1775560688.0,1775560706,93.8825,22.5335,11277.6,False,282.0,82.14,-0.33,,11803.38,3056,False,0
8007cd,IGO942  ,India,1775560751.0,1775560751,76.9746,25.4695,10668.0,False,252.76,182.1,0.0,,11094.72,,False,0
896488,ETD391  ,United Arab Emirates,1775560752.0,1775560752,78.0566,8.3344,8602.98,False,245.19,301.36,6.18,,9075.42,,False,0
896644,FDB1595 ,United Arab Emirates,1775560750.0,1775560750,75.4182,25.3759,10058.4,False,273.51,66.62,0.0,,10469.88,,False,0
89667b,UAE392  ,United Arab Emirates,1775560751.0,1775560751,97.9058,14.6317,12496.8,False,12.44,352.87,0.33,,11536.68,,False,0
06a30c,QTR8751 ,Qatar,1775560751.0,1775560751,76.4689,28.802,4800.6,False,193.28,299.5,11.05,,4861.56,,False,0
406d6f,BLX404  ,United Kingdom,1775560739.0,1775560747,87.333,18.7759,10195.56,False,232.82,315.54,3.9,,10744.2,0770,False,0
880c46,AIQ3021 ,Thailand,1775560751.0,1775560751,99.5045,11.9974,10972.8,False,228.04,163.49,0.0,,11673.84,,False,0
801402,IGO6384 ,India,1775560751.0,1775560751,76.9822,28.5978,1577.34,False,128.72,298.92,20.48,,1516.38,,False,0
801408,AIC5CT  ,India,1775560750.0,1775560750,77.1666,28.529,624.84,False,87.34,283.63,-4.23,,586.74,,False,0
801415,IGO97Y  ,India,1775560455.0,1775560455,76.9604,8.4429,320.04,False,56.32,309.07,-1.63,,213.36,,False,0
80142b,IGO74TY ,India,1775560751.0,1775560751,85.1766,22.2132,11590.02,False,195.47,282.46,-0.33,,12153.9,1466,False,0
801444,AXB1352 ,India,1775560751.0,1775560751,77.5848,28.7016,2148.84,False,107.05,252.09,-2.93,,2133.6,,False,0
801445,IGO255V ,India,1775560465.0,1775560465,77.8627,14.2144,6705.6,False,213.45,17.82,7.8,,7025.64,,False,0
801455,IGO12AJ ,India,1775560751.0,1775560752,80.4993,27.0605,11574.78,False,177.45,310.06,-0.33,,11940.54,,False,0
801458,IGO6101 ,India,1775560750.0,1775560751,88.3839,20.6624,8542.02,False,222.36,54.99,0.0,,8900.16,1470,False,0
80140a,IGO155J ,India,1775560752.0,1775560752,77.7269,13.9292,7673.34,False,190.64,9.95,13.33,,8061.96,,False,0
801421,IGO164P ,India,1775560513.0,1775560513,75.573,13.3109,11582.4,False,228.75,324.06,-0.33,,12222.48,,False,0
801424,AIC238  ,India,1775560751.0,1775560751,78.2697,28.1278,5097.78,False,171.73,285.29,-7.48,,5189.22,4756,False,0
80140e,AXB1259 ,India,1775560751.0,1775560752,87.9926,22.0775,8199.12,False,163.99,260.06,11.38,,8511.54,1346,False,0
801432,,India,1775560751.0,1775560751,84.3241,25.6642,9479.28,False,198.78,323.1,-10.08,,9845.04,,False,0
801431,IGO492P ,India,1775560751.0,1775560751,76.1711,30.734,11277.6,False,237.49,170.27,0.0,,11536.68,,False,0
801435,AXB1056 ,India,1775560750.0,1775560750,80.0438,27.4044,10965.18,False,183.31,309.99,0.33,,11292.84,,False,0
80141f,IGO5247 ,India,1775560752.0,1775560752,73.3856,19.0249,1737.36,False,101.35,261.83,-3.58,,1744.98,,False,0
80146f,IGO6134 ,India,1775560751.0,1775560751,88.1129,23.5449,8671.56,False,217.42,349.09,10.73,,8983.98,2625,False,0
801499,IGO256E ,India,1775560751.0,1775560751,89.3008,26.3833,10988.04,False,212.54,301.04,-0.65,,11315.7,2610,False,0
801492,IGO749  ,India,1775560751.0,1775560752,91.9699,25.5375,5791.2,False,147.4,172.38,0.0,,5943.6,,False,0
801462,IGO455M ,India,1775560752.0,1775560752,84.5648,24.202,11216.64,False,224.47,32.74,-9.43,,11681.46,2741,False,0
801460,IGO1070 ,India,1775560751.0,1775560751,77.3603,28.564,1432.56,False,91.09,271.62,-4.23,,1386.84,,False,0
80145e,IGO6552 ,India,1775560751.0,1775560751,91.9946,25.3797,4572.0,False,157.26,112.71,0.0,,4686.3,,False,0
80145b,IGO259  ,India,1775560744.0,1775560750,88.5579,22.5662,3154.68,False,132.21,7.15,-2.28,,3230.88,2006,False,0
80145c,IGO6102 ,India,1775560751.0,1775560751,91.2835,25.1004,11590.02,False,203.67,229.71,0.33,,12024.36,2602,False,0
80148e,IGO614  ,India,1775560588.0,1775560650,75.2477,25.413,10957.56,False,230.49,200.38,0.0,,11422.38,,False,0
80149d,IGO7141 ,India,1775560467.0,1775560467,76.5113,12.5625,3566.16,False,102.71,317.84,7.48,,3642.36,,False,0
80149e,IGO542M ,India,1775560752.0,1775560752,75.6806,13.6687,11285.22,False,239.34,152.06,0.33,,11917.68,,False,0
801532,IGO124F ,India,1775560640.0,1775560640,77.9903,13.492,2918.46,False,147.05,195.84,-3.9,,3002.28,,False,0
801509,AKJ1141 ,India,1775560529.0,1775560529,91.4449,25.6724,3131.82,False,114.73,291.85,0.0,,3406.14,,False,0
801562,IGO605F ,India,1775560752.0,1775560752,77.9957,27.9209,9433.56,False,243.44,119.22,6.18,,9700.26,,False,0
801569,IGO323  ,India,1775560565.0,1775560595,86.1068,18.5182,10675.62,False,228.0,192.91,-0.33,,12207.24,1302,False,0
80155a,IGO734  ,India,1775560752.0,1775560752,76.8522,27.9402,7711.44,False,204.61,185.34,6.18,,7901.94,,False,0
801571,IGO7309 ,India,1775560751.0,1775560751,89.8928,23.0669,4876.8,False,116.83,252.84,0.0,,4998.72,2615,False,0
80152e,IGO328C ,India,1775560752.0,1775560752,76.8447,25.583,11277.6,False,247.11,175.7,0.0,,11734.8,,False,0
801547,AKJ471W ,India,1775560653.0,1775560653,77.3937,14.0021,6141.72,False,203.84,333.63,7.15,,6332.22,,False,0
801554,IGO103Y ,India,1775560751.0,1775560752,77.9092,12.7131,10363.2,False,234.67,337.03,0.0,,10957.56,,False,0
80158b,AIC4AS  ,India,1775560751.0,1775560751,74.6401,26.2394,9448.8,False,244.35,32.18,0.33,,9799.32,,False,0
801596,IGO6455 ,India,1775560751.0,1775560751,77.3752,27.3443,6949.44,False,183.93,304.4,-15.28,,7132.32,,False,0
801590,AXB1081 ,India,1775560751.0,1775560751,83.1996,26.1344,10660.38,False,274.67,107.21,-0.33,,11003.28,,False,0
8013c3,AIC357  ,India,1775560648.0,1775560748,84.8363,25.4401,12184.38,False,218.58,291.25,-0.33,,12626.34,1031,False,0
8013d5,IGO2557 ,India,1775560443.0,1775560443,75.2601,25.3102,10347.96,False,230.24,202.32,0.0,,10789.92,,False,0
8013ce,IGO5033 ,India,1775560750.0,1775560751,76.5679,27.8914,4267.2,False,170.47,211.68,0.0,,4328.16,,False,0
8013a4,AIC6HJ  ,India,1775560751.0,1775560751,87.3881,23.1346,8442.96,False,217.18,337.14,7.8,,8763.0,2635,False,0
8013fb,IGO5932 ,India,1775560751.0,1775560751,74.3968,27.8384,11574.78,False,212.94,202.29,0.0,,11978.64,,False,0
8013fc,IGO212MD,India,1775560751.0,1775560752,85.2747,22.0958,9136.38,False,169.08,303.84,0.0,,9517.38,1275,False,0
8013e3,IGO7517 ,India,1775560643.0,1775560643,76.041,27.1935,2286.0,False,125.52,169.61,0.0,,2247.9,,False,0
8013f6,IGO202  ,India,1775560750.0,1775560750,74.4175,18.7638,5105.4,False,152.21,249.42,-14.31,,5387.34,,False,0
88044f,AIQ5420 ,Thailand,1775560751.0,1775560751,99.7608,12.3641,11582.4,False,232.01,180.0,0.0,,12352.02,,False,0
800db0,AIC4EP  ,India,1775560736.0,1775560736,77.8581,30.1312,1752.6,False,85.16,28.11,-1.3,,1722.12,,False,0
800db2,IGO7426 ,India,1775560752.0,1775560752,77.1562,28.569,502.92,False,65.87,271.34,-3.58,,449.58,,False,0
710411,SVA885  ,Saudi Arabia,1775560751.0,1775560751,89.9064,23.038,10965.18,False,207.72,260.3,0.0,,11430.0,3103,False,0
800fd1,IGO7712 ,India,1775560693.0,1775560727,77.9853,12.5812,4564.38,False,133.11,6.66,-0.65,,4709.16,,False,0
151dc6,AFL255  ,Russian Federation,1775560751.0,1775560751,77.2237,27.7025,10363.2,False,209.53,315.4,0.0,,10675.62,,False,0
7821a0,CSS155  ,China,1775560751.0,1775560751,84.0143,25.904,9685.02,False,217.04,287.66,6.83,,9959.34,,False,0
151d78,AZV2902 ,Russian Federation,1775560752.0,1775560752,75.6626,29.8799,9753.6,False,231.51,334.74,0.0,,9913.62,,False,0
7105ae,SVA840  ,Saudi Arabia,1775560752.0,1775560752,70.6586,18.9455,10668.0,False,276.78,116.14,0.0,,11269.98,,False,0
151d46,AZV2502 ,Russian Federation,1775560751.0,1775560751,84.8578,24.0432,10355.58,False,202.95,308.21,0.0,,10713.72,5541,False,0
151d4a,AZV2904 ,Russian Federation,1775560410.0,1775560501,84.2764,20.9402,10363.2,False,215.35,323.16,4.88,,10805.16,0765,False,0
70c109,OMA318  ,Oman,1775560628.0,1775560628,85.5508,24.87,10972.8,False,199.39,275.18,0.0,,11369.04,4751,False,0
70c124,OMA850  ,Oman,1775560751.0,1775560751,77.7677,8.805,11582.4,False,252.89,299.22,-0.33,,12222.48,,False,0
77044c,ALK185  ,Sri Lanka,1775560751.0,1775560751,77.1962,26.519,10363.2,False,204.44,357.4,0.0,,10721.34,,False,0
88084c,AIQ3227 ,Thailand,1775560752.0,1775560752,99.7961,12.71,9685.02,False,234.18,195.81,7.48,,10302.24,,False,0
880858,AIQ3018 ,Thailand,1775560751.0,1775560751,99.7888,11.1709,11277.6,False,220.91,43.21,0.0,,11993.88,,False,0
70c0df,OMA246  ,Oman,1775560751.0,1775560751,75.5851,26.156,10972.8,False,226.42,205.58,0.0,,11391.9,,False,0
484345,BFY560R ,Kingdom of the Netherlands,1775560751.0,1775560751,88.2064,20.8715,12496.8,False,270.8,63.97,-0.33,,13075.92,7475,False,0
86ebfa,ANA837  ,Japan,1775560751.0,1775560751,77.2931,28.5018,1272.54,False,98.45,283.6,-5.85,,1219.2,5675,False,0
507c71,QNT2232 ,Uzbekistan,1775560751.0,1775560751,77.6041,29.8444,10363.2,False,218.99,315.19,0.0,,10607.04,,False,0
76cda3,SIA338  ,Singapore,1775560751.0,1775560751,78.6308,28.6387,10972.8,False,221.85,322.25,0.0,,11361.42,0146,False,0
780dba,CES9617 ,China,1775560745.0,1775560745,92.5691,23.6192,11582.4,False,185.55,283.3,0.0,,12070.08,3520,False,0
8966be,ETD215  ,United Arab Emirates,1775560751.0,1775560751,75.9732,28.5856,7589.52,False,203.73,269.57,9.75,,7734.3,,False,0
8966bd,ETD237  ,United Arab Emirates,1775560751.0,1775560751,75.6376,14.0456,9852.66,False,232.9,291.92,3.9,,10370.82,,False,0
0101e0,MSR977  ,Egypt,1775560750.0,1775560750,75.327,14.1942,10660.38,False,263.06,118.12,0.0,,11277.6,,False,0
800b14,IGO6390 ,India,1775560751.0,1775560751,77.2254,26.4698,8107.68,False,237.17,359.38,-8.13,,8382.0,,False,0
800b31,VTTSL   ,India,1775560752.0,1775560752,87.1481,22.6661,1691.64,False,68.84,80.54,0.0,,1668.78,1450,False,0
3c5829,IFA1115 ,Germany,1775560751.0,1775560751,77.2891,29.5634,10668.0,False,270.41,124.54,-0.33,,10919.46,,False,0
881426,AIQ3027 ,Thailand,1775560731.0,1775560732,99.4723,10.376,10988.04,False,235.07,194.19,0.0,,11689.08,,False,0
800c01,IGO6344 ,India,1775560707.0,1775560746,88.4389,22.62,601.98,False,97.55,206.97,5.85,,419.1,1467,False,0
800c07,AIC6JS  ,India,1775560678.0,1775560683,77.7618,13.1891,1112.52,False,73.57,270.0,-2.93,,1043.94,,False,0
800c3e,AIC186  ,India,1775560751.0,1775560751,81.3885,26.6286,11582.4,False,197.3,286.36,0.0,,11955.78,0250,False,0
800c0c,AIC5WG  ,India,1775560750.0,1775560751,80.3697,27.5963,9151.62,False,219.02,310.24,0.33,,9387.84,,False,0
800c16,IGO6713 ,India,1775560750.0,1775560751,75.4799,25.9787,10363.2,False,226.91,203.66,0.0,,10767.06,,False,0
800c4b,AIC4309 ,India,1775560513.0,1775560513,75.1594,25.6852,10363.2,False,207.38,226.01,0.0,,10774.68,,False,0
800c65,IGO7455 ,India,1775560513.0,1775560513,74.83,19.6899,4152.9,False,156.52,72.4,-7.15,,4663.44,,False,0
800c9c,VTARO   ,India,1775560751.0,1775560751,90.3476,26.1242,12496.8,False,201.48,290.01,0.33,,12931.14,2667,False,0
4cac16,KZR200  ,Ireland,1775560751.0,1775560751,76.4085,28.1776,9761.22,False,206.2,322.5,0.0,,10027.92,,False,0
885b4a,TVJ2304 ,Thailand,1775560751.0,1775560751,99.7187,11.6052,9959.34,False,244.9,192.37,4.88,,10576.56,,False,0
800d10,IGO515  ,India,1775560657.0,1775560658,78.0843,30.1747,1021.08,False,71.55,80.06,-3.25,,967.74,,False,0
800d0f,IGO2073 ,India,1775560751.0,1775560751,77.7944,11.8183,7688.58,False,240.1,139.52,-14.96,,8130.54,,False,0
800d2c,IGO2417 ,India,1775560750.0,1775560751,77.8627,28.0293,4152.9,False,172.51,320.57,-6.18,,4206.24,,False,0
800d37,IGO5041 ,India,1775560751.0,1775560751,84.6027,26.4603,11277.6,False,276.73,95.98,0.0,,11628.12,,False,0
710105,SVA3606 ,Saudi Arabia,1775560752.0,1775560752,86.22,22.0139,10668.0,False,295.68,100.02,0.0,,11193.78,4503,False,0
800d6a,IGO7251 ,India,1775560751.0,1775560751,88.4931,22.8813,678.18,False,81.6,221.93,-2.28,,655.32,1256,False,0
800bc0,IGO102W ,India,1775560685.0,1775560690,73.9901,17.5348,11894.82,False,245.27,149.08,0.0,,12550.14,,False,0
800bb5,IGO2614 ,India,1775560480.0,1775560480,83.8928,24.5686,9928.86,False,269.66,133.38,-4.55,,10355.58,,False,0
800bfa,AIC2304 ,India,1775560750.0,1775560751,87.6849,23.5496,10652.76,False,272.67,126.33,0.0,,11079.48,0567,False,0
800be6,AIC5PB  ,India,1775560642.0,1775560642,77.1092,28.5415,327.66,False,82.1,283.78,-4.23,,243.84,,False,0
800be5,AIC5VH  ,India,1775560750.0,1775560750,72.9407,19.0897,388.62,False,72.02,269.59,-3.58,,320.04,,False,0
3c5642,BOX542  ,Germany,1775560752.0,1775560752,82.1912,25.9041,11277.6,False,307.85,126.51,0.0,,11658.6,,False,0
800cb9,AIC4JP  ,India,1775560510.0,1775560547,76.7677,24.9742,10668.0,False,264.0,173.62,0.0,,11109.96,,False,0
800cba,AIC5MF  ,India,1775560751.0,1775560751,77.4914,28.619,1744.98,False,106.87,246.15,-4.55,,1714.5,,False,0
800cc9,AXB1058 ,India,1775560751.0,1775560751,81.6416,25.5751,10972.8,False,193.28,330.5,0.0,,11414.76,,False,0
800cff,AIC2240 ,India,1775560751.0,1775560752,77.2074,28.0141,3154.68,False,143.86,9.26,-4.55,,3162.3,,False,0
801625,AIC2387 ,India,1775593942.0,1775593942,78.8707,28.1415,8359.14,False,206.15,296.05,-5.53,,8542.02,,False,0
80164b,IGO207W ,India,1775593939.0,1775593941,76.9797,28.5914,830.58,False,85.6,104.62,-3.58,,746.76,,False,0
801674,AIC4KB  ,India,1775593941.0,1775593941,76.9734,26.1117,9456.42,False,218.44,6.36,-4.88,,9776.46,,False,0
80169f,VTAKV   ,India,1775593913.0,1775593913,91.3939,26.249,3200.4,False,141.16,279.02,5.53,,3238.5,2603,False,0
8851e1,THA331  ,Thailand,1775593941.0,1775593942,77.3657,28.7931,2895.6,False,138.51,295.99,-3.25,,2880.36,0702,False,0
885221,THA346  ,Thailand,1775593939.0,1775593939,84.5159,24.1612,12496.8,False,285.87,131.06,-0.33,,13030.2,4506,False,0
885223,THA934  ,Thailand,1775593941.0,1775593941,81.5749,26.3133,10355.58,False,210.83,306.37,0.33,,10706.1,6135,False,0
3c6708,DLH773  ,Germany,1775593794.0,1775593794,74.3003,31.6437,10972.8,False,240.08,322.05,0.0,,11269.98,0742,False,0
7c492b,QFA1    ,Australia,1775593941.0,1775593941,77.8843,26.536,10972.8,False,224.89,335.25,0.33,,11361.42,,False,0
3c670c,DLH769  ,Germany,1775593942.0,1775593942,75.1078,29.517,11582.4,False,203.83,306.38,0.0,,11902.44,,False,0
885282,THA911  ,Thailand,1775593941.0,1775593941,89.4765,20.7269,11887.2,False,280.06,126.79,0.0,,12481.56,5261,False,0
80174b,IGO2369 ,India,1775593942.0,1775593942,77.1288,27.2953,7277.1,False,187.83,1.41,-2.93,,7444.74,,False,0
800446,BDA102  ,India,1775593941.0,1775593941,73.1764,19.0194,1188.72,False,105.74,34.7,-0.98,,1150.62,,False,0
8852e4,THA940  ,Thailand,1775593939.0,1775593940,83.9555,23.5621,10972.8,False,210.4,289.72,-0.33,,11475.72,6132,False,0
8852e3,THA941  ,Thailand,1775593934.0,1775593934,91.179,19.5131,11887.2,False,274.11,127.45,0.0,,12519.66,0447,False,0
801793,IGO1055 ,India,1775593942.0,1775593942,78.4174,13.0563,7810.5,False,224.17,97.52,6.5,,8221.98,,False,0
800462,AIC174D ,India,1775593908.0,1775593940,94.1286,23.4539,11582.4,False,207.32,269.86,0.0,,12085.32,5040,False,0
8016a7,AIC4FB  ,India,1775593940.0,1775593941,79.6928,27.6747,11582.4,False,168.69,301.02,0.33,,11948.16,2641,False,0
8015c2,IGO58AY ,India,1775593941.0,1775593941,76.1319,28.2577,3566.16,False,149.12,64.67,-7.15,,3589.02,,False,0
8015ce,IGO264  ,India,1775593940.0,1775593940,88.4593,22.7532,525.78,False,67.21,185.71,-3.58,,457.2,1000,False,0
3c4ada,DLH781  ,Germany,1775593941.0,1775593941,79.2788,26.6749,10363.2,False,209.05,308.51,0.0,,10652.76,,False,0
80171a,IGO6563 ,India,1775593903.0,1775593941,74.4683,17.7823,6492.24,False,157.29,324.85,-13.66,,6766.56,,False,0
80186e,IGO246D ,India,1775593941.0,1775593941,77.0675,28.8286,1356.36,False,112.78,272.61,-3.9,,1287.78,,False,0
801878,IGO6366 ,India,1775593935.0,1775593937,88.3515,22.5958,1729.74,False,140.64,262.43,16.26,,1699.26,1425,False,0
44007c,AUA8    ,Austria,1775593941.0,1775593941,78.4331,28.8674,10363.2,False,227.41,322.35,0.0,,10599.42,6131,False,0
8960ec,UAE363  ,United Arab Emirates,1775593941.0,1775593941,87.5805,22.7327,11582.4,False,218.09,273.79,0.0,,12131.04,3177,False,0
8960e0,UAE329  ,United Arab Emirates,1775593941.0,1775593941,89.3867,22.5448,9144.0,False,233.16,276.84,0.33,,9525.0,3153,False,0
8016df,IGO361  ,India,1775593941.0,1775593941,76.8359,14.3554,11216.64,False,236.45,134.82,-10.08,,11864.34,,False,0
8016c8,AXB1121 ,India,1775593941.0,1775593941,77.5536,28.7113,3497.58,False,135.97,296.27,-3.58,,3505.2,,False,0
8016cb,AXB2739 ,India,1775593941.0,1775593941,74.0226,17.883,7063.74,False,202.74,164.09,8.13,,7360.92,,False,0
801805,IGO276P ,India,1775593941.0,1775593941,76.7768,28.6377,838.2,False,87.22,104.69,0.0,,754.38,,False,0
801850,IGO077  ,India,1775593941.0,1775593941,74.7697,14.4826,11582.4,False,230.14,298.0,0.33,,12222.48,,False,0
896187,UAE303  ,United Arab Emirates,1775593940.0,1775593940,92.7067,22.3783,11582.4,False,216.96,262.37,0.0,,12131.04,0136,False,0
801816,IGO461L ,India,1775593941.0,1775593942,76.6492,28.6819,1158.24,False,90.94,135.46,-2.93,,1089.66,,False,0
80180e,IGO5293 ,India,1775593941.0,1775593941,73.7557,17.902,8221.98,False,216.63,330.09,-8.78,,8663.94,,False,0
300a9d,ITY758  ,Italy,1775593941.0,1775593941,76.3263,30.4759,11277.6,False,278.19,132.45,0.0,,11529.06,,False,0
7020be,UBG382  ,Bangladesh,1775593940.0,1775593940,85.5785,23.4453,11277.6,False,288.08,85.19,0.0,,11780.52,4272,False,0
8004df,AIC127  ,India,1775593941.0,1775593941,76.1246,26.422,9662.16,False,221.36,229.05,3.58,,9997.44,,False,0
896219,UAE367  ,United Arab Emirates,1775593713.0,1775593730,83.5527,23.4474,10363.2,False,213.5,265.99,0.0,,10820.4,6245,False,0
896218,UAE512  ,United Arab Emirates,1775593941.0,1775593941,76.526,28.6934,2095.5,False,104.0,92.27,-4.23,,2057.4,,False,0
77170d,EXV912  ,Sri Lanka,1775593941.0,1775593941,88.7356,22.7079,8534.4,False,233.1,209.34,0.33,,8877.3,4721,False,0
70c10d,OMS735  ,Oman,1775593941.0,1775593941,73.8715,18.7551,11262.36,False,246.67,117.58,0.0,,11879.58,,False,0
70c124,OMA821  ,Oman,1775593802.0,1775593802,79.967,14.4363,11879.58,False,253.32,117.19,0.33,,12534.9,,False,0
8005f4,AIC301  ,India,1775593919.0,1775593920,87.256,18.8508,12192.0,False,227.74,315.73,0.0,,12801.6,1551,False,0
780a96,CPA698  ,China,1775593941.0,1775593941,88.1406,24.6391,10668.0,False,298.54,112.28,-0.33,,11079.48,0560,False,0
77044e,ALK173  ,Sri Lanka,1775593941.0,1775593941,77.9937,13.0572,2255.52,False,122.4,343.39,-3.25,,2293.62,,False,0
4bb0f6,THY168  ,Turkey,1775593940.0,1775593941,90.08,21.6406,11887.2,False,286.93,123.89,0.33,,12428.22,5137,False,0
4bb0f3,THY165  ,Turkey,1775593941.0,1775593942,77.8748,29.5366,10972.8,False,227.84,319.95,0.0,,11201.4,7034,False,0
4bb0ef,THY208  ,Turkey,1775593922.0,1775593924,83.8183,25.3399,11887.2,False,302.39,120.01,0.0,,12329.16,,False,0
4bb0ec,THY45M  ,Turkey,1775593941.0,1775593941,80.8748,27.0986,11887.2,False,305.22,132.13,0.0,,12268.2,,False,0
4bb0eb,THY58   ,Turkey,1775593879.0,1775593903,93.2186,19.6042,12496.8,False,274.92,125.33,-0.33,,13114.02,,False,0
896306,UAE395  ,United Arab Emirates,1775593942.0,1775593942,90.6485,22.3286,10363.2,False,221.93,279.88,0.0,,10835.64,7050,False,0
89630b,UAE371  ,United Arab Emirates,1775593927.0,1775593933,99.6106,13.8896,6492.24,False,234.36,278.97,4.23,,6858.0,,False,0
4bb0e9,THY163  ,Turkey,1775593822.0,1775593824,73.5481,30.5039,11582.4,False,207.58,305.62,0.0,,11887.2,5525,False,0
80073c,AIC351  ,India,1775593941.0,1775593941,79.7129,27.6516,12184.38,False,197.93,309.94,-0.33,,12595.86,5017,False,0
800756,IGO1015 ,India,1775593934.0,1775593938,88.4482,22.6581,53.34,False,85.96,186.53,1.95,,-30.48,0456,False,0
800734,AIC309  ,India,1775593939.0,1775593939,83.4959,22.0909,12184.38,False,220.78,308.47,-0.33,,12793.98,1505,False,0
800735,AIC312  ,India,1775593941.0,1775593941,90.7367,23.9995,11879.58,False,299.49,103.11,0.0,,12382.5,0542,False,0
8963d4,UAE542  ,United Arab Emirates,1775593925.0,1775593925,79.4553,13.5396,6080.76,False,216.6,120.71,-6.83,,6393.18,,False,0
8963e1,UAE42N  ,United Arab Emirates,1775593941.0,1775593941,73.3034,18.0332,10668.0,False,264.62,97.48,0.0,,11254.74,,False,0
70c0fc,OMA833  ,Oman,1775593648.0,1775593648,70.2339,17.9563,11277.6,False,245.72,116.08,0.0,,11917.68,,False,0
8963da,UAE397  ,United Arab Emirates,1775593941.0,1775593941,70.7484,18.9036,10363.2,False,245.02,296.3,0.0,,10949.94,,False,0
4bb186,THY55   ,Turkey,1775593904.0,1775593905,84.1102,22.5127,10965.18,False,224.81,315.19,0.0,,11506.2,0167,False,0
4bb181,THY057  ,Turkey,1775593899.0,1775593899,74.457,31.4674,10363.2,False,238.82,322.44,0.0,,10530.84,4057,True,0
4bb149,THY25   ,Turkey,1775593857.0,1775593857,73.8216,30.3312,9753.6,False,226.46,306.69,0.0,,9921.24,6267,False,0
4bb148,THY85   ,Turkey,1775593931.0,1775593931,75.7423,30.9185,9144.0,False,242.31,292.86,0.0,,9265.92,6554,False,0
4bb154,THY6333 ,Turkey,1775593939.0,1775593940,86.5469,19.7241,11277.6,False,260.97,39.4,0.0,,11871.96,0622,False,0
4067f7,BLX247  ,United Kingdom,1775593940.0,1775593940,87.219,18.887,12496.8,False,272.48,135.69,0.0,,13129.26,4513,False,0
896518,FDB441  ,United Arab Emirates,1775593941.0,1775593941,75.1793,28.3963,7871.46,False,246.18,63.97,-8.13,,8039.1,,False,0
770594,ALK141  ,Sri Lanka,1775593922.0,1775593930,72.8814,19.0889,68.58,False,71.52,269.18,-3.58,,-7.62,,False,0
770592,ALK563  ,Sri Lanka,1775593758.0,1775593758,74.5274,14.6624,9753.6,False,239.09,324.63,0.0,,10309.86,,False,0
896474,UAE381  ,United Arab Emirates,1775593940.0,1775593940,85.0607,23.2404,11582.4,False,211.6,274.6,0.0,,12123.42,5132,False,0
770588,ALK254  ,Sri Lanka,1775593940.0,1775593940,76.1062,10.3444,12496.8,False,233.11,129.63,0.0,,13144.5,,False,0
4bb101,THY39V  ,Turkey,1775593941.0,1775593941,77.2357,28.1027,11582.4,False,198.49,307.52,0.0,,11932.92,,False,0
888170,HVN982  ,Viet Nam,1775593941.0,1775593941,91.0653,22.3482,9448.8,False,268.84,97.59,0.0,,9852.66,0640,False,0
8964ff,ETD206  ,United Arab Emirates,1775593940.0,1775593940,73.1993,18.9291,3093.72,False,153.45,87.5,-5.53,,3177.54,,False,0
888167,HVN11   ,Viet Nam,1775593941.0,1775593941,77.3842,28.0028,10972.8,False,202.09,307.66,0.0,,11414.76,,False,0
8964bf,ETD218  ,United Arab Emirates,1775593941.0,1775593941,75.9558,28.8734,4770.12,False,203.69,72.21,0.0,,4808.22,,False,0
888152,HVN18   ,Viet Nam,1775593941.0,1775593941,90.8876,22.3695,12496.8,False,292.12,97.49,0.0,,13045.44,0674,False,0
406590,BAW12   ,United Kingdom,1775593941.0,1775593941,79.0154,26.8628,9753.6,False,212.75,308.42,0.0,,10043.16,,False,0
89655c,UAE500  ,United Arab Emirates,1775593940.0,1775593941,73.0521,19.0912,922.02,False,94.15,269.37,-2.28,,883.92,,False,0
8964b1,UAE568  ,United Arab Emirates,1775593935.0,1775593935,77.3082,13.6279,4686.3,False,203.16,117.28,-6.83,,4869.18,,False,0
7705c1,ALK881  ,Sri Lanka,1775593775.0,1775593852,98.8278,13.9817,11582.4,False,225.97,251.69,0.0,,12359.64,,False,0
888124,HVN19   ,Viet Nam,1775593941.0,1775593941,81.5952,26.7648,10972.8,False,211.53,330.26,0.0,,11308.08,7022,False,0
507cb3,MFX5535 ,Uzbekistan,1775593941.0,1775593941,83.196,25.1949,10050.78,False,280.67,130.32,0.33,,10424.16,,False,0
8881c5,VJC972  ,Viet Nam,1775593940.0,1775593940,86.315,23.8013,11887.2,False,281.47,119.33,-0.33,,12420.6,0507,False,0
896714,ETD2LP  ,United Arab Emirates,1775593941.0,1775593941,76.9739,8.6024,1859.28,False,138.89,148.02,-3.58,,1851.66,,False,0
78149e,CSN6043 ,China,1775593942.0,1775593942,88.7918,22.5751,9745.98,False,223.79,262.21,0.0,,10172.7,4563,False,0
89667a,UAE311  ,United Arab Emirates,1775593940.0,1775593940,93.02,22.6633,10972.8,False,218.17,264.32,0.0,,11452.86,3643,False,0
407995,BAW138  ,United Kingdom,1775593923.0,1775593941,72.7686,19.1478,1280.16,False,146.24,8.7,12.03,,1264.92,,False,0
8880df,HVN37   ,Viet Nam,1775593941.0,1775593941,76.2881,28.4256,10972.8,False,200.51,275.45,0.33,,11292.84,7002,False,0
8880e2,HVN31   ,Viet Nam,1775593645.0,1775593652,80.9075,25.6187,10972.8,False,204.6,300.69,0.0,,11376.66,0455,False,0
8880e0,HVN36   ,Viet Nam,1775593892.0,1775593940,93.2611,22.1611,11879.58,False,291.5,94.35,0.0,,12451.08,6503,False,0
8832b6,TLM215  ,Thailand,1775593940.0,1775593940,84.7352,24.8533,11277.6,False,284.99,120.36,0.0,,11780.52,0575,False,0
76cd70,SIA322  ,Singapore,1775593941.0,1775593941,78.6845,25.3655,10972.8,False,204.3,286.38,0.0,,11422.38,,False,0
899040,EVA087  ,Taiwan,1775593941.0,1775593941,88.1733,24.6244,9144.0,False,229.53,294.5,0.0,,9456.42,2650,False,0
4d0112,CLX4722 ,Luxembourg,1775593941.0,1775593941,99.8517,14.7088,7475.22,False,212.68,119.73,-6.18,,7917.18,,False,0
899022,CAL075  ,Taiwan,1775593663.0,1775593663,93.8887,22.0784,10355.58,False,220.91,260.08,0.0,,10843.26,2602,False,0
899039,EVA095  ,Taiwan,1775593939.0,1775593940,86.7374,25.2263,9753.6,False,215.69,294.67,0.0,,10088.88,6274,False,0
406f7c,BAW16   ,United Kingdom,1775593941.0,1775593941,75.048,29.5556,10972.8,False,213.81,306.29,0.0,,11254.74,,False,0
507c71,QNT2239 ,Uzbekistan,1775593941.0,1775593941,77.5413,29.8747,10066.02,False,250.28,141.93,-0.33,,10271.76,,False,0
76cdb7,SIA328  ,Singapore,1775593719.0,1775593719,81.7093,23.4244,11582.4,False,220.47,310.27,0.0,,12115.8,,False,0
76cdad,SIA378  ,Singapore,1775593941.0,1775593941,77.2193,25.3438,11582.4,False,204.24,275.78,0.0,,12054.84,,False,0
76cdaa,SIA313  ,Singapore,1775593940.0,1775593940,83.5785,21.9127,12496.8,False,278.85,131.34,0.0,,13075.92,4617,False,0
899013,CAL073  ,Taiwan,1775593940.0,1775593940,85.0606,24.6697,11582.4,False,209.03,303.96,0.0,,12054.84,2616,False,0
75044b,MAS20   ,Malaysia,1775593940.0,1775593942,75.4142,25.8984,11582.4,False,212.84,305.46,0.0,,12062.46,,False,0
75044e,MAS2    ,Malaysia,1775593941.0,1775593941,76.5041,25.1501,10972.8,False,213.61,307.37,0.0,,11430.0,,False,0
8966aa,ETD394  ,United Arab Emirates,1775593941.0,1775593941,77.7927,8.9571,9448.8,False,247.6,129.94,0.33,,9951.72,,False,0
8966ac,ETD480  ,United Arab Emirates,1775593938.0,1775593939,80.6231,12.361,10668.0,False,236.07,127.92,0.0,,11277.6,,False,0
8966a6,ETD1X7  ,United Arab Emirates,1775593932.0,1775593932,78.9723,13.8231,10050.78,False,242.53,121.03,-0.33,,10645.14,,False,0
15409a,VDA7875 ,Russian Federation,1775593941.0,1775593941,87.0886,22.9467,9128.76,False,164.12,291.9,0.33,,9494.52,0645,False,0
89916c,CAL067  ,Taiwan,1775593941.0,1775593941,88.3691,22.722,11003.28,False,217.85,300.2,2.6,,11483.34,6271,False,0
89912c,EVA062  ,Taiwan,1775593579.0,1775593864,80.2192,25.9953,11269.98,False,303.34,127.63,-0.33,,11711.94,,False,0
48ae00,LOT6520 ,Poland,1775593942.0,1775593942,90.7731,21.2021,10965.18,False,223.44,304.02,0.0,,11521.44,6121,False,0
06a2ec,QTR6N   ,Qatar,1775593663.0,1775593663,79.4126,13.566,6156.96,False,222.12,118.35,-7.8,,6446.52,,False,0
750585,AXM93   ,Malaysia,1775593786.0,1775593786,89.8294,18.0899,10668.0,False,252.46,134.83,0.33,,11254.74,2353,False,0
750552,MAS197  ,Malaysia,1775593939.0,1775593940,91.2362,22.9117,7399.02,False,203.67,139.71,17.23,,7658.1,4707,False,0
06a2b7,QTR93W  ,Qatar,1775593941.0,1775593941,72.8526,18.9155,3352.8,False,167.86,87.54,0.0,,3451.86,,False,0
750541,MAS119  ,Malaysia,1775593940.0,1775593940,85.0518,20.7909,10668.0,False,271.04,121.34,0.0,,11209.02,6372,False,0
406d78,BAW34   ,United Kingdom,1775593919.0,1775593919,74.2737,30.0484,10972.8,False,212.9,305.96,-0.33,,11231.88,,False,0
4ba955,THY71   ,Turkey,1775593941.0,1775593941,77.2123,28.4239,9753.6,False,210.81,282.54,0.0,,9974.58,5165,False,0
4ba94c,THY73   ,Turkey,1775593941.0,1775593941,78.872,28.9459,9144.0,False,231.13,310.03,0.0,,9326.88,3102,False,0
4408ff,BCS538  ,Austria,1775593908.0,1775593940,69.7406,18.4617,11871.96,False,257.69,78.02,0.0,,12496.8,,False,0
3c7a48,CFG2368 ,Germany,1775593941.0,1775593941,76.971,26.2858,11887.2,False,294.1,92.81,0.0,,12344.4,,False,0
4cae84,SEJ164  ,Ireland,1775593941.0,1775593941,75.682,27.3645,5684.52,False,187.31,30.72,-4.88,,5775.96,,False,0
800b05,BDA481  ,India,1775593941.0,1775593941,76.0482,26.5972,8389.62,False,216.8,217.58,7.8,,8618.22,,False,0
47c968,IGO61J  ,Norway,1775593941.0,1775593941,75.8199,26.7829,9585.96,False,238.62,200.31,9.43,,9936.48,,False,0
4cad1f,KZR173  ,Ireland,1775593941.0,1775593942,79.3535,28.3756,9448.8,False,245.84,132.2,-0.33,,9669.78,,False,0
39cf06,AFR196  ,France,1775593940.0,1775593940,85.716,24.2633,11887.2,False,296.22,124.24,0.0,,12390.12,0421,False,0
881423,,Thailand,1775593839.0,1775593839,98.573,14.1774,10066.02,False,249.44,86.57,0.33,,10690.86,,False,0
800c07,AIC2378 ,India,1775593941.0,1775593941,78.7269,27.7984,8663.94,False,232.65,117.81,2.28,,8869.68,,False,0
80139b,AIC6DF  ,India,1775593941.0,1775593941,76.3113,28.4729,2133.6,False,113.0,11.82,0.0,,2095.5,,False,0
801396,AIC2NA  ,India,1775593940.0,1775593940,76.9677,8.4366,358.14,False,63.31,308.73,-3.58,,251.46,,False,0
70e049,KHV760  ,Cambodia,1775593941.0,1775593941,78.3805,28.43,6911.34,False,187.73,292.56,-2.93,,7048.5,1625,False,0
80142b,IGO561K ,India,1775593941.0,1775593941,75.6831,27.4745,7665.72,False,239.37,44.48,-4.55,,7833.36,,False,0
86e84c,JAL30   ,Japan,1775593941.0,1775593941,79.4248,27.5634,9845.04,False,298.91,121.2,1.95,,10126.98,,False,0
80146f,IGO6921 ,India,1775593940.0,1775593940,87.3842,22.2668,6172.2,False,213.93,67.07,-8.78,,6385.56,0304,False,0
710102,SVA983  ,Saudi Arabia,1775593941.0,1775593941,91.4476,22.3016,9144.0,False,228.05,277.0,0.33,,9525.0,5136,False,0
801460,IGO1170 ,India,1775593941.0,1775593941,77.0373,27.5339,4899.66,False,188.03,2.98,-7.48,,4968.24,,False,0
86d59c,JAL749  ,Japan,1775593941.0,1775593941,84.0421,26.0394,12192.0,False,200.84,293.87,0.0,,12633.96,5667,False,0
01015c,,Egypt,1775593912.0,1775593912,70.0337,19.2824,11521.44,False,256.69,113.38,-5.2,,12184.38,,False,0
4b191c,SWR177  ,Switzerland,1775593941.0,1775593942,77.6074,29.8461,9753.6,False,238.67,313.95,0.0,,9928.86,0130,False,0
06a120,QTR572  ,Qatar,1775593688.0,1775593693,77.7656,13.2064,1127.76,False,82.83,270.71,-3.9,,1074.42,,False,0
80155f,AIC2361 ,India,1775593939.0,1775593941,83.777,25.2773,9753.6,False,185.82,300.26,0.0,,10096.5,2763,False,0
885113,THA326  ,Thailand,1775593659.0,1775593659,80.5797,12.9491,11887.2,False,249.55,95.32,0.0,,12519.66,,False,0
885105,THA954  ,Thailand,1775593941.0,1775593941,82.1021,25.9575,10972.8,False,211.85,306.51,0.0,,11376.66,0712,False,0
885106,THA955  ,Thailand,1775593940.0,1775593940,91.4651,19.3077,11277.6,False,271.95,127.39,0.0,,11864.34,1356,False,0
88511a,THA900  ,Thailand,1775593941.0,1775593941,78.5151,27.218,11582.4,False,204.8,308.17,0.0,,11978.64,0703,False,0
88510e,THA960  ,Thailand,1775593941.0,1775593941,82.3235,24.932,10363.2,False,214.02,299.52,0.0,,10812.78,0714,False,0
88510b,THA961  ,Thailand,1775593908.0,1775593908,92.3473,18.7,11887.2,False,270.97,121.73,0.0,,12504.42,4572,False,0
885119,THA925  ,Thailand,1775593917.0,1775593924,91.1526,19.5339,12496.8,False,276.06,127.28,0.0,,13114.02,6403,False,0
06a0bb,QTR927  ,Qatar,1775593939.0,1775593940,85.6705,19.6662,12184.38,False,222.77,279.57,-0.33,,12816.84,2742,False,0
8013d5,IGO527Y ,India,1775593941.0,1775593941,76.266,28.5459,3924.3,False,144.16,21.35,-6.5,,3939.54,,False,0
8013b2,AIC5RP  ,India,1775593941.0,1775593941,75.4876,27.1077,8206.74,False,215.01,24.6,-3.25,,8435.34,,False,0
88516b,THA951  ,Thailand,1775593942.0,1775593942,89.2084,20.9151,11277.6,False,279.23,123.81,0.0,,11841.48,1767,False,0
88516e,THA931  ,Thailand,1775593842.0,1775593845,91.4328,19.3312,10668.0,False,268.24,127.44,0.0,,11231.88,0663,False,0
88516d,THA921  ,Thailand,1775593940.0,1775593941,87.5998,21.9027,11887.2,False,277.82,122.98,0.0,,12451.08,6203,False,0
8013f6,IGO254  ,India,1775593941.0,1775593941,73.7789,18.6401,2263.14,False,149.64,10.5,13.0,,2278.38,,False,0
800cfe,AIC2336 ,India,1775593940.0,1775593940,86.1355,22.9407,10652.76,False,273.17,127.19,0.0,,11117.58,0551,False,0
8013f3,IGO6129 ,India,1775593627.0,1775593627,74.1243,18.842,3025.14,False,121.13,134.83,0.0,,3124.2,,False,0
8013ed,AIC2383 ,India,1775593941.0,1775593941,78.6825,25.205,10370.82,False,181.67,283.76,0.0,,10789.92,,False,0
885176,THA970  ,Thailand,1775593939.0,1775593939,86.6715,22.7128,9745.98,False,218.74,306.68,0.0,,10165.08,0736,False,0
885175,THA316  ,Thailand,1775593940.0,1775593940,91.967,20.437,11277.6,False,275.26,124.49,0.0,,11864.34,0516,False,0
801640,AIC5NY  ,India,1775595064.0,1775595064,77.0596,26.8649,7658.1,False,221.42,7.21,-5.2,,7848.6,,False,0
80162f,AIC5DS  ,India,1775595064.0,1775595065,75.4148,27.6054,7543.8,False,192.5,11.25,-10.4,,7703.82,,False,0
801625,AIC2387 ,India,1775595065.0,1775595065,77.1872,28.8261,3032.76,False,134.8,270.87,-4.23,,3017.52,,False,0
80167d,AXB2660 ,India,1775595000.0,1775595000,79.4223,13.5805,5890.26,False,194.53,118.6,-7.15,,6179.82,,False,0
80167b,AIC6DJ  ,India,1775595065.0,1775595065,73.646,17.5929,10622.28,False,248.31,138.95,4.23,,11224.26,,False,0
80165c,AXB164  ,India,1775595064.0,1775595064,75.7509,27.5483,5623.56,False,193.18,45.76,-5.53,,5715.0,,False,0
801674,AIC4KB  ,India,1775595064.0,1775595064,77.1027,27.9339,3924.3,False,111.51,286.34,-4.88,,3939.54,,False,0
80169f,VTAKV   ,India,1775595063.0,1775595064,89.2819,26.4906,10355.58,False,211.24,284.24,5.85,,10675.62,2603,False,0
8851e1,THA331  ,Thailand,1775595065.0,1775595065,76.7002,28.6552,1752.6,False,100.32,104.25,-2.6,,1699.26,0702,False,0
885221,THA346  ,Thailand,1775595065.0,1775595065,86.9899,22.4428,12489.18,False,277.32,126.02,0.33,,13060.68,4506,False,0
885223,THA934  ,Thailand,1775595064.0,1775595064,79.7535,27.7035,10363.2,False,220.2,318.79,0.0,,10660.38,6135,False,0
7c492b,QFA1    ,Australia,1775595065.0,1775595065,76.8215,28.5344,10972.8,False,209.91,302.79,0.0,,11285.22,,False,0
3c670c,DLH769  ,Germany,1775594793.0,1775594793,73.6419,30.4442,11582.4,False,195.02,305.66,0.0,,11856.72,,False,0
885282,THA911  ,Thailand,1775594853.0,1775594972,91.3684,19.3778,11887.2,False,264.23,127.41,0.0,,12512.04,1210,False,0
80174b,IGO2369 ,India,1775595065.0,1775595065,76.3894,28.4357,2743.2,False,128.85,341.85,0.0,,2727.96,,False,0
801738,IGO245C ,India,1775595065.0,1775595065,73.5128,18.7755,3939.54,False,164.87,320.7,12.03,,4069.08,,False,0
8852e4,THA940  ,Thailand,1775595055.0,1775595055,81.786,24.2559,10965.18,False,207.75,288.03,0.0,,11445.24,,False,0
801785,AKJ1135 ,India,1775595065.0,1775595065,85.7335,23.0434,9448.8,False,261.0,80.93,0.33,,9837.42,1407,False,0
801793,IGO1055 ,India,1775594826.0,1775594826,80.3296,12.8942,10668.0,False,234.61,93.9,0.0,,11269.98,,False,0
800462,AIC174D ,India,1775595065.0,1775595065,91.8678,23.7638,11582.4,False,202.33,282.48,0.0,,12070.08,5040,False,0
801798,IGO5323 ,India,1775595064.0,1775595064,77.4261,13.7726,5273.04,False,216.93,133.08,-12.03,,5509.26,,False,0
8016a7,AIC4FB  ,India,1775595064.0,1775595064,77.905,28.5576,6004.56,False,161.05,296.57,-7.15,,6096.0,2641,False,0
8016b1,IGO916  ,India,1775595063.0,1775595065,74.3292,18.2178,3215.64,False,165.64,336.38,-5.85,,3314.7,,False,0
8015c2,IGO58AY ,India,1775595064.0,1775595064,76.8323,28.6251,1127.76,False,82.48,104.82,-2.28,,1051.56,,False,0
885301,THA314  ,Thailand,1775595064.0,1775595064,89.3788,22.0136,7863.84,False,211.36,135.49,8.45,,8214.36,0423,False,0
3c4ada,DLH781  ,Germany,1775595064.0,1775595064,77.3968,27.9925,10363.2,False,213.1,307.64,0.0,,10607.04,,False,0
801878,IGO6366 ,India,1775595064.0,1775595065,86.6672,21.722,11582.4,False,197.39,266.56,0.33,,12169.14,1425,False,0
44007c,AUA8    ,Austria,1775595063.0,1775595064,76.7267,30.6957,10363.2,False,238.08,294.24,0.0,,10553.7,6131,False,0
800584,AIC128  ,India,1775595059.0,1775595059,70.7046,19.0905,10005.06,False,266.7,95.53,-4.23,,10561.32,,False,0
8960ec,UAE363  ,United Arab Emirates,1775595061.0,1775595063,85.2966,23.1403,11582.4,False,215.58,279.75,0.0,,12131.04,3177,False,0
8960e0,UAE329  ,United Arab Emirates,1775595064.0,1775595064,86.9631,22.7695,9144.0,False,215.45,273.56,0.0,,9532.62,3153,False,0
8016e0,IGO1853 ,India,1775595065.0,1775595065,72.5427,19.1098,3017.52,False,160.43,276.26,15.61,,3078.48,,False,0
8016df,IGO361  ,India,1775595028.0,1775595035,77.7626,13.2065,1112.52,False,73.57,270.4,-3.58,,1051.56,,False,0
8016c8,AXB1121 ,India,1775595063.0,1775595063,76.9275,28.6033,838.2,False,86.23,104.87,-0.33,,746.76,,False,0
801806,,India,1775595039.0,1775595064,78.9355,25.2943,10972.8,False,187.63,298.67,0.0,,11422.38,,False,0
04c045,KQA202  ,Kenya,1775595065.0,1775595065,73.1272,19.0236,1318.26,False,118.28,19.3,-4.88,,1303.02,,False,0
896187,UAE303  ,United Arab Emirates,1775595064.0,1775595065,90.39,22.4294,11582.4,False,212.61,277.23,0.0,,12123.42,0136,False,0
80180e,IGO5293 ,India,1775595064.0,1775595064,72.9361,19.0897,365.76,False,65.35,268.65,-2.93,,304.8,,False,0
aa3086,NCR8819 ,United States,1775595065.0,1775595065,79.94,11.9362,9753.6,False,262.32,293.95,0.0,,10279.38,,False,0
300a9d,ITY758  ,Italy,1775595064.0,1775595065,78.741,28.5011,11277.6,False,297.28,133.67,0.0,,11597.64,,False,0
7020be,UBG382  ,Bangladesh,1775595064.0,1775595064,88.6258,23.0054,9220.2,False,264.91,107.17,-7.8,,9593.58,4272,False,0
896216,UAE6Q   ,United Arab Emirates,1775594882.0,1775594907,76.0521,9.489,8229.6,False,237.55,134.39,-10.4,,8656.32,,False,0
8962e5,ETD402  ,United Arab Emirates,1775595064.0,1775595064,85.2664,23.001,10668.0,False,289.67,62.84,0.0,,11155.68,1765,False,0
70c148,OMS466  ,Oman,1775595064.0,1775595065,99.2229,13.871,8572.5,False,236.1,283.1,4.55,,9098.28,,False,0
77170d,EXV912  ,Sri Lanka,1775595064.0,1775595064,87.2528,20.9404,10363.2,False,219.18,218.81,0.0,,10881.36,4721,False,0
70c10d,OMS735  ,Oman,1775594877.0,1775594926,75.802,17.7762,11277.6,False,245.81,118.23,0.0,,11894.82,,False,0
8005f4,AIC301  ,India,1775595064.0,1775595064,85.5036,20.4894,12192.0,False,221.65,310.01,0.0,,12778.74,1551,False,0
780a96,CPA698  ,China,1775595065.0,1775595065,91.3371,23.8708,10668.0,False,296.86,102.21,0.33,,11109.96,0560,False,0
4bb0f6,THY168  ,Turkey,1775594956.0,1775594957,92.3523,20.1828,11887.2,False,277.31,125.11,0.0,,12466.32,5137,False,0
4bb0f3,THY165  ,Turkey,1775595064.0,1775595064,75.6871,30.836,10972.8,False,234.2,299.04,0.0,,11163.3,7034,False,0
4bb0ef,THY208  ,Turkey,1775595064.0,1775595064,86.6394,23.6981,11887.2,False,295.03,121.31,0.33,,12382.5,5102,False,0
4bb0ec,THY45M  ,Turkey,1775595064.0,1775595064,83.1682,24.8752,11887.2,False,290.72,139.23,0.0,,12367.26,,False,0
896306,UAE395  ,United Arab Emirates,1775595064.0,1775595065,88.3094,22.6857,10363.2,False,215.59,274.11,0.0,,10820.4,7050,False,0
80073c,AIC351  ,India,1775595065.0,1775595065,77.6872,28.6529,5204.46,False,182.44,296.28,-3.58,,5273.04,5017,False,0
800756,IGO1015 ,India,1775595064.0,1775595065,89.2354,20.8353,8877.3,False,257.88,144.09,3.58,,9288.78,0456,False,0
800733,AIC148  ,India,1775595064.0,1775595064,75.1802,26.8121,10401.3,False,267.37,29.13,-6.18,,10789.92,,False,0
800734,AIC309  ,India,1775594986.0,1775594986,81.7584,23.3863,12192.0,False,220.07,310.35,-0.33,,12755.88,,False,0
800735,AIC312  ,India,1775594807.0,1775594807,93.2302,23.495,11887.2,False,299.75,101.48,0.0,,12405.36,0542,False,0
800742,AIC308  ,India,1775595064.0,1775595064,77.9341,27.5178,7452.36,False,213.17,146.12,6.83,,7604.76,,False,0
8963e1,UAE42N  ,United Arab Emirates,1775595024.0,1775595024,75.9553,17.6799,10668.0,False,263.7,99.21,0.0,,11254.74,,False,0
70c0fc,OMA833  ,Oman,1775594970.0,1775594973,72.9599,16.6632,11277.6,False,245.02,116.3,0.0,,11910.06,,False,0
4bb186,THY55   ,Turkey,1775595064.0,1775595064,82.3383,24.137,10972.8,False,218.27,314.43,-0.33,,11460.48,0167,False,0
4bb154,THY6333 ,Turkey,1775595064.0,1775595065,88.3247,21.8631,11277.6,False,273.74,38.05,0.0,,11826.24,0622,False,0
896518,FDB441  ,United Arab Emirates,1775595064.0,1775595065,76.9716,29.0802,3040.38,False,127.69,74.34,0.33,,3025.14,,False,0
48436c,KLM810  ,Kingdom of the Netherlands,1775595065.0,1775595065,78.7087,27.0801,9753.6,False,209.54,308.22,0.33,,10027.92,,False,0
77058d,ALK557  ,Sri Lanka,1775595064.0,1775595065,73.0467,18.2015,10363.2,False,241.25,349.43,0.0,,10942.32,,False,0
770592,ALK563  ,Sri Lanka,1775595064.0,1775595064,73.3089,17.1867,9753.6,False,242.67,347.76,0.0,,10302.24,,False,0
896474,UAE381  ,United Arab Emirates,1775595064.0,1775595064,82.7167,23.2723,11582.4,False,215.11,268.49,0.0,,12123.42,5132,False,0
770588,ALK254  ,Sri Lanka,1775595064.0,1775595064,77.936,8.8365,12496.8,False,233.76,129.82,0.0,,13144.5,,False,0
4bb101,THY39V  ,Turkey,1775595064.0,1775595064,76.1724,29.9963,11582.4,False,225.42,329.1,0.0,,11849.1,,False,0
888170,,Viet Nam,1775595052.0,1775595054,93.9644,22.088,9456.42,False,271.43,100.37,0.33,,9875.52,,False,0
888167,HVN11   ,Viet Nam,1775595064.0,1775595064,75.5066,29.2646,10972.8,False,210.51,306.95,0.0,,11376.66,,False,0
8964bf,ETD218  ,United Arab Emirates,1775595064.0,1775595064,76.5678,28.7201,1805.94,False,108.11,137.12,-4.55,,1752.6,,False,0
888152,HVN18   ,Viet Nam,1775594779.0,1775594783,93.2354,22.1112,12496.8,False,288.48,99.55,0.0,,13068.3,0674,False,0
8964e8,ABY496  ,United Arab Emirates,1775595016.0,1775595022,68.5457,18.7751,10668.0,False,244.88,118.07,0.0,,11285.22,,False,0
89664b,ABY467  ,United Arab Emirates,1775595064.0,1775595064,73.1966,18.9219,10675.62,False,243.06,118.3,-0.33,,11269.98,,False,0
885973,TVJ761  ,Thailand,1775595065.0,1775595065,73.2354,19.3716,4366.26,False,201.79,62.52,10.4,,4518.66,,False,0
780ac8,CPA694  ,China,1775595065.0,1775595065,77.1554,28.5516,883.92,False,98.92,107.87,4.23,,800.1,,False,0
406590,BAW12   ,United Kingdom,1775595063.0,1775595064,77.0821,28.2072,9753.6,False,219.78,307.49,0.0,,9989.82,,False,0
896587,ABY518  ,United Arab Emirates,1775595064.0,1775595064,75.1245,25.9722,10050.78,False,280.96,80.09,0.0,,10462.26,,False,0
888124,HVN19   ,Viet Nam,1775595064.0,1775595064,79.6636,27.6932,10972.8,False,197.5,289.0,0.0,,11285.22,7022,False,0
507cb3,MFX5535 ,Uzbekistan,1775595065.0,1775595065,85.6524,23.4922,10058.4,False,277.51,121.89,0.33,,10485.12,2055,False,0
76cd42,SIA366  ,Singapore,1775595004.0,1775595004,88.1274,18.0022,10972.8,False,240.46,315.43,0.0,,11559.54,0117,False,0
8881c5,VJC972  ,Viet Nam,1775595065.0,1775595065,89.0212,22.5854,11887.2,False,275.09,96.77,0.0,,12443.46,0507,False,0
78149e,CSN6043 ,China,1775595065.0,1775595065,86.4948,22.0481,10355.58,False,224.09,229.66,0.0,,10835.64,4563,False,0
89667a,UAE311  ,United Arab Emirates,1775595064.0,1775595065,90.6546,22.6164,10972.8,False,215.56,269.45,0.0,,11445.24,3643,False,0
89667b,UAE393  ,United Arab Emirates,1775595064.0,1775595065,75.9146,19.7489,11582.4,False,235.6,283.13,0.0,,12176.76,,False,0
896698,ETD336  ,United Arab Emirates,1775595064.0,1775595065,76.2202,10.1597,777.24,False,95.73,115.46,-2.6,,708.66,,False,0
8880df,HVN37   ,Viet Nam,1775595064.0,1775595064,74.53,29.7402,10965.18,False,210.64,315.69,-0.33,,11231.88,7002,False,0
8880e2,HVN31   ,Viet Nam,1775595064.0,1775595064,78.5745,27.1747,10965.18,False,206.56,308.33,-0.33,,11323.32,,False,0
76cd47,SIA324  ,Singapore,1775595063.0,1775595064,76.7361,25.1382,10972.8,False,219.66,321.47,0.0,,11422.38,,False,0
8832b6,TLM215  ,Thailand,1775595064.0,1775595064,87.3557,23.3339,11277.6,False,273.12,122.85,0.0,,11833.86,0575,False,0
8832b0,TLM211  ,Thailand,1775595053.0,1775595054,77.1449,10.9031,7315.2,False,216.18,52.64,7.8,,7764.78,,False,0
8832a8,TLM219  ,Thailand,1775595064.0,1775595065,74.4311,19.7553,9669.78,False,257.37,74.46,9.1,,10248.9,,False,0
76cd70,SIA322  ,Singapore,1775595064.0,1775595065,76.6218,26.2384,10972.8,False,204.34,300.57,0.0,,11407.14,,False,0
8965ac,ADY141  ,United Arab Emirates,1775594900.0,1775594920,69.9479,18.0896,10668.0,False,239.74,115.96,0.0,,11277.6,,False,0
899097,EVA061  ,Taiwan,1775594941.0,1775594941,99.3036,14.4143,7772.4,False,224.47,302.74,3.9,,7825.74,,False,0
899040,EVA087  ,Taiwan,1775595064.0,1775595065,85.8149,25.4635,9144.0,False,222.87,281.18,0.0,,9425.94,2650,False,0
899022,CAL075  ,Taiwan,1775595064.0,1775595064,90.914,22.3028,10363.2,False,221.58,279.35,0.0,,10828.02,2602,False,0
899039,EVA095  ,Taiwan,1775595060.0,1775595061,84.4904,25.8432,9753.6,False,214.58,294.35,0.0,,10066.02,6274,False,0
507c71,QNT2239 ,Uzbekistan,1775595064.0,1775595064,79.4729,27.8567,10058.4,False,271.73,135.08,0.0,,10325.1,,False,0
76cda9,SIA312  ,Singapore,1775595065.0,1775595065,78.1146,25.576,11582.4,False,204.31,297.27,0.0,,12039.6,,False,0
76cdad,SIA378  ,Singapore,1775595064.0,1775595064,75.2885,26.5432,11582.4,False,214.95,306.24,0.0,,12039.6,,False,0
76cdaa,SIA313  ,Singapore,1775595064.0,1775595065,85.5549,19.9284,12496.8,False,267.84,130.48,0.0,,13091.16,4617,False,0
8881f2,VJC1926 ,Viet Nam,1775595064.0,1775595064,86.2786,23.4484,10683.24,False,279.82,108.77,0.0,,11163.3,0377,False,0
899013,CAL073  ,Taiwan,1775595064.0,1775595064,82.9265,25.4319,11582.4,False,204.42,290.17,0.0,,12024.36,2352,True,0
75044b,MAS20   ,Malaysia,1775595050.0,1775595056,73.3922,26.9456,11582.4,False,208.57,298.59,0.0,,12031.98,,False,0
8966bc,ETD408  ,United Arab Emirates,1775595062.0,1775595062,84.4102,21.8413,10058.4,False,274.78,104.97,0.0,,10553.7,1766,False,0
75044e,MAS2    ,Malaysia,1775595064.0,1775595064,74.545,26.3784,10972.8,False,213.87,298.6,0.0,,11399.52,,False,0
8966bd,ETD6RM  ,United Arab Emirates,1775595064.0,1775595064,77.0596,13.7221,8077.2,False,237.42,128.14,-11.7,,8496.3,,False,0
040219,ETH685  ,Ethiopia,1775595060.0,1775595063,92.6388,22.3688,10972.8,False,217.47,261.43,0.0,,11468.1,5062,False,0
8966c3,ETD800  ,United Arab Emirates,1775595064.0,1775595064,83.8425,22.9763,11269.98,False,298.02,93.86,0.33,,11811.0,1707,False,0
8966a8,ETD422  ,United Arab Emirates,1775595065.0,1775595065,85.9509,19.3015,10668.0,False,254.29,119.31,0.0,,11262.36,1733,False,0
15409a,VDA7875 ,Russian Federation,1775595065.0,1775595065,85.5398,23.7111,9136.38,False,172.22,258.46,0.0,,9494.52,0645,False,0
89916c,CAL067  ,Taiwan,1775595064.0,1775595064,86.3671,23.8544,11582.4,False,210.77,304.66,0.0,,12077.7,6271,False,0
4ba9f5,THY6107 ,Turkey,1775595064.0,1775595064,89.166,24.2536,7414.26,False,208.99,290.31,3.9,,7665.72,4766,False,0
89912c,EVA062  ,Taiwan,1775595064.0,1775595064,83.7555,23.6277,11269.98,False,301.34,109.55,0.0,,11780.52,7104,False,0
48ae00,LOT6520 ,Poland,1775595065.0,1775595065,88.7794,22.4572,10972.8,False,219.54,305.37,-0.33,,11490.96,6121,False,0
76cef6,SIA306  ,Singapore,1775595062.0,1775595062,86.6436,19.1918,9144.0,False,231.65,302.21,0.0,,9616.44,0113,False,0
76ceec,SIA26   ,Singapore,1775595064.0,1775595064,78.6196,25.3942,9753.6,False,203.38,289.35,0.0,,10111.74,,False,0
750552,MAS197  ,Malaysia,1775594983.0,1775595056,92.7951,21.218,10027.92,False,242.08,137.15,7.15,,10454.64,4707,False,0
405bfd,BAW142  ,United Kingdom,1775595065.0,1775595065,75.8404,28.9051,8999.22,False,202.61,310.16,3.9,,9159.24,,False,0
750541,MAS119  ,Malaysia,1775595065.0,1775595065,87.1681,19.0278,10058.4,False,259.36,139.26,0.0,,10584.18,6372,False,0
717cfc,KNE321  ,Saudi Arabia,1775595065.0,1775595065,71.7663,19.009,6629.4,False,239.48,97.03,-14.31,,6964.68,,False,0
4ba955,THY71   ,Turkey,1775595064.0,1775595064,75.715,30.0172,9753.6,False,223.69,288.23,-0.33,,9906.0,5165,False,0
4ba94c,THY73   ,Turkey,1775595064.0,1775595064,76.7097,30.3823,9144.0,False,240.48,306.04,0.0,,9281.16,3102,False,0
717cea,KNE329  ,Saudi Arabia,1775595064.0,1775595064,74.6701,28.0347,7620.0,False,215.02,61.41,0.0,,7772.4,,False,0
4cade1,KZR964  ,Ireland,1775595064.0,1775595064,76.9677,28.5317,5768.34,False,188.01,291.51,6.18,,5844.54,,False,0
4408ff,BCS538  ,Austria,1775595010.0,1775595010,72.345,19.1794,11871.96,False,260.62,73.6,-0.33,,12489.18,,False,0
3c7a48,CFG2368 ,Germany,1775595020.0,1775595026,79.8453,25.8625,11887.2,False,285.65,142.24,-0.33,,12336.78,,False,0
4cae84,SEJ164  ,Ireland,1775595065.0,1775595065,76.5007,28.6021,2743.2,False,103.59,273.42,0.0,,2720.34,,False,0
880c47,AIQ171  ,Thailand,1775595061.0,1775595063,98.8928,14.1059,9563.1,False,235.43,81.83,-11.7,,10149.84,,False,0
486073,KLM880  ,Kingdom of the Netherlands,1775595065.0,1775595065,73.8564,18.6603,9753.6,False,255.65,337.77,0.0,,10294.62,,False,0
800b54,LLR755  ,India,1775595064.0,1775595065,88.4028,22.9544,3009.9,False,94.95,7.47,3.58,,3108.96,1377,False,0
47c98d,IGO36F  ,Norway,1775595064.0,1775595064,69.7247,18.3976,11277.6,False,258.3,88.86,0.0,,11940.54,,False,0
800b81,SEJ106  ,India,1775595064.0,1775595064,75.4139,27.2284,9685.02,False,242.63,35.07,-10.4,,10058.4,,False,0
4cad1f,KZR173  ,Ireland,1775595065.0,1775595065,81.7523,26.6525,10058.4,False,290.4,122.7,0.0,,10355.58,,False,0
4d21c8,,Malta,1775595061.0,1775595063,77.3722,14.7633,11277.6,False,237.42,120.9,0.33,,11902.44,,False,0
06a07a,QTR875  ,Qatar,1775595065.0,1775595065,91.6498,22.2786,9753.6,False,224.61,277.37,0.0,,10172.7,3111,False,0
39cf06,AFR196  ,France,1775595063.0,1775595065,88.4456,22.6776,11887.2,False,285.39,122.86,0.0,,12428.22,0421,False,0
800c07,AIC2378 ,India,1775595064.0,1775595064,81.296,26.2367,10675.62,False,291.93,127.7,-0.33,,11018.52,,False,0
70e049,KHV760  ,Cambodia,1775595064.0,1775595064,76.7487,28.8727,2377.44,False,117.3,283.18,-2.93,,2354.58,1625,False,0
80142b,IGO561K ,India,1775595063.0,1775595064,76.3147,28.5601,2133.6,False,107.6,327.3,0.0,,2095.5,,False,0
801454,IGO663P ,India,1775595021.0,1775595037,77.9761,13.2696,2148.84,False,110.32,192.93,-2.93,,2164.08,,False,0
86e84c,JAL30   ,Japan,1775595065.0,1775595065,82.6898,26.3701,10668.0,False,312.19,108.05,0.33,,11003.28,,False,0
710102,SVA983  ,Saudi Arabia,1775595064.0,1775595064,89.0038,22.5872,9753.6,False,221.23,276.81,0.0,,10157.46,5136,False,0
801460,IGO1170 ,India,1775595064.0,1775595064,76.4188,28.5883,2438.4,False,110.42,284.3,0.0,,2407.92,,False,0
80012d,VTDHA   ,India,1775595064.0,1775595064,89.4911,26.4255,12192.0,False,221.93,277.19,0.0,,12618.72,2610,False,0
86d59c,JAL749  ,Japan,1775595046.0,1775595046,82.0307,26.8212,12192.0,False,197.11,292.88,-0.33,,12595.86,5667,False,0
800bc8,SEJ941  ,India,1775595063.0,1775595064,87.1663,22.3882,9425.94,False,194.55,261.48,1.95,,9867.9,1421,False,0
01015c,MSR968  ,Egypt,1775595054.0,1775595062,72.5379,18.9168,3322.32,False,179.92,98.38,-2.93,,3429.0,,False,0
4b191c,SWR177  ,Switzerland,1775595021.0,1775595021,75.3394,31.0802,10363.2,False,236.09,290.8,0.0,,10530.84,0130,False,0
06a127,QTR5M   ,Qatar,1775595064.0,1775595064,76.276,10.1917,10668.0,False,256.13,134.02,0.0,,11247.12,,False,0
80155f,AIC2361 ,India,1775595064.0,1775595064,81.9766,26.2139,9761.22,False,182.69,299.52,0.0,,10066.02,2763,False,0
7100c1,SVA803  ,Saudi Arabia,1775595065.0,1775595065,89.9948,23.4917,5166.36,False,192.65,250.5,11.38,,5311.14,4754,False,0
3c66c4,DLH767  ,Germany,1775594784.0,1775594784,72.8165,19.6374,4282.44,False,187.76,5.98,7.48,,4366.26,,False,0
885105,THA954  ,Thailand,1775595064.0,1775595064,80.2886,27.2891,10972.8,False,212.65,317.55,0.0,,11323.32,0712,False,0
88511a,THA900  ,Thailand,1775595065.0,1775595065,76.6763,28.4833,11582.4,False,205.89,307.39,0.0,,11948.16,0703,False,0
88510e,THA960  ,Thailand,1775594900.0,1775594900,80.611,25.8625,10363.2,False,207.71,299.04,0.0,,10789.92,0714,False,0
8013d5,IGO527Y ,India,1775595064.0,1775595064,77.0759,28.5693,342.9,False,68.63,104.77,-2.93,,236.22,,False,0
8013b2,AIC5RP  ,India,1775595064.0,1775595064,76.4682,28.4539,3657.6,False,133.56,34.49,-0.33,,3665.22,,False,0
800cc9,AXB2762 ,India,1775595064.0,1775595064,74.9776,26.0127,11285.22,False,243.05,23.58,0.0,,11826.24,,False,0
88516b,THA951  ,Thailand,1775595064.0,1775595064,91.5452,19.2446,11277.6,False,267.56,127.97,0.0,,11879.58,1767,False,0
88516d,THA921  ,Thailand,1775595065.0,1775595065,90.0967,20.2897,11887.2,False,279.96,126.93,0.33,,12481.56,6203,False,0
8013f6,IGO254  ,India,1775595064.0,1775595064,74.9548,20.4872,10066.02,False,245.74,29.19,0.0,,10614.66,,False,0
800cfe,AIC2336 ,India,1775595064.0,1775595064,88.5669,21.4782,10675.62,False,267.78,118.83,0.0,,11186.16,0551,False,0
8013ed,AIC2383 ,India,1775595065.0,1775595065,77.8512,26.9273,6065.52,False,170.2,320.15,-1.95,,6187.44,,False,0
885176,THA970  ,Thailand,1775595064.0,1775595064,84.8328,24.0755,9745.98,False,211.14,308.77,0.0,,10126.98,0736,False,0
801640,AIC5NY  ,India,1775595131.0,1775595131,77.0778,26.9955,7330.44,False,215.23,7.28,-5.53,,7505.7,,False,0
80162f,AIC5DS  ,India,1775595130.0,1775595130,75.4227,27.715,6896.1,False,182.12,359.68,-10.08,,7048.5,,False,0
801625,AIC2387 ,India,1775595131.0,1775595131,77.0981,28.8271,2758.44,False,130.16,270.68,-4.23,,2735.58,,False,0
80167d,AXB2660 ,India,1775595000.0,1775595000,79.4223,13.5805,5890.26,False,194.53,118.6,-7.15,,6179.82,,False,0
80167b,AIC6DJ  ,India,1775595131.0,1775595131,73.7457,17.4831,10652.76,False,245.41,138.99,0.0,,11262.36,,False,0
80165c,AXB164  ,India,1775595130.0,1775595130,75.843,27.6273,5044.44,False,186.28,46.12,-8.13,,5105.4,,False,0
801674,AIC4KB  ,India,1775595130.0,1775595131,77.0292,27.9521,3657.6,False,116.82,285.32,-0.33,,3657.6,,False,0
80169f,VTAKV   ,India,1775595130.0,1775595130,89.146,26.5197,10767.06,False,205.68,282.72,3.9,,11087.1,2603,False,0
8851e1,THA331  ,Thailand,1775595131.0,1775595131,76.7649,28.6406,1584.96,False,97.33,104.7,-2.6,,1524.0,0702,False,0
885221,THA346  ,Thailand,1775595131.0,1775595131,87.1332,22.3461,12489.18,False,276.6,126.0,0.0,,13068.3,4506,False,0
885223,THA934  ,Thailand,1775595130.0,1775595130,79.6576,27.8011,10363.2,False,219.08,318.71,-0.33,,10660.38,6135,False,0
8014fa,IGO606E ,India,1775595130.0,1775595130,80.9841,26.5829,2034.54,False,127.23,31.44,-3.58,,2011.68,,False,0
7c492b,QFA1    ,Australia,1775595131.0,1775595131,76.7025,28.6019,10972.8,False,208.49,302.71,0.0,,11277.6,,False,0
885282,THA911  ,Thailand,1775594853.0,1775594972,91.3684,19.3778,11887.2,False,264.23,127.41,0.0,,12512.04,1210,False,0
80174b,IGO2369 ,India,1775595131.0,1775595131,76.362,28.5086,2743.2,False,129.49,341.71,0.0,,2727.96,,False,0
801738,IGO245C ,India,1775595130.0,1775595130,73.4652,18.8644,4732.02,False,174.26,335.4,4.55,,4914.9,,False,0
8852e4,THA940  ,Thailand,1775595070.0,1775595070,81.7572,24.2645,10965.18,False,207.75,288.03,0.0,,11445.24,,False,0
801785,AKJ1135 ,India,1775595130.0,1775595130,85.9017,23.0523,9456.42,False,267.04,89.01,0.33,,9837.42,1407,False,0
801793,IGO1055 ,India,1775594826.0,1775594826,80.3296,12.8942,10668.0,False,234.61,93.9,0.0,,11269.98,,False,0
800462,AIC174D ,India,1775595130.0,1775595131,91.7401,23.7897,11582.4,False,203.33,282.42,0.0,,12070.08,5040,False,0
801798,IGO5323 ,India,1775595130.0,1775595130,77.5214,13.6859,4488.18,False,209.33,132.71,-11.7,,4663.44,,False,0
8016a7,AIC4FB  ,India,1775595130.0,1775595130,77.81,28.5994,5501.64,False,154.38,296.31,-7.8,,5570.22,2641,False,0
8016b1,IGO916  ,India,1775595122.0,1775595122,74.295,18.2928,2865.12,False,145.37,336.43,-10.73,,2941.32,,False,0
8015c2,IGO58AY ,India,1775595130.0,1775595130,76.8867,28.6127,990.6,False,83.97,104.55,-2.28,,906.78,,False,0
885301,THA314  ,Thailand,1775595130.0,1775595130,89.4761,21.9194,8176.26,False,221.62,136.6,8.45,,8564.88,0423,False,0
3c4ada,DLH781  ,Germany,1775595130.0,1775595130,77.2832,28.0702,10363.2,False,213.51,307.56,0.0,,10607.04,,False,0
801878,IGO6366 ,India,1775595131.0,1775595131,86.5408,21.7158,11590.02,False,198.84,267.03,0.33,,12176.76,1425,False,0
44007c,AUA8    ,Austria,1775595131.0,1775595131,76.5709,30.7496,10363.2,False,239.5,291.55,0.0,,10553.7,6131,False,0
800584,AIC128  ,India,1775595131.0,1775595131,70.8836,19.074,9753.6,False,261.01,95.54,-4.23,,10302.24,,False,0
8960ec,UAE363  ,United Arab Emirates,1775595130.0,1775595131,85.1517,23.1629,11582.4,False,215.41,279.48,0.33,,12131.04,3177,False,0
8960e0,UAE329  ,United Arab Emirates,1775595130.0,1775595130,86.8248,22.7774,9144.0,False,215.97,273.55,0.0,,9532.62,3153,False,0
8016e0,IGO1853 ,India,1775595131.0,1775595131,72.4438,19.1204,4008.12,False,158.39,276.34,13.0,,4130.04,,False,0
8016df,IGO361  ,India,1775595028.0,1775595035,77.7626,13.2065,1112.52,False,73.57,270.4,-3.58,,1051.56,,False,0
8016c8,AXB1121 ,India,1775595131.0,1775595131,76.9828,28.5907,815.34,False,78.61,104.4,-4.23,,731.52,,False,0
801806,IGO1082 ,India,1775595129.0,1775595130,78.8103,25.3949,10980.42,False,200.68,330.35,0.0,,11422.38,,False,0
04c045,KQA202  ,Kenya,1775595130.0,1775595130,73.112,19.077,1112.52,False,94.14,300.91,-2.93,,1089.66,,False,0
896187,UAE303  ,United Arab Emirates,1775595131.0,1775595131,90.2548,22.4453,11582.4,False,212.1,277.25,0.0,,12123.42,0136,False,0
801850,IGO077  ,India,1775595101.0,1775595101,72.6408,15.5946,11590.02,False,223.0,297.92,0.0,,12230.1,,False,0
80180e,IGO5293 ,India,1775595124.0,1775595124,72.8992,19.0892,167.64,False,63.79,269.54,-3.25,,121.92,,False,0
aa3086,NCR8819 ,United States,1775595130.0,1775595130,79.7948,11.9995,9753.6,False,262.79,293.91,0.0,,10287.0,,False,0
300a9d,ITY758  ,Italy,1775595130.0,1775595130,78.8832,28.3786,11277.6,False,293.92,135.14,0.0,,11605.26,,False,0
7020be,UBG382  ,Bangladesh,1775595130.0,1775595130,88.7859,22.9599,8702.04,False,255.15,107.12,-7.8,,9052.56,4272,False,0
896216,UAE6Q   ,United Arab Emirates,1775595130.0,1775595130,76.4112,9.1348,5760.72,False,209.43,137.89,-13.0,,6042.66,,False,0
8962e5,ETD402  ,United Arab Emirates,1775595130.0,1775595130,85.4486,23.0469,10668.0,False,297.03,82.94,0.33,,11155.68,1765,False,0
70c148,OMS466  ,Oman,1775595130.0,1775595131,99.0817,13.9032,8862.06,False,238.1,282.99,4.88,,9410.7,,False,0
77170d,EXV912  ,Sri Lanka,1775595130.0,1775595130,87.1485,20.8596,10370.82,False,212.81,243.13,0.33,,10888.98,4721,False,0
70c10d,OMS735  ,Oman,1775594877.0,1775594926,75.802,17.7762,11277.6,False,245.81,118.23,0.0,,11894.82,,False,0
8005f4,AIC301  ,India,1775595099.0,1775595112,85.4477,20.5335,12184.38,False,221.65,310.01,0.0,,12778.74,1551,False,0
780a96,CPA698  ,China,1775595131.0,1775595131,91.5246,23.8333,10668.0,False,296.46,102.32,0.0,,11109.96,0560,False,0
4bb0f6,THY168  ,Turkey,1775594956.0,1775594957,92.3523,20.1828,11887.2,False,277.31,125.11,0.0,,12466.32,5137,False,0
4bb0f3,THY165  ,Turkey,1775595130.0,1775595130,75.5468,30.9007,10972.8,False,232.2,297.87,0.0,,11163.3,7034,False,0
4bb0ef,THY208  ,Turkey,1775595130.0,1775595130,86.8008,23.6081,11887.2,False,294.5,121.14,0.0,,12382.5,5102,False,0
4bb0ec,THY45M  ,Turkey,1775595115.0,1775595115,83.2625,24.7754,11887.2,False,287.81,139.28,0.0,,12374.88,,False,0
896306,UAE395  ,United Arab Emirates,1775595130.0,1775595131,88.1717,22.6948,10363.2,False,216.1,274.1,0.0,,10820.4,7050,False,0
80073c,AIC351  ,India,1775595131.0,1775595131,77.5821,28.6987,5029.2,False,163.58,296.32,-2.28,,5082.54,5017,False,0
800756,IGO1015 ,India,1775595130.0,1775595131,89.3323,20.7095,9113.52,False,262.19,143.94,5.53,,9547.86,0456,False,0
800733,AIC148  ,India,1775595131.0,1775595131,75.264,26.948,9875.52,False,256.73,28.88,-10.73,,10233.66,,False,0
800734,AIC309  ,India,1775594986.0,1775594986,81.7584,23.3863,12192.0,False,220.07,310.35,-0.33,,12755.88,,False,0
800742,AIC308  ,India,1775595130.0,1775595130,78.0137,27.4117,7863.84,False,217.16,146.01,7.48,,8039.1,,False,0
8963e1,UAE42N  ,United Arab Emirates,1775595024.0,1775595024,75.9553,17.6799,10668.0,False,263.7,99.21,0.0,,11254.74,,False,0
70c0fc,OMA833  ,Oman,1775594970.0,1775594973,72.9599,16.6632,11277.6,False,245.02,116.3,0.0,,11910.06,,False,0
4bb186,THY55   ,Turkey,1775595130.0,1775595130,82.2375,24.2276,10972.8,False,216.82,314.42,-0.33,,11452.86,0167,False,0
4bb154,THY6333 ,Turkey,1775595131.0,1775595131,88.4334,21.9929,11277.6,False,274.46,38.07,0.0,,11818.62,0622,False,0
896518,FDB441  ,United Arab Emirates,1775595130.0,1775595130,77.055,29.0842,3048.0,False,133.53,130.63,0.0,,3032.76,,False,0
48436c,KLM810  ,Kingdom of the Netherlands,1775595131.0,1775595131,78.5991,27.1574,9753.6,False,210.67,308.16,0.0,,10027.92,,False,0
77058d,ALK557  ,Sri Lanka,1775595130.0,1775595130,73.0194,18.3426,10363.2,False,241.16,349.55,0.0,,10942.32,,False,0
770592,ALK563  ,Sri Lanka,1775595130.0,1775595130,73.2769,17.3279,9753.6,False,242.17,347.74,0.0,,10302.24,,False,0
896474,UAE381  ,United Arab Emirates,1775595101.0,1775595130,82.6392,23.2704,11582.4,False,215.11,268.49,0.0,,12123.42,5132,False,0
770588,ALK254  ,Sri Lanka,1775595130.0,1775595130,78.0435,8.7474,12496.8,False,234.49,129.84,0.0,,13144.5,,False,0
4bb101,THY39V  ,Turkey,1775595130.0,1775595130,76.0931,30.1114,11582.4,False,226.52,330.17,0.0,,11849.1,,False,0
888170,HVN982  ,Viet Nam,1775595079.0,1775595079,94.0347,22.0757,9456.42,False,271.21,100.71,-0.65,,9883.14,0640,False,0
888167,HVN11   ,Viet Nam,1775595130.0,1775595130,75.3934,29.3389,10972.8,False,210.2,306.84,0.0,,11376.66,,False,0
8964bf,ETD218  ,United Arab Emirates,1775595130.0,1775595130,76.6183,28.676,1524.0,False,102.36,129.29,-2.93,,1463.04,,False,0
8964e8,ABY496  ,United Arab Emirates,1775595130.0,1775595130,68.7797,18.6561,10668.0,False,245.57,118.12,0.0,,11292.84,,False,0
89664b,ABY467  ,United Arab Emirates,1775595129.0,1775595129,73.3284,18.8543,10668.0,False,243.51,118.24,0.0,,11262.36,,False,0
885973,TVJ761  ,Thailand,1775595131.0,1775595131,73.35,19.4284,4914.9,False,211.69,62.5,5.2,,5105.4,,False,0
780ac8,CPA694  ,China,1775595130.0,1775595131,77.2343,28.5316,1386.84,False,135.22,107.26,11.38,,1318.26,,False,0
406590,BAW12   ,United Kingdom,1775595131.0,1775595131,76.9619,28.2888,9753.6,False,222.36,307.48,0.33,,9989.82,,False,0
896587,ABY518  ,United Arab Emirates,1775595127.0,1775595127,75.2979,25.9994,10058.4,False,280.96,80.09,0.0,,10462.26,,False,0
888124,HVN19   ,Viet Nam,1775595129.0,1775595130,79.5425,27.7373,10972.8,False,198.42,292.24,0.0,,11277.6,7022,False,0
507cb3,MFX5535 ,Uzbekistan,1775595131.0,1775595131,85.8049,23.4055,10058.4,False,278.99,121.58,0.0,,10485.12,2055,False,0
76cd42,SIA366  ,Singapore,1775595130.0,1775595131,87.9248,18.1979,10972.8,False,241.18,315.26,0.33,,11559.54,0117,False,0
8881c5,VJC972  ,Viet Nam,1775595130.0,1775595130,89.1947,22.5662,11887.2,False,275.09,96.77,0.0,,12443.46,0507,False,0
78149e,CSN6043 ,China,1775595131.0,1775595131,86.3853,21.9613,10355.58,False,225.54,229.63,0.0,,10850.88,4563,False,0
89667a,UAE311  ,United Arab Emirates,1775595131.0,1775595131,90.5165,22.6153,10972.8,False,215.05,269.45,0.0,,11445.24,3643,False,0
89667b,UAE393  ,United Arab Emirates,1775595131.0,1775595131,75.7693,19.781,11574.78,False,236.1,283.1,0.0,,12184.38,,False,0
896698,ETD336  ,United Arab Emirates,1775595131.0,1775595131,76.2734,10.1464,647.7,False,92.12,88.4,-4.23,,571.5,,False,0
8880df,HVN37   ,Viet Nam,1775595129.0,1775595130,74.4304,29.8293,10972.8,False,211.36,315.69,-0.33,,11239.5,7002,False,0
8880e2,HVN31   ,Viet Nam,1775595130.0,1775595130,78.465,27.2515,10965.18,False,206.25,308.21,0.0,,11323.32,,False,0
76cd47,SIA324  ,Singapore,1775595130.0,1775595130,76.6461,25.2427,10972.8,False,221.13,322.28,0.0,,11414.76,,False,0
8832b6,TLM215  ,Thailand,1775595131.0,1775595131,87.5052,23.2447,11277.6,False,273.55,122.79,0.33,,11833.86,0575,False,0
8832b0,TLM211  ,Thailand,1775595130.0,1775595130,77.2682,10.996,7802.88,False,223.17,52.68,6.5,,8282.94,,False,0
8832a8,TLM219  ,Thailand,1775595130.0,1775595130,74.5849,19.7956,10187.94,False,252.49,74.52,7.48,,10767.06,,False,0
76cd70,SIA322  ,Singapore,1775595129.0,1775595130,76.5085,26.2992,10972.8,False,204.86,300.82,0.0,,11407.14,,False,0
8965ac,ADY141  ,United Arab Emirates,1775594900.0,1775594920,69.9479,18.0896,10668.0,False,239.74,115.96,0.0,,11277.6,,False,0
899097,EVA061  ,Taiwan,1775595069.0,1775595069,99.0721,14.5598,8366.76,False,224.47,302.74,3.9,,7825.74,,False,0
899040,EVA087  ,Taiwan,1775595119.0,1775595127,85.695,25.4848,9144.0,False,224.38,281.1,0.0,,9425.94,2650,False,0
899022,CAL075  ,Taiwan,1775595130.0,1775595131,90.775,22.3241,10363.2,False,219.47,279.31,0.0,,10828.02,2602,False,0
899039,EVA095  ,Taiwan,1775595128.0,1775595130,84.3578,25.8975,9753.6,False,215.52,294.24,0.0,,10066.02,6274,False,0
507c71,QNT2239 ,Uzbekistan,1775595130.0,1775595130,79.6012,27.7428,10058.4,False,272.83,134.85,0.33,,10325.1,,False,0
76cda9,SIA312  ,Singapore,1775595131.0,1775595131,77.9968,25.6327,11582.4,False,205.37,298.75,0.0,,12039.6,,False,0
76cdad,SIA378  ,Singapore,1775595129.0,1775595130,75.175,26.618,11582.4,False,214.95,306.24,0.0,,12039.6,,False,0
76cdaa,SIA313  ,Singapore,1775595130.0,1775595131,85.6828,19.8249,12496.8,False,267.39,130.71,0.0,,13098.78,4617,False,0
8881f2,VJC1926 ,Viet Nam,1775595130.0,1775595130,86.449,23.3956,10675.62,False,279.16,108.7,0.0,,11155.68,0377,False,0
899013,CAL073  ,Taiwan,1775595130.0,1775595130,82.8088,25.4885,11582.4,False,206.74,305.79,0.0,,12024.36,2352,True,0
75044b,MAS20   ,Malaysia,1775595130.0,1775595130,73.2442,27.017,11582.4,False,207.14,298.16,0.0,,12031.98,,False,0
8966bc,ETD408  ,United Arab Emirates,1775595130.0,1775595130,84.5842,21.7979,10066.02,False,275.28,104.95,0.0,,10561.32,1766,False,0
75044e,MAS2    ,Malaysia,1775595129.0,1775595129,74.4238,26.438,10972.8,False,212.72,298.61,0.0,,11399.52,,False,0
8966bd,ETD6RM  ,United Arab Emirates,1775595130.0,1775595130,77.1733,13.6349,7109.46,False,235.66,128.0,-14.63,,7475.22,,False,0
040219,ETH685  ,Ethiopia,1775595130.0,1775595130,92.4934,22.3485,10972.8,False,216.96,261.41,0.0,,11468.1,5062,False,0
8966c3,ETD800  ,United Arab Emirates,1775595130.0,1775595131,84.034,22.9644,11163.3,False,297.55,93.97,-2.93,,11696.7,1707,False,0
15409a,VDA7875 ,Russian Federation,1775595131.0,1775595131,85.4306,23.6926,9136.38,False,171.73,259.3,0.33,,9494.52,0645,False,0
89916c,CAL067  ,Taiwan,1775595130.0,1775595130,86.2544,23.9253,11582.4,False,210.19,304.43,0.0,,12077.7,6271,False,0
4ba9f5,THY6107 ,Turkey,1775595130.0,1775595130,89.0371,24.2972,7711.44,False,211.1,290.25,5.2,,7962.9,4766,False,0
89912c,EVA062  ,Taiwan,1775595130.0,1775595130,83.9396,23.5674,11277.6,False,302.0,109.61,-0.33,,11795.76,7104,False,0
06a30a,QTR8954 ,Qatar,1775595106.0,1775595106,83.5021,23.0791,10668.0,False,293.47,84.67,0.0,,11148.06,,False,0
06a2e8,,Qatar,1775595129.0,1775595129,93.0196,22.178,10355.58,False,218.95,274.99,0.0,,10835.64,,False,0
48ae00,LOT6520 ,Poland,1775595129.0,1775595129,88.6671,22.5306,10972.8,False,219.36,305.07,-0.33,,11490.96,6121,False,0
76cef6,SIA306  ,Singapore,1775595130.0,1775595130,86.5279,19.2837,9144.0,False,234.97,319.44,0.0,,9616.44,0113,False,0
76ceec,SIA26   ,Singapore,1775595110.0,1775595110,78.5312,25.4223,9753.6,False,203.38,289.35,0.0,,10111.74,,False,0
750552,MAS197  ,Malaysia,1775594983.0,1775595056,92.7951,21.218,10027.92,False,242.08,137.15,7.15,,10454.64,4707,False,0
405bfd,BAW142  ,United Kingdom,1775595130.0,1775595131,75.7357,28.983,9304.02,False,204.46,310.1,5.2,,9471.66,,False,0
750541,MAS119  ,Malaysia,1775595131.0,1775595131,87.2735,18.9109,10058.4,False,258.69,139.44,0.0,,10584.18,6372,False,0
717cfc,KNE321  ,Saudi Arabia,1775595130.0,1775595130,71.9127,18.9915,5745.48,False,232.77,97.11,-13.66,,6012.18,,False,0
4ba955,THY71   ,Turkey,1775595130.0,1775595130,75.5693,30.0584,9753.6,False,223.05,287.72,0.0,,9906.0,5165,False,0
4ba94c,THY73   ,Turkey,1775595130.0,1775595130,76.5616,30.4428,9144.0,False,239.2,298.66,0.0,,9281.16,3102,False,0
717cea,KNE329  ,Saudi Arabia,1775595130.0,1775595130,74.7964,28.0962,7620.0,False,215.76,61.05,0.0,,7764.78,,False,0
4cade1,KZR964  ,Ireland,1775595130.0,1775595130,76.8471,28.5737,6240.78,False,197.75,291.36,3.25,,6332.22,,False,0
4408ff,BCS538  ,Austria,1775595097.0,1775595129,72.5509,19.2369,11871.96,False,261.61,73.67,0.0,,12489.18,,False,0
3c7a48,CFG2368 ,Germany,1775595020.0,1775595026,79.8453,25.8625,11887.2,False,285.65,142.24,-0.33,,12336.78,,False,0
4cae84,SEJ164  ,Ireland,1775595130.0,1775595131,76.4601,28.634,2743.2,False,104.96,17.1,0.33,,2720.34,,False,0
880c47,AIQ171  ,Thailand,1775595099.0,1775595099,98.9734,14.1172,9128.76,False,231.79,81.83,-11.38,,9845.04,,False,0
486073,KLM880  ,Kingdom of the Netherlands,1775595130.0,1775595130,73.7964,18.8003,9753.6,False,254.3,337.9,0.0,,10287.0,,False,0
800b54,LLR755  ,India,1775595130.0,1775595130,88.4108,23.0099,3291.84,False,91.82,7.4,4.23,,3398.52,1377,False,0
47c98d,IGO36F  ,Norway,1775595130.0,1775595130,69.8856,18.4006,11269.98,False,258.29,88.97,-0.33,,11932.92,,False,0
800b81,SEJ106  ,India,1775595129.0,1775595130,75.5277,27.3335,9090.66,False,249.55,44.83,-9.43,,9387.84,,False,0
4cad1f,KZR173  ,Ireland,1775595130.0,1775595131,81.9131,26.5592,10066.02,False,289.53,122.81,0.0,,10363.2,,False,0
4d21c8,,Malta,1775595061.0,1775595069,77.3722,14.7633,11277.6,False,237.42,120.9,0.33,,11902.44,,False,0
06a07a,QTR875  ,Qatar,1775595130.0,1775595131,91.5076,22.295,9753.6,False,225.44,276.95,0.0,,10172.7,3111,False,0
39cf06,AFR196  ,France,1775595130.0,1775595131,88.5963,22.5787,11887.2,False,283.05,125.31,0.0,,12428.22,0421,False,0
800c07,AIC2378 ,India,1775595130.0,1775595130,81.4479,26.1308,10675.62,False,291.2,127.68,-0.33,,11026.14,,False,0
70e049,KHV760  ,Cambodia,1775595131.0,1775595131,76.675,28.8879,2209.8,False,110.55,283.45,-2.6,,2179.32,1625,False,0
80142b,IGO561K ,India,1775595130.0,1775595130,76.3105,28.6229,2133.6,False,106.01,1.39,0.0,,2095.5,,False,0
801454,IGO663P ,India,1775595129.0,1775595130,77.9097,13.2054,1821.18,False,93.17,268.1,0.0,,1813.56,,False,0
86e84c,JAL30   ,Japan,1775595129.0,1775595131,82.8805,26.3141,10668.0,False,311.06,108.02,-0.33,,11010.9,,False,0
710102,SVA983  ,Saudi Arabia,1775595130.0,1775595130,88.8633,22.6072,9753.6,False,220.59,280.21,0.0,,10157.46,5136,False,0
801460,IGO1170 ,India,1775595130.0,1775595130,76.3466,28.6047,2438.4,False,110.05,284.62,0.0,,2407.92,,False,0
80012d,VTDHA   ,India,1775595130.0,1775595130,89.3469,26.4419,12192.0,False,220.4,277.24,0.0,,12611.1,2610,False,0
86d59c,JAL749  ,Japan,1775595098.0,1775595106,81.9351,26.8573,12192.0,False,196.64,292.94,0.0,,12588.24,5667,False,0
800bc8,SEJ941  ,India,1775595067.0,1775595108,87.1588,22.3872,9555.48,False,197.83,261.17,5.53,,10005.06,1421,False,0
01015c,MSR968  ,Egypt,1775595102.0,1775595130,72.6178,18.9066,3208.02,False,166.3,87.7,-5.2,,3307.08,,False,0
4b191c,SWR177  ,Switzerland,1775595118.0,1775595124,75.116,31.1546,10363.2,False,234.62,291.61,0.33,,10530.84,0130,False,0
06a127,QTR5M   ,Qatar,1775595129.0,1775595130,76.3858,10.0868,10668.0,False,256.13,134.02,0.0,,11247.12,,False,0
80155f,AIC2361 ,India,1775595130.0,1775595130,81.872,26.2671,9761.22,False,181.73,299.32,0.33,,10058.4,2763,False,0
7100c1,SVA803  ,Saudi Arabia,1775595131.0,1775595131,89.8768,23.4529,5905.5,False,196.07,250.38,9.75,,6088.38,4754,False,0
885105,THA954  ,Thailand,1775595130.0,1775595130,80.1931,27.3818,10972.8,False,214.45,317.43,0.0,,11323.32,0712,False,0
88511a,THA900  ,Thailand,1775595131.0,1775595131,76.5655,28.5574,11582.4,False,207.94,306.95,0.0,,11940.54,0703,False,0
88510e,THA960  ,Thailand,1775594900.0,1775595121,80.611,25.8625,10363.2,False,206.35,316.72,0.0,,10774.68,0714,False,0
8013b2,AIC5RP  ,India,1775595131.0,1775595131,76.5194,28.5192,3429.0,False,130.86,34.75,-4.23,,3436.62,,False,0
800cc9,AXB2762 ,India,1775595130.0,1775595130,75.0408,26.1443,11109.96,False,243.99,23.48,-11.05,,11658.6,,False,0
88516b,THA951  ,Thailand,1775595064.0,1775595064,91.5452,19.2446,11277.6,False,267.56,127.97,0.0,,11879.58,1767,False,0
88516d,THA921  ,Thailand,1775595130.0,1775595130,90.2371,20.19,11887.2,False,277.7,127.02,0.0,,12481.56,6203,False,0
8013f6,IGO254  ,India,1775595130.0,1775595130,75.0313,20.616,10058.4,False,245.49,29.09,0.0,,10607.04,,False,0
800cfe,AIC2336 ,India,1775595130.0,1775595130,88.7148,21.3992,10675.62,False,266.39,123.26,0.0,,11193.78,0551,False,0
8013ed,AIC2383 ,India,1775595130.0,1775595130,77.7786,27.0056,5890.26,False,170.99,320.37,-2.28,,5996.94,,False,0
885176,THA970  ,Thailand,1775595130.0,1775595130,84.7249,24.155,9753.6,False,211.86,308.79,0.0,,10134.6,0736,False,0
801640,AIC5NY  ,India,1775595208.0,1775595209,77.0975,27.1362,6743.7,False,196.41,6.92,-13.66,,6888.48,,False,0
80162f,AIC5DS  ,India,1775595207.0,1775595208,75.4214,27.8396,6233.16,False,174.43,358.82,-8.13,,6324.6,,False,0
801625,AIC2387 ,India,1775595208.0,1775595209,76.9954,28.8286,2453.64,False,128.12,271.15,-1.95,,2415.54,,False,0
80167d,AXB2660 ,India,1775595000.0,1775595000,79.4223,13.5805,5890.26,False,194.53,118.6,-7.15,,6179.82,,False,0
80167b,AIC6DJ  ,India,1775595208.0,1775595209,73.8634,17.3534,10652.76,False,245.02,138.92,0.0,,11262.36,,False,0
80165c,AXB164  ,India,1775595208.0,1775595208,75.9455,27.7174,4541.52,False,172.43,45.24,-3.9,,4587.24,,False,0
801674,AIC4KB  ,India,1775595208.0,1775595209,76.941,27.9726,3657.6,False,115.66,284.16,-0.33,,3657.6,,False,0
80169f,VTAKV   ,India,1775595208.0,1775595208,88.9903,26.5518,10972.8,False,203.79,282.98,2.28,,11315.7,2603,False,0
8851e1,THA331  ,Thailand,1775595208.0,1775595209,76.8365,28.6242,1386.84,False,91.83,104.27,-2.6,,1318.26,0702,False,0
885221,THA346  ,Thailand,1775595209.0,1775595209,87.3032,22.2309,12489.18,False,279.89,126.03,0.33,,13068.3,4506,False,0
885223,THA934  ,Thailand,1775595208.0,1775595208,79.5419,27.9182,10363.2,False,221.26,318.68,-0.33,,10652.76,6135,False,0
8014fa,IGO606E ,India,1775595208.0,1775595208,81.0297,26.6502,1668.78,False,104.21,31.89,-4.23,,1623.06,,False,0
7c492b,QFA1    ,Australia,1775595208.0,1775595208,76.5637,28.6805,10972.8,False,207.78,302.67,0.0,,11277.6,,False,0
80174b,IGO2369 ,India,1775595209.0,1775595209,76.3297,28.5955,2743.2,False,129.82,342.0,0.0,,2727.96,,False,0
801778,IGO6025 ,India,1775595195.0,1775595196,77.0125,24.893,10363.2,False,207.24,346.07,0.0,,10820.4,,False,0
801738,IGO245C ,India,1775595208.0,1775595208,73.4092,18.9789,5577.84,False,181.13,343.16,14.31,,5814.06,,False,0
8852e4,THA940  ,Thailand,1775595070.0,1775595070,81.7572,24.2645,10965.18,False,207.75,288.03,0.0,,11445.24,,False,0
801785,AKJ1135 ,India,1775595209.0,1775595209,86.1111,23.044,9448.8,False,279.06,96.46,0.0,,9822.18,1407,False,0
800462,AIC174D ,India,1775595209.0,1775595209,91.5875,23.8206,11582.4,False,204.84,282.33,0.0,,12070.08,5040,False,0
801798,IGO5323 ,India,1775595208.0,1775595208,77.6279,13.5896,3596.64,False,194.01,132.96,-11.05,,3733.8,,False,0
8016a7,AIC4FB  ,India,1775595208.0,1775595208,77.7027,28.6463,4930.14,False,146.78,296.65,-5.85,,4968.24,2641,False,0
8016b1,IGO916  ,India,1775595122.0,1775595122,74.295,18.2928,2865.12,False,145.37,336.43,-10.73,,2941.32,,False,0
8015c2,IGO58AY ,India,1775595207.0,1775595208,76.9496,28.5983,845.82,False,81.85,104.56,-0.33,,762.0,,False,0
885301,THA314  ,Thailand,1775595208.0,1775595208,89.5908,21.8054,8618.22,False,227.6,137.66,8.13,,9029.7,0423,False,0
3c4ada,DLH781  ,Germany,1775595208.0,1775595208,77.1503,28.1608,10363.2,False,213.51,307.56,0.0,,10607.04,,False,0
801878,IGO6366 ,India,1775595209.0,1775595209,86.3908,21.7087,11590.02,False,200.9,267.06,0.0,,12176.76,1425,False,0
44007c,AUA8    ,Austria,1775595209.0,1775595209,76.3906,30.811,10363.2,False,239.5,291.55,0.0,,10546.08,6131,False,0
800584,AIC128  ,India,1775595208.0,1775595208,71.0736,19.0562,9456.42,False,257.94,95.61,-3.58,,9974.58,,False,0
8960ec,UAE363  ,United Arab Emirates,1775595208.0,1775595209,84.9905,23.1879,11582.4,False,215.41,279.48,0.0,,12131.04,3177,False,0
8960e0,UAE329  ,United Arab Emirates,1775595209.0,1775595209,86.66,22.7867,9144.0,False,218.5,273.37,0.0,,9532.62,3153,False,0
8016e0,IGO1853 ,India,1775595208.0,1775595209,72.3255,19.1329,4968.24,False,159.87,276.1,9.1,,5151.12,,False,0
8016df,IGO361  ,India,1775595028.0,1775595035,77.7626,13.2065,1112.52,False,73.57,270.4,-3.58,,1051.56,,False,0
8016c8,AXB1121 ,India,1775595206.0,1775595207,77.0388,28.5779,525.78,False,72.74,104.33,-3.58,,426.72,,False,0
801806,IGO1082 ,India,1775595208.0,1775595208,78.7296,25.5153,10980.42,False,199.39,328.93,0.0,,11422.38,,False,0
04c045,KQA202  ,Kenya,1775595209.0,1775595209,73.0452,19.0913,906.78,False,93.15,268.42,-2.28,,876.3,,False,0
896187,UAE303  ,United Arab Emirates,1775595208.0,1775595208,90.0955,22.4639,11582.4,False,215.16,277.14,0.0,,12131.04,0136,False,0
801850,IGO077  ,India,1775595184.0,1775595184,72.4889,15.6727,11582.4,False,223.0,297.92,0.0,,12230.1,,False,0
aa3086,NCR8819 ,United States,1775595208.0,1775595208,79.624,12.0738,9753.6,False,263.26,293.86,0.0,,10279.38,,False,0
300a9d,ITY758  ,Italy,1775595208.0,1775595208,79.0488,28.2323,11277.6,False,293.92,134.86,0.0,,11605.26,,False,0
7020be,UBG382  ,Bangladesh,1775595208.0,1775595208,88.9684,22.9702,8100.06,False,243.3,60.35,-11.38,,8412.48,4272,False,0
896216,UAE6Q   ,United Arab Emirates,1775595193.0,1775595193,76.492,9.0482,4945.38,False,206.0,136.82,-12.68,,5387.34,,False,0
8962e5,ETD402  ,United Arab Emirates,1775595208.0,1775595208,85.6738,23.054,10668.0,False,298.78,92.96,0.0,,11148.06,1765,False,0
70c148,OMS466  ,Oman,1775595208.0,1775595208,98.9143,13.9413,9144.0,False,237.72,283.13,0.33,,9707.88,,False,0
77170d,EXV912  ,Sri Lanka,1775595208.0,1775595208,87.0068,20.7923,10370.82,False,212.12,243.19,-0.33,,10888.98,4721,False,0
70c10d,OMS735  ,Oman,1775594877.0,1775594926,75.802,17.7762,11277.6,False,245.81,118.23,0.0,,11894.82,,False,0
8005f4,AIC301  ,India,1775595167.0,1775595202,85.3364,20.6212,12184.38,False,222.77,309.94,0.0,,12778.74,1551,False,0
780a96,CPA698  ,China,1775595208.0,1775595209,91.7444,23.789,10668.0,False,296.07,102.44,0.0,,11109.96,0560,False,0
4bb0f6,THY168  ,Turkey,1775594956.0,1775594957,92.3523,20.1828,11887.2,False,277.31,125.11,0.0,,12466.32,5137,False,0
4bb0f3,THY165  ,Turkey,1775595160.0,1775595201,75.4822,30.9301,10972.8,False,231.74,297.93,0.0,,11163.3,7034,False,0
4bb0ef,THY208  ,Turkey,1775595208.0,1775595208,86.9933,23.5005,11887.2,False,293.18,121.29,0.0,,12390.12,5102,False,0
4bb0ec,THY45M  ,Turkey,1775595208.0,1775595208,83.4352,24.5918,11887.2,False,286.75,139.37,0.0,,12382.5,,False,0
896306,UAE395  ,United Arab Emirates,1775595208.0,1775595209,88.0108,22.7229,10370.82,False,217.3,286.5,0.0,,10820.4,7050,False,0
80073c,AIC351  ,India,1775595209.0,1775595209,77.4678,28.7485,4610.1,False,152.54,296.22,-3.9,,4663.44,5017,False,0
800756,IGO1015 ,India,1775595208.0,1775595209,89.4484,20.5591,9311.64,False,268.16,144.05,4.23,,9761.22,0456,False,0
800728,BDA201  ,India,1775595201.0,1775595203,77.1081,28.562,342.9,False,86.49,102.71,7.48,,243.84,,False,0
800733,AIC148  ,India,1775595208.0,1775595209,75.3608,27.1054,9121.14,False,256.03,28.83,-10.73,,9403.08,,False,0
800734,AIC309  ,India,1775594986.0,1775594986,81.7584,23.3863,12192.0,False,220.07,310.35,-0.33,,12755.88,,False,0
800735,AIC312  ,India,1775595189.0,1775595191,94.3332,23.3652,11879.58,False,295.53,96.3,0.33,,12412.98,0542,False,0
800742,AIC308  ,India,1775595208.0,1775595208,78.1108,27.2818,8176.26,False,228.86,146.27,0.98,,8366.76,,False,0
8963e1,UAE42N  ,United Arab Emirates,1775595024.0,1775595024,75.9553,17.6799,10668.0,False,263.7,99.21,0.0,,11254.74,,False,0
70c0fc,OMA833  ,Oman,1775595182.0,1775595182,73.3948,16.4507,11277.6,False,245.27,117.21,-0.33,,11910.06,,False,0
4bb186,THY55   ,Turkey,1775595208.0,1775595208,82.1198,24.3331,10972.8,False,214.64,314.22,0.0,,11445.24,0167,False,0
4bb154,THY6333 ,Turkey,1775595209.0,1775595209,88.5612,22.1449,11277.6,False,274.78,38.16,0.0,,11811.0,0622,False,0
896518,FDB441  ,United Arab Emirates,1775595208.0,1775595209,77.0562,28.9955,3048.0,False,131.47,190.83,-0.33,,3032.76,,False,0
48436d,KLM878  ,Kingdom of the Netherlands,1775595209.0,1775595209,72.7306,19.1351,1432.56,False,142.43,6.64,16.58,,1348.74,,False,0
48436c,KLM810  ,Kingdom of the Netherlands,1775595209.0,1775595209,78.4689,27.2489,9753.6,False,209.54,308.22,0.0,,10020.3,,False,0
77058d,ALK557  ,Sri Lanka,1775595207.0,1775595208,72.9875,18.5067,10363.2,False,240.74,349.41,0.0,,10942.32,,False,0
770592,ALK563  ,Sri Lanka,1775595208.0,1775595208,73.2392,17.4937,9753.6,False,241.67,347.71,0.0,,10302.24,,False,0
896474,UAE381  ,United Arab Emirates,1775595183.0,1775595183,82.4664,23.2661,11582.4,False,215.11,268.49,0.0,,12123.42,5132,False,0
770588,ALK254  ,Sri Lanka,1775595208.0,1775595208,78.171,8.6414,11894.82,False,236.66,129.89,-14.31,,12565.38,,False,0
4bb101,THY39V  ,Turkey,1775595209.0,1775595209,76.0393,30.2695,11590.02,False,236.71,345.27,0.0,,11849.1,,False,0
888170,HVN982  ,Viet Nam,1775595079.0,1775595079,94.0347,22.0757,9456.42,False,271.21,100.71,-0.65,,9883.14,0640,False,0
888167,HVN11   ,Viet Nam,1775595209.0,1775595209,75.2567,29.4277,10972.8,False,210.72,306.56,0.0,,11369.04,,False,0
8964bf,ETD218  ,United Arab Emirates,1775595208.0,1775595208,76.6909,28.6575,1303.02,False,92.21,103.88,-2.93,,1242.06,,False,0
8964e8,ABY496  ,United Arab Emirates,1775595208.0,1775595208,68.9389,18.575,10668.0,False,245.36,118.28,0.0,,11292.84,,False,0
89664b,ABY467  ,United Arab Emirates,1775595208.0,1775595208,73.492,18.7751,10668.0,False,244.16,115.32,0.0,,11254.74,,False,0
885973,TVJ761  ,Thailand,1775595209.0,1775595209,73.4917,19.4983,5631.18,False,212.84,62.51,11.05,,5859.78,,False,0
780ac8,CPA694  ,China,1775595208.0,1775595208,77.3395,28.5026,2400.3,False,144.82,107.15,9.1,,2362.2,,False,0
406590,BAW12   ,United Kingdom,1775595208.0,1775595208,76.8221,28.3835,9753.6,False,223.48,307.42,0.0,,9989.82,,False,0
896587,ABY518  ,United Arab Emirates,1775595207.0,1775595209,75.5193,26.0339,10066.02,False,284.0,80.2,0.33,,10469.88,,False,0
888124,HVN19   ,Viet Nam,1775595207.0,1775595208,79.3975,27.7903,10972.8,False,197.95,292.3,0.0,,11277.6,7022,False,0
507cb3,MFX5535 ,Uzbekistan,1775595208.0,1775595208,85.9852,23.3035,10066.02,False,279.6,121.38,0.0,,10492.74,2055,False,0
76cd42,SIA366  ,Singapore,1775595208.0,1775595208,87.8005,18.3179,10972.8,False,239.38,315.7,0.0,,11551.92,0117,False,0
8881c5,VJC972  ,Viet Nam,1775595208.0,1775595209,89.4022,22.5431,11887.2,False,274.64,96.89,0.0,,12443.46,0507,False,0
78149e,CSN6043 ,China,1775595209.0,1775595209,86.2553,21.8579,10363.2,False,225.88,229.53,0.0,,10843.26,4563,False,0
89667a,UAE311  ,United Arab Emirates,1775595208.0,1775595209,90.3547,22.6138,10972.8,False,214.54,269.31,0.0,,11452.86,3643,False,0
89667b,UAE393  ,United Arab Emirates,1775595209.0,1775595209,75.5987,19.8186,11582.4,False,235.6,283.13,0.0,,12176.76,,False,0
896698,ETD336  ,United Arab Emirates,1775595209.0,1775595209,76.3342,10.1487,335.28,False,81.88,87.48,-4.55,,236.22,,False,0
8880df,HVN37   ,Viet Nam,1775595208.0,1775595208,74.3107,29.9361,10972.8,False,209.91,315.7,0.0,,11224.26,7002,False,0
8880e2,HVN31   ,Viet Nam,1775595208.0,1775595208,78.3385,27.3403,10965.18,False,205.93,308.1,0.0,,11315.7,,False,0
76cd47,SIA324  ,Singapore,1775595208.0,1775595208,76.5406,25.3665,10972.8,False,218.97,322.35,0.0,,11407.14,,False,0
8832b6,TLM215  ,Thailand,1775595209.0,1775595209,87.68,23.1404,11277.6,False,274.54,122.92,-0.33,,11833.86,0575,False,0
8832b0,TLM211  ,Thailand,1775595208.0,1775595208,77.3963,11.0925,8168.64,False,234.18,52.68,4.88,,8679.18,,False,0
8832a8,TLM219  ,Thailand,1775595202.0,1775595208,74.7525,19.8389,10561.32,False,253.13,74.44,4.88,,11193.78,,False,0
76cd70,SIA322  ,Singapore,1775595208.0,1775595208,76.3681,26.3745,10972.8,False,206.01,300.79,0.0,,11407.14,,False,0
8965ac,ADY141  ,United Arab Emirates,1775594900.0,1775594920,69.9479,18.0896,10668.0,False,239.74,115.96,0.0,,11277.6,,False,0
899097,EVA061  ,Taiwan,1775595069.0,1775595069,99.0721,14.5598,8366.76,False,224.47,302.74,3.9,,7825.74,,False,0
899040,EVA087  ,Taiwan,1775595158.0,1775595162,85.6101,25.5,9144.0,False,224.38,281.1,0.0,,9425.94,2650,False,0
899022,CAL075  ,Taiwan,1775595209.0,1775595209,90.6101,22.3492,10363.2,False,219.98,279.29,0.0,,10828.02,2602,False,0
899039,EVA095  ,Taiwan,1775595208.0,1775595208,84.2007,25.9617,9753.6,False,214.37,294.23,0.0,,10066.02,6274,False,0
507c71,QNT2239 ,Uzbekistan,1775595208.0,1775595208,79.7627,27.6143,10058.4,False,275.39,129.85,0.0,,10332.72,,False,0
76cda4,SIA352  ,Singapore,1775595151.0,1775595151,77.6509,24.4691,11582.4,False,209.67,302.17,0.0,,12070.08,,False,0
76cda9,SIA312  ,Singapore,1775595209.0,1775595209,77.8567,25.7048,11582.4,False,208.3,300.75,-0.33,,12039.6,,False,0
76cdad,SIA378  ,Singapore,1775595208.0,1775595208,75.0379,26.7081,11582.4,False,214.23,306.21,0.0,,12039.6,,False,0
76cdaa,SIA313  ,Singapore,1775595208.0,1775595209,85.8322,19.7024,12496.8,False,267.34,130.86,0.0,,13098.78,4617,False,0
8881f2,VJC1926 ,Viet Nam,1775595208.0,1775595208,86.6494,23.333,10668.0,False,275.91,108.71,-0.33,,11155.68,0377,False,0
899013,CAL073  ,Taiwan,1775595208.0,1775595208,82.6803,25.5755,11582.4,False,206.71,306.5,0.0,,12024.36,2352,True,0
75044b,MAS20   ,Malaysia,1775595148.0,1775595150,73.2123,27.0322,11582.4,False,206.44,298.1,0.0,,12031.98,,False,0
8966bc,ETD408  ,United Arab Emirates,1775595208.0,1775595208,84.7864,21.7472,10066.02,False,276.04,105.12,0.0,,10561.32,1766,False,0
75044e,MAS2    ,Malaysia,1775595208.0,1775595208,74.2766,26.5102,10972.8,False,210.62,298.44,0.0,,11391.9,,False,0
8966bd,ETD6RM  ,United Arab Emirates,1775595208.0,1775595209,77.3168,13.5626,5935.98,False,223.74,112.44,-11.05,,6195.06,,False,0
040219,ETH685  ,Ethiopia,1775595208.0,1775595209,92.3304,22.3256,10972.8,False,218.56,261.34,0.0,,11468.1,5062,False,0
8966c3,ETD800  ,United Arab Emirates,1775595208.0,1775595208,84.2582,22.95,10965.18,False,297.07,94.07,-2.6,,11490.96,1707,False,0
8966a8,ETD422  ,United Arab Emirates,1775595209.0,1775595209,86.2513,19.1414,10652.76,False,251.54,119.4,0.0,,11239.5,1733,False,0
15409a,VDA7875 ,Russian Federation,1775595209.0,1775595209,85.3023,23.6705,9136.38,False,171.22,259.26,0.0,,9494.52,0645,False,0
89916c,CAL067  ,Taiwan,1775595208.0,1775595208,86.1219,24.0089,11582.4,False,210.19,304.43,0.0,,12070.08,6271,False,0
4ba9f5,THY6107 ,Turkey,1775595208.0,1775595208,88.8846,24.3487,8016.24,False,213.21,290.18,3.58,,8298.18,4766,False,0
89912c,EVA062  ,Taiwan,1775595208.0,1775595209,84.1546,23.4966,11277.6,False,300.55,109.71,0.0,,11795.76,7104,False,0
06a30a,QTR8954 ,Qatar,1775595208.0,1775595208,83.7956,23.1041,10431.78,False,294.27,85.19,-2.93,,10896.6,2105,False,0
06a2e8,QTR977  ,Qatar,1775595208.0,1775595208,92.8516,22.1907,10355.58,False,218.74,274.32,-0.33,,10835.64,7065,False,0
48ae00,LOT6520 ,Poland,1775595209.0,1775595209,88.5293,22.6206,10965.18,False,219.36,305.07,-0.33,,11483.34,6121,False,0
76cef6,SIA306  ,Singapore,1775595208.0,1775595208,86.4253,19.4193,9144.0,False,236.9,325.17,0.0,,9608.82,0113,False,0
76ceec,SIA26   ,Singapore,1775595208.0,1775595208,78.3454,25.4815,9753.6,False,203.44,295.14,0.0,,10111.74,,False,0
750552,MAS197  ,Malaysia,1775594983.0,1775595056,92.7951,21.218,10027.92,False,242.08,137.15,7.15,,10454.64,4707,False,0
405bfd,BAW142  ,United Kingdom,1775595209.0,1775595209,75.6093,29.0766,9608.82,False,207.75,310.08,4.55,,9791.7,,False,0
750541,MAS119  ,Malaysia,1775595209.0,1775595209,87.3971,18.7735,10058.4,False,257.63,139.54,0.0,,10584.18,6372,False,0
717cfc,KNE321  ,Saudi Arabia,1775595208.0,1775595208,72.0823,18.971,4602.48,False,231.88,97.39,-8.78,,4792.98,,False,0
4ba955,THY71   ,Turkey,1775595208.0,1775595208,75.3999,30.1107,9753.6,False,224.22,292.39,0.0,,9906.0,5165,False,0
4ba94c,THY73   ,Turkey,1775595208.0,1775595208,76.3905,30.5249,9144.0,False,241.21,298.26,0.0,,9281.16,3102,False,0
717cea,KNE329  ,Saudi Arabia,1775595208.0,1775595208,74.9459,28.1699,7620.0,False,215.11,60.8,-0.33,,7764.78,,False,0
4cade1,KZR964  ,Ireland,1775595208.0,1775595208,76.6925,28.6266,6606.54,False,213.04,291.24,12.68,,6713.22,,False,0
4408ff,BCS538  ,Austria,1775595208.0,1775595208,72.8159,19.3105,11871.96,False,261.61,73.67,0.0,,12481.56,,False,0
3c7a48,CFG2368 ,Germany,1775595020.0,1775595026,79.8453,25.8625,11887.2,False,285.65,142.24,-0.33,,12336.78,,False,0
4cae84,SEJ164  ,Ireland,1775595209.0,1775595209,76.5284,28.6692,2743.2,False,109.27,78.32,0.0,,2720.34,,False,0
880c47,AIQ171  ,Thailand,1775595207.0,1775595207,99.1954,14.1477,7871.46,False,218.36,82.69,-11.38,,8366.76,,False,0
486073,KLM880  ,Kingdom of the Netherlands,1775595208.0,1775595208,73.7258,18.9655,9745.98,False,253.35,337.81,0.33,,10287.0,,False,0
800b54,LLR755  ,India,1775595208.0,1775595209,88.4201,23.0745,3573.78,False,91.82,7.4,3.58,,3703.32,1377,False,0
47c98d,IGO36F  ,Norway,1775595208.0,1775595208,70.076,18.404,11269.98,False,258.81,88.97,0.0,,11932.92,,False,0
800b81,SEJ106  ,India,1775595208.0,1775595208,75.6649,27.4573,8526.78,False,230.99,44.91,-2.93,,8778.24,,False,0
4cad1f,KZR173  ,Ireland,1775595209.0,1775595209,82.103,26.4488,10058.4,False,288.24,122.98,-0.33,,10363.2,,False,0
4d21c8,SEJ648  ,Malta,1775595208.0,1775595208,77.6475,14.6022,11277.6,False,235.83,120.99,-0.33,,11902.44,,False,0
06a07a,QTR875  ,Qatar,1775595208.0,1775595209,91.3391,22.3141,9753.6,False,224.68,277.5,0.0,,10172.7,3111,False,0
39cf06,AFR196  ,France,1775595208.0,1775595209,88.7701,22.4641,11887.2,False,282.93,125.45,0.0,,12435.84,0421,False,0
800c07,AIC2378 ,India,1775595208.0,1775595208,81.6262,26.0061,10675.62,False,287.82,127.81,0.33,,11041.38,,False,0
70e049,KHV760  ,Cambodia,1775595208.0,1775595209,76.5888,28.9067,2133.6,False,111.42,284.16,0.0,,2095.5,1625,False,0
80142b,IGO561K ,India,1775595208.0,1775595208,76.3593,28.671,2133.6,False,108.56,78.8,0.0,,2095.5,,False,0
801454,IGO663P ,India,1775595208.0,1775595208,77.8444,13.2058,1546.86,False,84.37,270.35,-4.23,,1524.0,,False,0
86e84c,JAL30   ,Japan,1775595207.0,1775595208,83.1093,26.2465,10668.0,False,310.08,108.07,-0.65,,11018.52,,False,0
710102,SVA983  ,Saudi Arabia,1775595208.0,1775595208,88.6997,22.6346,9753.6,False,220.08,280.23,0.0,,10157.46,5136,False,0
801460,IGO1170 ,India,1775595208.0,1775595208,76.2617,28.6238,2438.4,False,110.8,283.97,0.0,,2407.92,,False,0
80012d,VTDHA   ,India,1775595208.0,1775595208,89.1794,26.4643,12192.0,False,217.98,283.51,-0.33,,12603.48,2610,False,0
86d59c,JAL749  ,Japan,1775595193.0,1775595208,81.7618,26.9228,12184.38,False,196.44,292.8,0.0,,12588.24,5667,False,0
800bc8,SEJ941  ,India,1775595067.0,1775595136,87.1588,22.3872,9860.28,False,197.83,261.17,5.53,,10005.06,1421,False,0
01015c,MSR968  ,Egypt,1775595207.0,1775595207,72.7782,18.9127,2720.34,False,153.96,87.51,-4.23,,2811.78,,False,0
800ba9,BDA304  ,India,1775595205.0,1775595207,77.278,24.7868,10972.8,False,211.27,354.83,0.0,,11445.24,,False,0
4b191c,SWR177  ,Switzerland,1775595209.0,1775595209,74.9095,31.2256,10363.2,False,233.57,291.99,0.0,,10523.22,0130,False,0
06a127,QTR5M   ,Qatar,1775595208.0,1775595208,76.5176,9.9606,10668.0,False,255.04,133.94,0.0,,11247.12,,False,0
80155f,AIC2361 ,India,1775595208.0,1775595208,81.7488,26.3295,9761.22,False,180.58,299.34,0.0,,10050.78,2763,False,0
7100c1,SVA803  ,Saudi Arabia,1775595209.0,1775595209,89.7343,23.4062,6096.0,False,198.18,250.44,0.0,,6294.12,4754,False,0
885105,THA954  ,Thailand,1775595207.0,1775595208,80.0789,27.4927,10972.8,False,214.07,317.34,0.0,,11323.32,0712,False,0
88511a,THA900  ,Thailand,1775595208.0,1775595209,76.4337,28.6449,11582.4,False,207.53,307.04,0.0,,11940.54,0703,False,0
88510e,THA960  ,Thailand,1775595131.0,1775595135,80.2809,26.1751,10363.2,False,205.53,315.3,0.0,,10774.68,0714,False,0
8013b2,AIC5RP  ,India,1775595208.0,1775595208,76.577,28.592,3352.8,False,118.77,35.48,0.0,,3352.8,,False,0
800cc9,AXB2762 ,India,1775595207.0,1775595207,75.1152,26.2985,10660.38,False,238.93,23.47,0.0,,11148.06,,False,0
88516b,THA951  ,Thailand,1775595064.0,1775595064,91.5452,19.2446,11277.6,False,267.56,127.97,0.0,,11879.58,1767,False,0
88516d,THA921  ,Thailand,1775595208.0,1775595209,90.4014,20.073,11887.2,False,276.57,127.06,0.0,,12489.18,6203,False,0
8013f6,IGO254  ,India,1775595181.0,1775595181,75.0897,20.714,10058.4,False,246.18,30.1,0.0,,10607.04,,False,0
800cfe,AIC2336 ,India,1775595208.0,1775595208,88.8648,21.2793,10675.62,False,258.48,137.26,-0.33,,11193.78,0551,False,0
8013ed,AIC2383 ,India,1775595208.0,1775595208,77.6937,27.0971,5715.0,False,170.6,320.26,-2.28,,5821.68,,False,0
885176,THA970  ,Thailand,1775595207.0,1775595208,84.6013,24.246,9745.98,False,211.86,308.79,0.0,,10119.36,0736,False,0
801640,AIC5NY  ,India,1775595730.0,1775595730,77.2249,27.9245,4061.46,False,142.67,15.69,-5.85,,4084.32,,False,0
80162f,AIC5DS  ,India,1775595730.0,1775595730,75.5796,28.6009,3657.6,False,163.49,24.15,0.0,,3665.22,,False,0
801625,AIC2387 ,India,1775595730.0,1775595730,76.5261,28.7121,2087.88,False,104.83,136.99,-2.28,,2042.16,,False,0
80167b,AIC6DJ  ,India,1775595428.0,1775595430,74.1958,16.9853,10660.38,False,245.07,139.09,0.0,,11269.98,,False,0
47b217,IGO0034 ,Norway,1775595729.0,1775595729,68.9298,18.5199,11887.2,False,256.65,58.86,0.0,,12557.76,,False,0
80165c,AXB164  ,India,1775595729.0,1775595729,76.4917,28.201,2910.84,False,132.41,45.0,-1.95,,2895.6,,False,0
801674,AIC4KB  ,India,1775595729.0,1775595729,76.6678,28.4319,2438.4,False,108.52,340.62,0.0,,2407.92,,False,0
80169f,VTAKV   ,India,1775595729.0,1775595729,88.0963,26.3384,10972.8,False,221.63,210.55,0.0,,11330.94,2603,False,0
885221,THA346  ,Thailand,1775595730.0,1775595730,88.4191,21.4656,12496.8,False,268.85,126.52,-0.33,,13091.16,4506,False,0
885223,THA934  ,Thailand,1775595729.0,1775595729,78.7552,28.7062,10363.2,False,229.55,318.27,0.0,,10622.28,6135,False,0
8014fa,IGO606E ,India,1775595493.0,1775595493,80.9438,26.7613,388.62,False,63.8,269.08,-3.58,,365.76,,False,0
7c492b,QFA1    ,Australia,1775595729.0,1775595729,75.6256,29.2045,10972.8,False,209.24,302.24,-0.33,,11247.12,,False,0
80174b,IGO2369 ,India,1775595729.0,1775595729,76.3966,28.739,2385.06,False,109.29,138.05,-6.18,,2369.82,,False,0
801778,IGO6025 ,India,1775595715.0,1775595730,77.0513,25.9136,10363.2,False,219.47,3.09,0.0,,10767.06,,False,0
801738,IGO245C ,India,1775595729.0,1775595729,73.1666,19.9178,9121.14,False,228.96,346.09,4.88,,9517.38,,False,0
801785,AKJ1135 ,India,1775595729.0,1775595730,87.3634,22.9608,5326.38,False,201.56,93.66,-8.78,,5494.02,1407,False,0
800462,AIC174D ,India,1775595730.0,1775595730,90.5711,24.0352,11582.4,False,202.9,283.19,0.0,,12054.84,5040,False,0
801798,IGO5323 ,India,1775595724.0,1775595725,77.8414,13.2058,1531.62,False,79.74,270.37,-3.25,,1508.76,,False,0
801792,IGO1049 ,India,1775595717.0,1775595721,85.3185,19.6997,10668.0,False,258.57,81.42,0.0,,11239.5,0357,False,0
8016a7,AIC4FB  ,India,1775595730.0,1775595730,77.136,28.895,3657.6,False,121.69,353.45,0.0,,3657.6,2641,False,0
8015c1,AIC2241 ,India,1775595723.0,1775595728,72.7151,19.0305,1615.44,False,145.04,173.28,12.35,,1615.44,,False,0
8015fc,IGO746  ,India,1775595701.0,1775595712,75.8531,19.581,11582.4,False,209.82,243.18,0.0,,12222.48,,False,0
885301,THA314  ,Thailand,1775595729.0,1775595729,90.6319,21.1605,10629.9,False,271.7,119.87,4.88,,11193.78,0423,False,0
3c4ada,DLH781  ,Germany,1775595729.0,1775595729,76.2388,28.775,10363.2,False,217.0,307.2,0.0,,10584.18,,False,0
885313,THA340  ,Thailand,1775595730.0,1775595730,90.7658,23.4178,4518.66,False,199.73,138.55,12.03,,4686.3,4724,False,0
801878,IGO6366 ,India,1775595730.0,1775595730,85.4054,21.6575,11582.4,False,195.3,266.68,0.0,,12169.14,1425,False,0
44007c,AUA8    ,Austria,1775595728.0,1775595728,75.1756,31.1941,10363.2,False,239.13,286.37,-0.33,,10538.46,6131,False,0
800584,AIC128  ,India,1775595729.0,1775595729,72.28,18.9398,5448.3,False,224.98,95.91,-9.75,,5684.52,,False,0
8960ec,UAE363  ,United Arab Emirates,1775595717.0,1775595717,83.9216,23.2376,11582.4,False,215.04,269.86,0.0,,12131.04,3177,False,0
8960e0,UAE329  ,United Arab Emirates,1775595730.0,1775595730,85.5868,22.861,9753.6,False,217.37,274.89,0.0,,10195.56,3153,False,0
8016e0,IGO1853 ,India,1775595730.0,1775595730,71.5484,18.5674,8663.94,False,207.55,230.43,6.5,,9113.52,,False,0
896112,UAE8M   ,United Arab Emirates,1775595729.0,1775595729,76.2415,10.1485,777.24,False,98.45,109.86,-3.25,,708.66,,False,0
8016cb,AXB2739 ,India,1775595705.0,1775595705,75.1998,14.4286,11277.6,False,235.49,159.94,0.0,,11910.06,,False,0
801806,IGO1082 ,India,1775595729.0,1775595729,78.1996,26.3088,10972.8,False,194.81,328.83,-0.33,,11391.9,,False,0
89618a,UAE7Q   ,United Arab Emirates,1775595726.0,1775595726,80.0745,13.1292,11582.4,False,260.04,297.83,0.0,,12214.86,,False,0
80182f,IGO704  ,India,1775595730.0,1775595730,77.1494,28.3251,2903.22,False,156.85,197.37,4.23,,2887.98,,False,0
896187,UAE303  ,United Arab Emirates,1775595729.0,1775595730,89.0039,22.5871,11582.4,False,216.51,276.69,0.0,,12115.8,0136,False,0
aa3086,NCR8819 ,United States,1775595729.0,1775595729,78.4813,12.5912,9753.6,False,262.65,294.66,0.0,,10294.62,,False,0
300a9d,ITY758  ,Italy,1775595729.0,1775595730,80.195,27.2901,11277.6,False,298.26,130.17,0.0,,11643.36,,False,0
7020be,UBG382  ,Bangladesh,1775595730.0,1775595730,89.7218,23.6521,3345.18,False,166.61,45.25,-11.38,,3421.38,4272,False,0
7105ae,,Saudi Arabia,1775595714.0,1775595714,81.2719,11.3464,11574.78,False,255.11,294.29,-0.33,,12222.48,,False,0
896216,UAE6Q   ,United Arab Emirates,1775595729.0,1775595729,77.0245,8.4796,1630.68,False,124.67,138.68,-4.23,,1623.06,,False,0
8962e5,ETD402  ,United Arab Emirates,1775595729.0,1775595729,87.1518,22.7541,10668.0,False,295.58,104.21,0.0,,11148.06,1765,False,0
70c148,OMS466  ,Oman,1775595648.0,1775595648,97.9695,14.6095,9144.0,False,13.36,164.36,0.0,,9677.4,,False,0
77170d,EXV912  ,Sri Lanka,1775595729.0,1775595730,86.065,20.3246,10370.82,False,223.69,219.4,0.33,,10904.22,4721,False,0
8005f4,AIC301  ,India,1775595704.0,1775595706,84.4544,21.3107,12184.38,False,221.45,309.53,-0.33,,12778.74,1551,False,0
780a96,CPA698  ,China,1775595682.0,1775595720,93.0798,23.5235,10668.0,False,297.12,101.49,0.0,,11102.34,0560,False,0
4bb0f3,THY165  ,Turkey,1775595160.0,1775595723,75.4822,30.9301,10972.8,False,231.74,297.93,0.0,,11163.3,7034,False,0
4bb0ef,THY208  ,Turkey,1775595729.0,1775595729,88.2584,22.7855,11887.2,False,288.96,121.68,0.33,,12405.36,5102,False,0
4bb0ec,THY45M  ,Turkey,1775595729.0,1775595730,84.3825,23.5717,12131.04,False,285.81,139.75,2.28,,12664.44,0427,False,0
896306,UAE395  ,United Arab Emirates,1775595730.0,1775595730,86.975,23.0778,10363.2,False,219.13,293.38,0.0,,10812.78,7050,False,0
80073c,AIC351  ,India,1775595730.0,1775595730,76.9554,29.0006,3345.18,False,133.23,352.9,-2.28,,3345.18,5017,False,0
800756,IGO1015 ,India,1775595718.0,1775595720,90.1808,19.6095,11277.6,False,249.93,143.79,0.33,,11879.58,0456,False,0
800728,BDA201  ,India,1775595729.0,1775595730,77.4645,28.1901,6134.1,False,181.93,219.72,13.98,,6210.3,,False,0
800733,AIC148  ,India,1775595729.0,1775595729,75.9299,27.9053,5829.3,False,188.14,54.57,-8.45,,5913.12,,False,0
800742,AIC308  ,India,1775595729.0,1775595729,78.8758,26.2449,9814.56,False,295.64,146.64,3.58,,10126.98,,False,0
4bb186,THY55   ,Turkey,1775595725.0,1775595725,81.3374,25.0279,10972.8,False,214.28,314.12,-0.33,,11407.14,0167,False,0
4bb154,THY6333 ,Turkey,1775595730.0,1775595730,89.783,22.4999,11277.6,False,292.82,96.96,0.0,,11803.38,0622,False,0
896518,FDB441  ,United Arab Emirates,1775595730.0,1775595730,76.5236,28.8262,2438.4,False,122.96,269.52,0.0,,2407.92,,False,0
89650a,ETD9676 ,United Arab Emirates,1775595723.0,1775595727,83.482,23.049,11887.2,False,290.71,79.7,0.0,,12435.84,1756,False,0
48436d,KLM878  ,Kingdom of the Netherlands,1775595440.0,1775595507,72.7759,19.4752,3726.18,False,198.51,7.0,7.48,,3855.72,,False,0
48436c,KLM810  ,Kingdom of the Netherlands,1775595730.0,1775595730,77.5926,27.8581,9753.6,False,213.01,307.84,-0.33,,9989.82,,False,0
77058d,ALK557  ,Sri Lanka,1775595728.0,1775595728,72.898,19.6408,10363.2,False,246.63,2.39,0.0,,10934.7,,False,0
770592,ALK563  ,Sri Lanka,1775595729.0,1775595729,72.9856,18.6046,10363.2,False,240.16,347.63,0.0,,10942.32,,False,0
896474,UAE381  ,United Arab Emirates,1775595309.0,1775595460,82.2028,23.2591,11582.4,False,216.67,268.37,0.0,,12123.42,5132,False,0
770588,ALK254  ,Sri Lanka,1775595585.0,1775595586,78.8018,8.119,6934.2,False,224.89,129.15,-8.45,,7299.96,,False,0
4bb101,THY39V  ,Turkey,1775595729.0,1775595729,75.3234,32.2047,11582.4,False,5.09,315.0,0.0,,10629.9,,False,0
888167,HVN11   ,Viet Nam,1775595728.0,1775595728,74.3433,30.0128,10972.8,False,210.63,306.06,0.0,,11353.8,,False,0
8964e8,ABY496  ,United Arab Emirates,1775595729.0,1775595729,70.0174,18.0571,10668.0,False,244.81,115.92,0.0,,11285.22,,False,0
89664b,ABY467  ,United Arab Emirates,1775595728.0,1775595730,74.5745,18.2968,10668.0,False,241.02,114.6,-0.33,,11262.36,,False,0
885973,TVJ761  ,Thailand,1775595730.0,1775595730,74.5741,19.96,8161.02,False,263.24,69.4,3.25,,8572.5,,False,0
780ac8,CPA694  ,China,1775595730.0,1775595730,78.2575,28.1677,7185.66,False,208.22,120.43,7.15,,7307.58,,False,0
406590,BAW12   ,United Kingdom,1775595730.0,1775595730,75.8649,29.023,9753.6,False,228.93,306.87,0.0,,9951.72,,False,0
896587,ABY518  ,United Arab Emirates,1775595729.0,1775595729,76.9941,26.2532,10058.4,False,291.79,80.87,0.33,,10408.92,,False,0
89653d,ETD473  ,United Arab Emirates,1775595712.0,1775595712,80.4269,12.7536,11574.78,False,259.2,311.22,0.33,,12214.86,,False,0
888124,HVN19   ,Viet Nam,1775595729.0,1775595729,78.4222,28.1421,10972.8,False,198.8,291.72,0.0,,11269.98,7022,False,0
75021d,,Malaysia,1775595676.0,1775595686,98.2697,13.9813,10668.0,False,240.43,152.89,0.33,,11323.32,,False,0
507cb3,MFX5535 ,Uzbekistan,1775595730.0,1775595730,87.108,22.5418,10050.78,False,269.41,129.34,0.0,,10507.98,2055,False,0
76cd42,SIA366  ,Singapore,1775595730.0,1775595730,86.9773,19.1216,10972.8,False,239.74,315.61,0.0,,11544.3,0117,False,0
8881c5,VJC972  ,Viet Nam,1775595729.0,1775595730,90.7886,22.3818,11887.2,False,278.59,97.43,0.0,,12451.08,0507,False,0
78149e,CSN6043 ,China,1775595730.0,1775595730,85.2176,21.5652,10355.58,False,221.5,260.78,0.0,,10866.12,4563,False,0
89667a,UAE311  ,United Arab Emirates,1775595729.0,1775595730,89.2718,22.5998,10972.8,False,214.04,269.04,0.0,,11452.86,3643,False,0
89667b,UAE393  ,United Arab Emirates,1775595730.0,1775595730,74.4561,20.0357,11582.4,False,229.43,280.86,0.0,,12169.14,,False,0
89668b,ABY471  ,United Arab Emirates,1775595672.0,1775595672,69.2646,18.4221,10058.4,False,246.1,118.6,0.0,,10622.28,,False,0
8880df,HVN37   ,Viet Nam,1775595603.0,1775595604,73.6519,30.41,10972.8,False,210.39,305.24,0.33,,11209.02,7002,False,0
8880e2,HVN31   ,Viet Nam,1775595730.0,1775595730,77.4817,27.9342,10965.18,False,204.98,307.76,-0.33,,11292.84,,False,0
76cd47,SIA324  ,Singapore,1775595729.0,1775595729,75.6761,25.9476,10980.42,False,211.02,297.75,-0.33,,11407.14,,False,0
8832b6,TLM215  ,Thailand,1775595729.0,1775595729,88.8274,22.4262,11277.6,False,272.22,125.46,0.0,,11856.72,0575,False,0
8832b0,TLM211  ,Thailand,1775595729.0,1775595729,78.3037,11.7726,10668.0,False,232.43,52.83,0.0,,11330.94,,False,0
8832a8,TLM219  ,Thailand,1775595533.0,1775595631,75.5335,20.0423,10668.0,False,259.35,74.59,0.33,,11300.46,,False,0
76cd70,SIA322  ,Singapore,1775595729.0,1775595730,75.439,26.8672,10972.8,False,206.82,300.33,0.0,,11407.14,,False,0
899097,EVA061  ,Taiwan,1775595533.0,1775595534,98.2035,15.0994,10020.3,False,243.44,299.22,1.95,,10637.52,,False,0
899040,EVA087  ,Taiwan,1775595730.0,1775595730,84.373,25.801,9144.0,False,222.56,287.76,0.0,,9425.94,2650,False,0
899022,CAL075  ,Taiwan,1775595730.0,1775595730,89.5168,22.5116,10363.2,False,216.61,278.88,0.0,,10820.4,2602,False,0
899039,EVA095  ,Taiwan,1775595729.0,1775595730,83.1745,26.3723,9753.6,False,216.57,293.52,-0.33,,10043.16,6274,False,0
507c71,QNT2239 ,Uzbekistan,1775595729.0,1775595729,80.9651,26.8504,10058.4,False,288.87,119.44,0.0,,10347.96,,False,0
76cda4,SIA352  ,Singapore,1775595722.0,1775595722,76.6014,24.9418,11582.4,False,207.84,281.42,0.0,,12070.08,,False,0
76cda9,SIA312  ,Singapore,1775595730.0,1775595730,76.9535,26.2027,11582.4,False,204.86,300.82,0.0,,12016.74,,False,0
76cdb7,SIA328  ,Singapore,1775595729.0,1775595730,78.3179,25.599,11582.4,False,203.48,298.38,0.0,,12039.6,,False,0
76cdad,SIA378  ,Singapore,1775595729.0,1775595729,74.1376,27.2926,11582.4,False,209.73,305.72,0.0,,12001.5,,False,0
76cdaa,SIA313  ,Singapore,1775595730.0,1775595730,86.8346,18.8635,12496.8,False,269.46,131.05,-0.65,,13106.4,4617,False,0
8881f2,VJC1926 ,Viet Nam,1775595729.0,1775595729,87.9661,22.9133,10668.0,False,275.29,109.32,0.0,,11163.3,0377,False,0
8881f0,VJC1804 ,Viet Nam,1775595726.0,1775595727,99.1761,13.8636,11292.84,False,244.59,105.12,0.0,,11978.64,,False,0
899013,CAL073  ,Taiwan,1775595729.0,1775595729,81.8281,26.1458,11582.4,False,201.67,306.29,0.0,,11993.88,2352,True,0
8966bc,ETD408  ,United Arab Emirates,1775595729.0,1775595729,86.1362,21.4346,10058.4,False,277.66,99.71,0.0,,10530.84,1766,False,0
75044e,MAS2    ,Malaysia,1775595655.0,1775595655,73.4465,26.9189,10972.8,False,209.27,298.64,0.0,,11384.28,,False,0
8966bd,ETD6RM  ,United Arab Emirates,1775595728.0,1775595728,77.9613,13.2309,1996.44,False,110.1,179.2,-4.88,,2072.64,,False,0
040219,ETH685  ,Ethiopia,1775595729.0,1775595730,91.2446,22.3259,10972.8,False,218.05,277.73,0.0,,11460.48,5062,False,0
8966c3,ETD800  ,United Arab Emirates,1775595730.0,1775595730,85.7674,23.0359,11269.98,False,300.3,94.42,-0.33,,11795.76,1707,False,0
8966a8,ETD422  ,United Arab Emirates,1775595730.0,1775595730,87.3395,18.5553,10675.62,False,255.75,119.66,0.0,,11269.98,1733,False,0
15409a,VDA7875 ,Russian Federation,1775595729.0,1775595730,84.4332,23.5138,9144.0,False,175.96,258.36,-0.33,,9517.38,0645,False,0
89916c,CAL067  ,Taiwan,1775595730.0,1775595730,85.238,24.5603,11582.4,False,205.61,304.09,0.0,,12047.22,6271,False,0
4ba9f5,THY6107 ,Turkey,1775595729.0,1775595729,87.8634,24.7529,10073.64,False,201.94,294.21,3.58,,10439.4,4766,False,0
89912c,EVA062  ,Taiwan,1775595729.0,1775595730,85.5347,23.1038,11879.58,False,292.02,108.91,-0.33,,12435.84,7104,False,0
8990a4,CAL5522 ,Taiwan,1775595712.0,1775595712,98.3547,15.8803,11277.6,False,256.58,121.55,0.0,,11940.54,,False,0
06a30a,QTR8954 ,Qatar,1775595729.0,1775595729,85.2695,23.0573,10401.3,False,295.72,94.59,5.85,,10843.26,2105,False,0
04008b,,Ethiopia,1775595595.0,1775595595,82.4733,23.054,12496.8,False,282.21,92.61,0.0,,13045.44,,False,0
06a2e8,QTR977  ,Qatar,1775595729.0,1775595729,91.7508,22.2669,10363.2,False,218.93,277.43,-0.33,,10835.64,7065,False,0
48ae00,LOT6520 ,Poland,1775595730.0,1775595730,87.5954,23.163,10965.18,False,217.04,301.43,0.0,,11468.1,6121,False,0
76cef6,SIA306  ,Singapore,1775595729.0,1775595729,85.8101,20.3429,9144.0,False,226.25,307.05,0.0,,9585.96,0113,False,0
76ceec,SIA26   ,Singapore,1775595729.0,1775595729,77.4141,25.9189,9753.6,False,203.79,302.53,0.0,,10104.12,,False,0
750552,MAS197  ,Malaysia,1775595658.0,1775595662,93.8922,20.0998,10668.0,False,255.6,137.45,0.0,,11231.88,,False,0
405bfd,BAW142  ,United Kingdom,1775595703.0,1775595720,74.7759,29.6749,10363.2,False,214.84,308.68,0.0,,10576.56,,False,0
750541,MAS119  ,Malaysia,1775595529.0,1775595529,87.9092,18.213,10058.4,False,258.02,139.61,0.0,,10591.8,6372,False,0
717cfc,KNE321  ,Saudi Arabia,1775595729.0,1775595729,72.9304,18.9325,1882.14,False,137.13,62.76,-5.53,,1897.38,,False,0
4ba955,THY71   ,Turkey,1775595728.0,1775595729,74.281,30.5416,9753.6,False,227.85,293.56,0.0,,9890.76,5165,False,0
4ba94c,THY73   ,Turkey,1775595730.0,1775595730,75.2265,31.0537,9144.0,False,240.44,297.39,0.0,,9258.3,3102,False,0
717cea,KNE329  ,Saudi Arabia,1775595729.0,1775595730,75.8039,28.6386,4572.0,False,161.82,59.85,0.33,,4594.86,,False,0
4cade1,KZR964  ,Ireland,1775595729.0,1775595729,76.1786,29.5242,9753.6,False,215.33,325.51,-0.33,,9959.34,,False,0
4408ff,BCS538  ,Austria,1775595730.0,1775595730,74.0732,19.6536,11871.96,False,267.39,74.15,0.0,,12466.32,,False,0
4cae84,SEJ164  ,Ireland,1775595728.0,1775595729,77.0433,28.5768,510.54,False,80.86,104.74,-3.58,,411.48,,False,0
49d26c,SEJ193  ,Czech Republic,1775595730.0,1775595730,77.6413,28.4166,4274.82,False,175.41,120.1,0.98,,4297.68,,False,0
486073,KLM880  ,Kingdom of the Netherlands,1775595729.0,1775595729,73.3721,20.1205,9745.98,False,256.53,346.08,-0.33,,10279.38,,False,0
800b54,LLR755  ,India,1775595730.0,1775595730,88.4904,23.5607,4572.0,False,128.71,7.58,0.33,,4739.64,1377,False,0
47c98d,IGO36F  ,Norway,1775595729.0,1775595729,71.2967,18.6203,9113.52,False,251.83,77.01,-4.55,,9624.06,,False,0
800b81,SEJ106  ,India,1775595729.0,1775595729,76.2689,28.1372,4907.28,False,160.83,34.71,-10.4,,4983.48,,False,0
4cad1f,KZR173  ,Ireland,1775595728.0,1775595728,83.344,25.7158,10058.4,False,283.65,123.46,0.0,,10401.3,,False,0
4d21c8,SEJ648  ,Malta,1775595730.0,1775595730,78.6223,14.0278,10881.36,False,233.54,121.03,-4.88,,11498.58,,False,0
06a07a,QTR875  ,Qatar,1775595730.0,1775595730,90.2002,22.4518,9753.6,False,228.12,277.13,0.0,,10165.08,3111,False,0
39cf06,AFR196  ,France,1775595729.0,1775595730,89.9512,21.7209,11887.2,False,284.79,123.8,0.0,,12451.08,0421,False,0
39cf11,,France,1775595729.0,1775595729,74.3745,17.6489,10363.2,False,248.46,314.58,0.0,,10919.46,,False,0
800c07,AIC2378 ,India,1775595730.0,1775595730,82.7763,25.1897,10675.62,False,280.56,128.3,0.0,,11079.48,,False,0
800c88,,India,1775595728.0,1775595728,77.6608,13.2246,1554.48,False,102.09,299.92,9.1,,1524.0,,False,0
70afb9,RNA415  ,Nepal,1775595722.0,1775595723,99.8458,10.0219,10668.0,False,236.49,168.84,0.0,,11338.56,,False,0
70e049,KHV760  ,Cambodia,1775595729.0,1775595730,76.769,28.6396,1303.02,False,99.32,104.4,-2.6,,1242.06,1625,False,0
04c11a,KQA887  ,Kenya,1775595730.0,1775595730,79.4243,13.0559,11582.4,False,253.7,275.35,0.0,,12222.48,,False,0
80142a,IGO2343 ,India,1775595730.0,1775595730,77.2796,28.5661,2186.94,False,142.55,91.45,13.98,,2133.6,,False,0
80142b,IGO561K ,India,1775595727.0,1775595727,76.8956,28.6107,1280.16,False,97.33,104.7,-5.2,,1211.58,,False,0
86e84c,JAL30   ,Japan,1775595619.0,1775595688,84.3116,25.8837,10660.38,False,306.5,108.8,0.0,,11026.14,,False,0
710102,SVA983  ,Saudi Arabia,1775595729.0,1775595729,87.6016,22.7312,9753.6,False,217.06,273.81,0.33,,10157.46,5136,False,0
801460,IGO1170 ,India,1775595729.0,1775595729,76.6191,28.6738,1668.78,False,100.82,104.18,-2.93,,1623.06,,False,0
80012d,VTDHA   ,India,1775595729.0,1775595729,88.1917,26.4835,12199.62,False,234.15,210.79,-0.33,,12611.1,2610,False,0
86d59c,JAL749  ,Japan,1775595729.0,1775595729,80.7868,27.2852,12192.0,False,194.7,292.36,-0.33,,12588.24,5667,False,0
01015c,MSR968  ,Egypt,1775595729.0,1775595729,72.986,19.0903,624.84,False,79.75,269.26,-3.9,,579.12,,False,0
800ba9,BDA304  ,India,1775595729.0,1775595729,77.23,25.8119,10972.8,False,219.33,357.71,0.0,,11399.52,,False,0
4b191c,SWR177  ,Switzerland,1775595542.0,1775595542,74.1388,31.4262,10363.2,False,229.45,282.17,0.0,,10515.6,0130,False,0
06a127,QTR5M   ,Qatar,1775595729.0,1775595729,77.3863,9.1254,10668.0,False,255.39,134.18,0.0,,11247.12,,False,0
8850b6,THA342  ,Thailand,1775595714.0,1775595715,83.8376,21.033,11887.2,False,272.58,112.64,0.0,,12496.8,7205,False,0
80154e,FQA378  ,India,1775595729.0,1775595730,77.5784,13.4181,3459.48,False,180.92,3.59,14.63,,3543.3,,False,0
80155f,AIC2361 ,India,1775595728.0,1775595729,80.9374,26.7376,9761.22,False,178.93,299.07,0.0,,10043.16,2763,False,0
7100c1,SVA803  ,Saudi Arabia,1775595730.0,1775595730,88.8615,22.9057,8282.94,False,216.86,239.18,4.88,,8602.98,4754,False,0
885105,THA954  ,Thailand,1775595729.0,1775595729,79.3134,28.2284,10972.8,False,214.04,317.14,0.0,,11323.32,0712,False,0
88511a,THA900  ,Thailand,1775595730.0,1775595730,75.5487,29.2315,11582.4,False,208.76,306.79,0.33,,11910.06,0703,False,0
88510e,THA960  ,Thailand,1775595729.0,1775595729,79.3118,26.8547,10363.2,False,208.56,306.47,0.0,,10744.2,0714,False,0
8013b2,AIC5RP  ,India,1775595728.0,1775595729,76.5312,28.8621,3048.0,False,108.56,269.19,0.0,,3040.38,,False,0
800cc9,AXB2762 ,India,1775595729.0,1775595730,75.6033,27.1875,7071.36,False,199.66,39.14,-6.18,,7292.34,,False,0
88516b,THA951  ,Thailand,1775595417.0,1775595417,92.2809,18.7574,11277.6,False,271.02,122.36,0.0,,11887.2,1767,False,0
88516d,THA921  ,Thailand,1775595676.0,1775595677,91.3694,19.377,11887.2,False,266.8,127.4,0.0,,12504.42,6203,False,0
800cfe,AIC2336 ,India,1775595729.0,1775595730,89.8232,20.4829,10660.38,False,257.94,126.89,0.33,,11201.4,0551,False,0
8013ed,AIC2383 ,India,1775595730.0,1775595730,77.2947,27.7093,4396.74,False,165.56,355.9,-4.88,,4434.84,,False,0
885156,THA318  ,Thailand,1775595646.0,1775595647,98.3798,15.0883,11887.2,False,255.56,112.49,0.0,,12580.62,,False,0
885176,THA970  ,Thailand,1775595729.0,1775595729,83.7352,24.8573,9745.98,False,212.67,307.04,0.0,,10104.12,0736,False,0
801640,AIC5NY  ,India,1775596490.0,1775596490,76.8243,28.5001,3345.18,False,126.28,283.19,-0.33,,3337.56,,False,0
880454,AIQ154  ,Thailand,1775596489.0,1775596490,99.8503,14.1099,5364.48,False,209.5,91.97,-8.13,,5715.0,,False,0
80162f,AIC5DS  ,India,1775596490.0,1775596490,76.6625,28.8208,3352.8,False,140.83,83.5,0.0,,3352.8,,False,0
880451,AIQ121  ,Thailand,1775596489.0,1775596490,99.1745,14.6142,8084.82,False,240.67,117.22,-14.31,,8648.7,,False,0
801625,AIC2387 ,India,1775596378.0,1775596403,77.0878,28.5666,281.94,False,68.0,104.46,0.0,,190.5,,False,0
47b217,IGO0034 ,Norway,1775596473.0,1775596474,70.4977,19.4117,11887.2,False,262.92,59.42,0.0,,12550.14,,False,0
80165c,AXB164  ,India,1775596490.0,1775596490,76.3115,28.5929,2156.46,False,103.01,78.19,-4.23,,2125.98,,False,0
801674,AIC4KB  ,India,1775596489.0,1775596489,76.5922,28.679,2065.02,False,103.82,101.14,-3.58,,2019.3,,False,0
4b187a,SWR147  ,Switzerland,1775596490.0,1775596490,77.4557,28.8244,3985.26,False,153.46,321.67,7.48,,3992.88,,False,0
80169f,VTAKV   ,India,1775596490.0,1775596490,87.0881,25.2533,10972.8,False,194.9,239.37,0.0,,11376.66,2603,False,0
885226,THA935  ,Thailand,1775596168.0,1775596466,98.2237,16.5407,11879.58,False,12.61,258.23,-0.33,,10927.08,,False,0
885221,THA346  ,Thailand,1775596490.0,1775596490,90.0082,20.3524,12489.18,False,272.66,126.87,-0.33,,13098.78,4506,False,0
885223,THA934  ,Thailand,1775596490.0,1775596490,77.5235,29.8756,10363.2,False,232.16,305.8,-0.33,,10584.18,6135,False,0
8014db,AIC5WR  ,India,1775596490.0,1775596490,77.6898,28.4542,3954.78,False,159.41,96.3,14.96,,3947.16,,False,0
8014de,IGO336  ,India,1775596488.0,1775596490,74.3343,18.302,6804.66,False,216.29,111.19,10.08,,7124.7,,False,0
7c492b,QFA1    ,Australia,1775596489.0,1775596490,75.168,30.7015,10972.8,False,238.4,342.93,0.0,,11186.16,,False,0
80174b,IGO2369 ,India,1775596489.0,1775596489,77.0802,28.5683,320.04,False,71.12,104.24,-3.25,,213.36,,False,0
801778,IGO6025 ,India,1775596489.0,1775596490,77.1479,27.4134,5410.2,False,190.15,23.1,-5.85,,5486.4,,False,0
801785,AKJ1135 ,India,1775596490.0,1775596490,88.4546,22.8395,777.24,False,95.33,155.79,-3.58,,723.9,1407,False,0
801788,IGO1060 ,India,1775596489.0,1775596489,74.6575,19.5542,8321.04,False,206.91,253.68,-4.88,,8747.76,,False,0
800462,AIC174D ,India,1775596490.0,1775596490,89.0898,24.3436,11582.4,False,204.45,282.5,0.0,,12054.84,5040,False,0
801792,IGO1049 ,India,1775596490.0,1775596490,86.9178,18.8309,10660.38,False,248.83,121.82,0.0,,11239.5,0357,False,0
8016a7,AIC4FB  ,India,1775596489.0,1775596489,76.887,28.788,2743.2,False,120.38,270.0,0.0,,2720.34,2641,False,0
8015fc,IGO746  ,India,1775596486.0,1775596487,74.5819,18.8787,4556.76,False,170.3,238.09,-6.18,,4732.02,,False,0
885301,THA314  ,Thailand,1775596415.0,1775596428,92.1507,20.3154,10668.0,False,266.31,125.01,-0.33,,11285.22,0423,False,0
3c64f4,,Germany,1775596249.0,1775596249,78.4867,14.6003,7802.88,False,222.53,319.31,3.25,,8191.5,,False,0
3c4ada,DLH781  ,Germany,1775596490.0,1775596490,74.866,29.6723,10363.2,False,220.51,306.17,0.0,,10546.08,,False,0
885313,THA340  ,Thailand,1775596490.0,1775596490,91.8505,22.2321,9151.62,False,239.96,140.13,7.48,,9578.34,4724,False,0
801878,IGO6366 ,India,1775596487.0,1775596487,83.9528,21.5714,11582.4,False,202.65,266.07,0.0,,12184.38,1425,False,0
800584,AIC128  ,India,1775596482.0,1775596489,73.0405,19.0909,922.02,False,95.69,269.38,-4.88,,876.3,,False,0
8960ec,UAE363  ,United Arab Emirates,1775596471.0,1775596478,82.3376,23.228,11582.4,False,217.11,269.32,0.0,,12131.04,3177,False,0
8960e0,UAE329  ,United Arab Emirates,1775596488.0,1775596490,83.9844,22.9793,10363.2,False,218.44,273.1,0.0,,10843.26,3153,False,0
8016cb,AXB2739 ,India,1775596489.0,1775596490,75.7818,12.8626,11277.6,False,234.84,160.02,0.0,,11902.44,,False,0
801806,IGO1082 ,India,1775596489.0,1775596489,77.4941,27.4905,5638.8,False,210.88,340.33,-10.08,,5730.24,,False,0
151db1,AFL270  ,Russian Federation,1775596184.0,1775596487,75.3228,31.1548,10058.4,False,271.12,112.18,0.0,,10210.8,,False,0
89618a,UAE7Q   ,United Arab Emirates,1775596490.0,1775596490,78.4645,13.9543,11582.4,False,256.33,297.49,0.0,,12222.48,,False,0
80182f,IGO704  ,India,1775596490.0,1775596490,76.8112,27.1283,8564.88,False,232.2,177.71,6.83,,8801.1,,False,0
896187,UAE303  ,United Arab Emirates,1775596489.0,1775596489,87.4265,22.464,11582.4,False,217.61,273.93,0.0,,12123.42,0136,False,0
aa3086,NCR8819 ,United States,1775596489.0,1775596489,76.8541,13.3911,9753.6,False,263.1,298.37,0.0,,10287.0,,False,0
300a9d,ITY758  ,Italy,1775596489.0,1775596490,82.0085,26.0258,11277.6,False,299.41,126.48,0.0,,11689.08,,False,0
7020be,UBG382  ,Bangladesh,1775596489.0,1775596489,90.3938,23.8484,38.1,False,71.71,143.46,-0.98,,-30.48,4272,False,0
7105ae,SVA841  ,Saudi Arabia,1775596490.0,1775596490,79.6188,12.0759,11582.4,False,254.75,293.82,-0.33,,12222.48,,False,0
8962e5,ETD402  ,United Arab Emirates,1775596489.0,1775596490,89.1479,22.0141,10668.0,False,290.21,120.11,0.0,,11163.3,1765,False,0
77170d,EXV912  ,Sri Lanka,1775596368.0,1775596368,84.9852,19.6282,10363.2,False,220.43,242.48,0.0,,10911.84,4721,False,0
780a97,CPA660  ,China,1775596490.0,1775596490,73.7232,19.6115,6957.06,False,243.7,62.19,6.18,,7261.86,,False,0
4bb0ef,THY208  ,Turkey,1775596489.0,1775596490,89.9792,21.7039,11887.2,False,283.22,123.89,0.0,,12428.22,5102,False,0
4bb0ec,THY45M  ,Turkey,1775596490.0,1775596490,85.3833,22.0078,12496.8,False,257.42,162.8,0.0,,13075.92,0427,False,0
4bb0eb,THY58   ,Turkey,1775596439.0,1775596439,98.632,16.5587,12496.8,False,256.38,128.32,0.33,,13129.26,,False,0
896306,UAE395  ,United Arab Emirates,1775596490.0,1775596490,85.4027,23.2679,10363.2,False,218.27,275.95,0.0,,10812.78,7050,False,0
880842,AIQ138  ,Thailand,1775596488.0,1775596488,99.4817,14.1273,6911.34,False,212.61,92.08,-5.2,,7368.54,,False,0
80073c,AIC351  ,India,1775596490.0,1775596490,76.7413,28.7085,1226.82,False,96.9,131.99,-2.28,,1150.62,5017,False,0
800756,IGO1015 ,India,1775596490.0,1775596490,91.2645,18.2024,11277.6,False,251.37,143.74,0.0,,11902.44,0456,False,0
800728,BDA201  ,India,1775596489.0,1775596490,76.374,27.2758,10972.8,False,198.37,227.0,0.0,,11353.8,,False,0
780a49,CPA662  ,China,1775596490.0,1775596490,90.9881,23.1907,5882.64,False,198.66,140.04,8.78,,6057.9,4715,False,0
800733,AIC148  ,India,1775596490.0,1775596490,76.8802,28.5992,3954.78,False,141.33,4.17,-0.65,,3962.4,,False,0
70c0fc,OMA833  ,Oman,1775596472.0,1775596475,76.0243,15.1255,11277.6,False,244.83,117.53,0.0,,11910.06,,False,0
4bb186,THY55   ,Turkey,1775596485.0,1775596485,80.1851,26.02,10972.8,False,204.15,308.86,-0.33,,11361.42,,False,0
4bb154,THY6333 ,Turkey,1775596480.0,1775596480,91.8967,22.2514,11277.6,False,289.96,94.38,0.0,,11811.0,0622,False,0
896518,FDB441  ,United Arab Emirates,1775596490.0,1775596490,76.9914,28.5887,777.24,False,79.86,104.93,-3.25,,685.8,,False,0
89650a,ETD9676 ,United Arab Emirates,1775596490.0,1775596490,85.6599,23.0954,11887.2,False,294.19,94.61,0.0,,12420.6,1756,False,0
48436c,KLM810  ,Kingdom of the Netherlands,1775596490.0,1775596490,76.259,28.7615,9753.6,False,221.42,307.16,0.0,,9959.34,,False,0
770592,ALK563  ,Sri Lanka,1775596294.0,1775596294,72.9065,19.8391,10363.2,False,247.64,2.26,0.0,,10927.08,,False,0
3965a8,AFR217  ,France,1775596487.0,1775596487,72.7591,19.3157,2933.7,False,159.53,6.67,10.4,,2827.02,,False,0
89664b,ABY467  ,United Arab Emirates,1775596300.0,1775596300,75.7531,17.7826,10668.0,False,241.24,114.71,0.0,,11254.74,,False,0
885973,TVJ761  ,Thailand,1775596234.0,1775596234,75.7509,20.3539,10058.4,False,258.0,74.38,0.0,,10591.8,,False,0
780aab,CPA624  ,China,1775596490.0,1775596490,85.6105,20.9085,11887.2,False,279.29,50.68,0.0,,12473.94,0432,False,0
780ac8,CPA694  ,China,1775596490.0,1775596490,79.9007,27.1818,10035.54,False,303.57,125.9,3.25,,10309.86,,False,0
89660b,FDB570  ,United Arab Emirates,1775596489.0,1775596489,78.5421,9.0588,9677.4,False,239.17,325.25,3.58,,10203.18,,False,0
885963,TVJ763  ,Thailand,1775596488.0,1775596490,72.7946,19.0934,914.4,False,96.75,302.85,16.91,,861.06,,False,0
406590,BAW12   ,United Kingdom,1775596297.0,1775596487,74.7656,29.7364,9753.6,False,236.34,306.77,0.0,,9928.86,,False,0
896587,ABY518  ,United Arab Emirates,1775596490.0,1775596490,79.1945,26.5518,10058.4,False,295.67,81.9,0.0,,10378.44,,False,0
89653e,ETD410  ,United Arab Emirates,1775596489.0,1775596489,84.9261,19.9502,11269.98,False,282.95,120.48,0.0,,11879.58,3431,False,0
89653d,ETD473  ,United Arab Emirates,1775596490.0,1775596490,78.8539,13.6765,11574.78,False,255.95,298.32,-0.33,,12214.86,,False,0
888124,HVN19   ,Viet Nam,1775596489.0,1775596489,76.9523,28.5164,10972.8,False,197.81,282.77,0.0,,11277.6,7022,False,0
75021d,MAS185  ,Malaysia,1775596488.0,1775596488,99.0828,12.4393,10668.0,False,235.84,152.6,0.0,,11323.32,,False,0
507cb3,MFX5535 ,Uzbekistan,1775596490.0,1775596490,88.627,21.3709,10660.38,False,265.91,129.82,0.0,,11193.78,2055,False,0
8965fb,ADY133  ,United Arab Emirates,1775596442.0,1775596442,68.5992,18.7478,10660.38,False,254.07,118.02,0.0,,11269.98,,False,0
76cd41,SIA302  ,Singapore,1775596473.0,1775596483,87.6404,18.4754,10363.2,False,240.83,315.69,0.0,,10896.6,0135,False,0
76cd42,SIA366  ,Singapore,1775596490.0,1775596490,85.7804,20.2706,10972.8,False,229.56,309.36,0.0,,11513.82,0117,False,0
8881c5,VJC972  ,Viet Nam,1775596488.0,1775596489,92.8586,22.189,11887.2,False,278.01,94.14,0.0,,12458.7,0507,False,0
78149e,CSN6043 ,China,1775596285.0,1775596351,84.0279,21.457,10355.58,False,225.41,268.43,-0.33,,10873.74,4563,False,0
89667a,UAE311  ,United Arab Emirates,1775596489.0,1775596489,87.7324,22.3471,10972.8,False,218.36,240.66,0.0,,11460.48,3643,False,0
89667b,UAE393  ,United Arab Emirates,1775596260.0,1775596260,73.2978,20.2413,11582.4,False,234.39,280.5,0.0,,12176.76,,False,0
8880e3,HVN976  ,Viet Nam,1775596490.0,1775596490,95.6071,13.0999,12489.18,False,543.42,243.34,-0.33,,13167.36,,False,0
8880e2,HVN31   ,Viet Nam,1775596490.0,1775596490,76.2032,28.7988,10972.8,False,211.54,307.09,-0.33,,11277.6,,False,0
76cd47,SIA324  ,Singapore,1775596475.0,1775596475,74.2643,26.6099,10972.8,False,209.83,297.13,0.33,,11384.28,,False,0
8832b6,TLM215  ,Thailand,1775596489.0,1775596489,90.4875,21.3834,11277.6,False,271.67,123.96,0.0,,11887.2,0575,False,0
8832b0,TLM211  ,Thailand,1775596488.0,1775596489,79.5159,12.8517,10668.0,False,235.56,47.39,0.0,,11330.94,,False,0
76cd70,SIA322  ,Singapore,1775596479.0,1775596488,74.1052,27.5564,10972.8,False,201.38,299.71,0.0,,11376.66,,False,0
8965ac,,United Arab Emirates,1775596346.0,1775596346,72.8521,16.7143,10668.0,False,238.12,116.29,0.0,,11269.98,,False,0
899040,EVA087  ,Taiwan,1775596490.0,1775596490,82.7923,26.2481,9144.0,False,216.27,287.01,0.0,,9395.46,2650,False,0
8940cf,DHX811  ,Bahrain,1775596490.0,1775596490,83.7485,23.0639,11277.6,False,273.77,80.59,-0.33,,11795.76,0411,False,0
899022,CAL075  ,Taiwan,1775596490.0,1775596490,88.0452,23.0361,11163.3,False,216.87,301.62,2.6,,11658.6,2602,False,0
899039,EVA095  ,Taiwan,1775596488.0,1775596488,81.7238,26.9317,9753.6,False,207.24,292.94,-0.33,,10012.68,6274,False,0
507c71,QNT2239 ,Uzbekistan,1775596490.0,1775596490,82.8687,25.864,10058.4,False,286.58,120.29,0.0,,10386.06,,False,0
76cda4,SIA352  ,Singapore,1775596455.0,1775596485,75.273,25.6027,11582.4,False,212.6,304.15,0.0,,12070.08,,False,0
76cda9,SIA312  ,Singapore,1775596490.0,1775596490,75.5956,26.9225,11582.4,False,207.7,300.18,0.0,,12024.36,,False,0
76cdb7,SIA328  ,Singapore,1775596489.0,1775596489,76.9571,26.2665,11582.4,False,202.99,298.12,0.0,,12016.74,,False,0
76cdad,SIA378  ,Singapore,1775596319.0,1775596334,73.1224,27.9374,11582.4,False,208.54,305.26,0.0,,11986.26,,False,0
76cdaa,SIA313  ,Singapore,1775596490.0,1775596490,88.24,17.6445,12496.8,False,263.62,132.47,0.0,,13114.02,4617,False,0
8881f2,VJC1926 ,Viet Nam,1775596489.0,1775596489,89.9161,22.4167,10675.62,False,275.42,108.4,-0.33,,11178.54,0377,False,0
899013,CAL073  ,Taiwan,1775596479.0,1775596479,80.6476,26.9471,11582.4,False,198.54,310.38,0.0,,11963.4,2352,True,0
8966bc,ETD408  ,United Arab Emirates,1775596489.0,1775596490,87.9737,20.739,10066.02,False,271.38,114.77,0.0,,10576.56,1766,False,0
040219,ETH685  ,Ethiopia,1775596489.0,1775596489,89.6843,22.5112,10972.8,False,211.97,276.97,0.0,,11460.48,5062,False,0
8966c3,ETD800  ,United Arab Emirates,1775596490.0,1775596490,87.9658,22.7626,11277.6,False,300.19,100.37,0.0,,11803.38,1707,False,0
8966a8,ETD422  ,United Arab Emirates,1775596312.0,1775596325,88.4066,17.7312,10050.78,False,248.1,135.5,0.0,,11262.36,1733,False,0
89916c,CAL067  ,Taiwan,1775596489.0,1775596489,83.8434,25.1227,11582.4,False,203.33,290.59,0.0,,12031.98,6271,False,0
4ba9cc,THY62Y  ,Turkey,1775596489.0,1775596489,76.114,30.9048,11277.6,False,268.63,111.46,0.0,,11513.82,,False,0
4ba9f5,THY6107 ,Turkey,1775596489.0,1775596490,86.4478,25.3448,10363.2,False,208.91,289.42,0.0,,10736.58,4576,False,0
89912c,EVA062  ,Taiwan,1775596489.0,1775596490,87.3395,22.0925,11879.58,False,280.94,123.57,-0.33,,12451.08,7104,False,0
8990a4,CAL5522 ,Taiwan,1775596489.0,1775596490,99.9229,14.9282,11277.6,False,257.33,122.26,0.0,,11955.78,,False,0
06a30a,QTR8954 ,Qatar,1775596490.0,1775596490,87.4562,22.8052,10668.0,False,295.38,98.41,0.0,,11140.44,2105,False,0
04008b,ETH3690 ,Ethiopia,1775596490.0,1775596490,84.9134,22.8398,12496.8,False,285.02,90.62,0.0,,13045.44,4766,False,0
06a2e8,QTR977  ,Qatar,1775596489.0,1775596489,90.1591,22.4568,10363.2,False,216.25,277.24,0.0,,10828.02,7065,False,0
48ae00,LOT6520 ,Poland,1775596489.0,1775596490,86.2293,23.943,10965.18,False,213.76,304.61,0.33,,11437.62,6121,False,0
76cef4,SIA336  ,Singapore,1775596482.0,1775596482,77.3429,24.6014,9753.6,False,209.05,288.21,0.0,,10157.46,,False,0
76cef6,SIA306  ,Singapore,1775596489.0,1775596489,84.537,21.3412,9753.6,False,226.06,309.92,0.0,,10226.04,0113,False,0
76ceec,SIA26   ,Singapore,1775596489.0,1775596490,76.0936,26.6445,9753.6,False,204.72,299.01,0.0,,10088.88,,False,0
405bfd,BAW142  ,United Kingdom,1775595703.0,1775596307,74.7759,29.6749,10363.2,False,214.84,308.68,0.0,,10576.56,,False,0
4ba94c,THY73   ,Turkey,1775596187.0,1775596187,74.3096,31.6313,9563.1,False,245.32,322.24,5.2,,9669.78,3102,False,0
717cea,KNE329  ,Saudi Arabia,1775596489.0,1775596490,76.7408,28.864,3657.6,False,133.53,3.76,0.0,,3665.22,,False,0
4ca364,KZR291  ,Ireland,1775596150.0,1775596476,75.0016,30.9485,10660.38,False,256.59,136.87,0.33,,10858.5,,False,0
4cade1,KZR964  ,Ireland,1775596063.0,1775596486,75.7536,30.0635,9753.6,False,218.19,325.37,0.0,,9944.1,,False,0
4408ff,BCS538  ,Austria,1775596490.0,1775596490,75.9216,20.1528,11871.96,False,265.99,71.74,0.0,,12466.32,,False,0
3c7a48,CFG2368 ,Germany,1775596272.0,1775596272,81.8933,23.4022,11887.2,False,261.65,143.15,0.0,,12428.22,,False,0
49d26c,SEJ193  ,Czech Republic,1775596490.0,1775596490,77.0467,27.4738,9144.0,False,210.82,222.53,0.33,,9380.22,,False,0
06a064,QTR64V  ,Qatar,1775596489.0,1775596490,76.028,10.4347,9448.8,False,265.25,129.65,0.0,,9966.96,,False,0
800b54,LLR755  ,India,1775596490.0,1775596490,88.6183,24.4358,4564.38,False,130.81,29.19,0.33,,4716.78,1377,False,0
47c98d,IGO36F  ,Norway,1775596489.0,1775596489,72.8749,18.8861,3291.84,False,167.72,81.0,-7.48,,3390.9,,False,0
800b63,AXB1258 ,India,1775596490.0,1775596490,75.0168,26.2787,9441.18,False,228.5,25.47,0.0,,9806.94,,False,0
800b81,SEJ106  ,India,1775596488.0,1775596489,76.2629,28.7699,3048.0,False,117.51,3.51,0.0,,3070.86,,False,0
4cad1f,KZR173  ,Ireland,1775596489.0,1775596489,85.1125,24.6378,10066.02,False,284.65,123.95,0.0,,10439.4,0611,False,0
4d21c8,SEJ648  ,Malta,1775596196.0,1775596196,79.4842,13.5426,6179.82,False,214.74,118.16,-8.45,,6507.48,,False,0
06a07a,QTR875  ,Qatar,1775596488.0,1775596489,88.5966,22.6518,9753.6,False,215.34,280.18,0.0,,10157.46,3111,False,0
39cf06,AFR196  ,France,1775596488.0,1775596489,91.6789,20.6233,11887.2,False,286.1,124.38,0.0,,12481.56,0421,False,0
39cf11,AFR191  ,France,1775596490.0,1775596490,73.1323,18.8396,10363.2,False,243.72,315.17,0.0,,10911.84,,False,0
800c07,AIC2378 ,India,1775596471.0,1775596487,84.3412,24.0466,10668.0,False,275.42,129.01,0.0,,11109.96,0527,False,0
800c88,AIC6BL  ,India,1775596489.0,1775596489,77.184,14.3515,9692.64,False,220.91,339.41,6.5,,10180.32,,False,0
800af5,IGO721  ,India,1775596479.0,1775596479,76.2167,10.5076,5158.74,False,185.5,331.87,14.31,,5318.76,,False,0
04c11a,KQA887  ,Kenya,1775596489.0,1775596490,77.6502,13.2055,11574.78,False,255.6,266.65,-0.33,,12222.48,,False,0
800d01,IGO6037 ,India,1775596489.0,1775596489,87.763,22.65,6400.8,False,184.58,278.33,3.9,,6606.54,1453,False,0
80142a,IGO2343 ,India,1775596489.0,1775596490,77.0614,27.8772,9540.24,False,187.75,226.33,5.53,,9799.32,,False,0
86e84c,JAL30   ,Japan,1775596490.0,1775596490,86.8586,25.184,10668.0,False,307.81,103.83,-0.33,,11056.62,0547,False,0
710102,SVA983  ,Saudi Arabia,1775596489.0,1775596489,86.01,22.827,9761.22,False,212.34,275.28,0.0,,10172.7,5136,False,0
80012d,VTDHA   ,India,1775596490.0,1775596490,87.1073,25.2784,12192.0,False,218.01,239.2,0.33,,12672.06,2610,False,0
86d59c,JAL749  ,Japan,1775596489.0,1775596490,79.3823,27.8551,9753.6,False,219.88,303.36,0.33,,9989.82,5667,False,0
06a1bb,QTR871  ,Qatar,1775596490.0,1775596490,91.4398,22.4161,9144.0,False,228.22,274.91,-0.33,,9525.0,5044,False,0
800ba9,BDA304  ,India,1775596490.0,1775596490,77.157,27.2765,7056.12,False,198.75,357.63,-7.8,,7208.52,,False,0
800be7,AIC6ER  ,India,1775596490.0,1775596490,77.3741,28.4597,2438.4,False,147.41,212.75,-0.33,,2400.3,,False,0
06a127,QTR5M   ,Qatar,1775596487.0,1775596487,78.6393,7.9103,10668.0,False,255.38,134.35,0.0,,11239.5,,False,0
8850b6,THA342  ,Thailand,1775596490.0,1775596490,85.7194,20.3545,11887.2,False,272.26,111.62,0.0,,12496.8,7205,False,0
80154e,FQA378  ,India,1775596443.0,1775596443,77.6604,14.7609,10043.16,False,233.49,3.54,6.18,,10568.94,,False,0
80155f,AIC2361 ,India,1775596490.0,1775596490,79.8501,27.5497,9753.6,False,191.35,309.98,0.0,,10012.68,2763,False,0
7100c1,SVA803  ,Saudi Arabia,1775596490.0,1775596490,87.2755,22.8879,9753.6,False,217.93,275.01,0.0,,10172.7,4754,False,0
801570,BDA308  ,India,1775596489.0,1775596489,77.5017,13.5639,4838.7,False,175.4,338.85,15.28,,4991.1,,False,0
885105,THA954  ,Thailand,1775596490.0,1775596490,78.1446,29.3254,10972.8,False,225.61,316.48,0.33,,11292.84,0712,False,0
88511a,THA900  ,Thailand,1775596488.0,1775596488,74.5348,31.1865,11582.4,False,10.13,156.04,0.0,,10622.28,0703,False,0
88510e,THA960  ,Thailand,1775596490.0,1775596490,78.0211,27.6974,10363.2,False,210.45,305.75,0.0,,10736.58,0714,False,0
4082b2,SEJ269  ,United Kingdom,1775596402.0,1775596402,77.5847,13.2676,2194.56,False,116.77,299.28,4.55,,2202.18,,False,0
800cb9,AIC5QZ  ,India,1775596446.0,1775596480,78.218,14.3562,8397.24,False,221.77,188.81,-8.78,,8831.58,,False,0
06a0ea,,Qatar,1775596440.0,1775596440,68.4509,17.7583,12192.0,False,241.88,298.04,0.0,,12839.7,,False,0
8013b2,AIC5RP  ,India,1775596490.0,1775596490,76.8921,28.6115,853.44,False,83.22,103.95,0.0,,762.0,,False,0
800cc9,AXB2762 ,India,1775596490.0,1775596490,76.5427,28.0293,4572.0,False,154.89,17.59,0.65,,4655.82,,False,0
800cfe,AIC2336 ,India,1775596407.0,1775596478,91.1605,19.528,10668.0,False,254.04,127.26,-0.65,,11231.88,0551,False,0
8013ed,AIC2383 ,India,1775596490.0,1775596490,76.9869,28.4657,3657.6,False,115.54,283.91,0.33,,3665.22,,False,0
885177,THA971  ,Thailand,1775596490.0,1775596490,99.7071,14.5556,8214.36,False,214.89,113.86,-8.78,,8724.9,,False,0
885176,THA970  ,Thailand,1775596489.0,1775596489,82.4718,25.7174,9745.98,False,206.71,306.5,0.0,,10058.4,0736,False,0
801667,AIC2378 ,India,1776033540.0,1776033540,87.7403,18.3709,10668.0,False,240.88,133.62,0.0,,11277.6,0526,False,0
8014dd,AIC2115 ,India,1776033540.0,1776033540,79.6345,27.0472,9723.12,False,278.47,117.99,3.9,,10149.84,,False,0
8014bd,IGO6129 ,India,1776033455.0,1776033461,76.3175,11.4444,7947.66,False,194.69,170.26,-9.1,,8351.52,,False,0
801600,AIC101  ,India,1776033171.0,1776033271,75.0319,25.5508,10972.8,False,229.51,228.09,0.0,,11490.96,0505,False,0
801798,IGO706  ,India,1776033540.0,1776033540,77.1997,27.974,3025.14,False,148.68,9.56,-6.18,,3086.1,,False,0
8015da,IGO1172 ,India,1776033513.0,1776033513,80.0944,10.9552,9380.22,False,231.56,1.27,-4.88,,9944.1,,False,0
80184b,IGO6564 ,India,1776033539.0,1776033539,77.3125,13.4309,2979.42,False,175.69,151.11,-8.13,,3063.24,,False,0
80052b,AIC2PB  ,India,1776033539.0,1776033539,76.8942,8.6306,1112.52,False,134.52,3.51,12.68,,1028.7,,False,0
800588,AIC277  ,India,1776033539.0,1776033540,77.0088,28.4966,1013.46,False,149.98,185.91,14.31,,967.74,,False,0
781b4b,CSS167  ,China,1776033539.0,1776033539,81.0371,26.7217,9144.0,False,204.65,286.2,0.0,,9532.62,6003,False,0
8003e4,AIC173  ,India,1776033540.0,1776033540,81.6199,26.567,8839.2,False,294.12,106.56,0.0,,9235.44,,False,0
801805,IGO930  ,India,1776033540.0,1776033540,87.8442,23.2181,3634.74,False,205.32,123.45,-4.88,,3733.8,0531,False,0
300a63,ITY769  ,Italy,1776033126.0,1776033540,75.3218,29.8065,8763.0,False,215.24,350.79,2.93,,9083.04,,False,0
8017ff,IGO246  ,India,1776033540.0,1776033540,81.9408,26.1582,10363.2,False,184.22,302.8,0.33,,10820.4,2651,False,0
8a0577,LNI111  ,Indonesia,1776033539.0,1776033539,78.1685,10.0305,10668.0,False,243.89,115.75,0.0,,11269.98,,False,0
7380c0,ELY065  ,Israel,1776033540.0,1776033540,77.0888,13.1597,11269.98,False,259.15,85.22,0.0,,11925.3,,False,0
780a66,CPA694  ,China,1776033538.0,1776033539,93.3546,23.4715,11277.6,False,283.21,101.74,0.0,,11849.1,0545,False,0
8005ee,AIC301  ,India,1776033539.0,1776033540,77.3101,27.4655,6271.26,False,169.41,319.93,-10.08,,6507.48,,False,0
780a94,CPA632  ,China,1776033540.0,1776033540,88.1342,22.2901,11277.6,False,267.4,67.73,0.0,,11887.2,0602,False,0
4bb0ef,THY208  ,Turkey,1776033346.0,1776033389,90.4656,17.4839,11277.6,False,258.27,135.0,0.0,,11902.44,0771,True,0
896319,UAE371  ,United Arab Emirates,1776033539.0,1776033540,82.7603,17.8276,10363.2,False,245.16,288.47,0.0,,10949.94,6122,False,0
780a2a,CPA660  ,China,1776033540.0,1776033540,91.2362,23.891,10668.0,False,287.12,103.36,0.0,,11201.4,0354,False,0
780a49,,China,1776033526.0,1776033528,99.1992,13.6275,10668.0,False,241.34,76.94,0.0,,11330.94,,False,0
800732,AIC308  ,India,1776033525.0,1776033528,89.7385,18.1763,10668.0,False,259.01,134.68,-0.33,,11262.36,0562,False,0
8830f7,TLM213  ,Thailand,1776033532.0,1776033537,90.0976,18.6543,11285.22,False,246.66,111.54,0.0,,11986.26,0363,False,0
8830f2,TLM211  ,Thailand,1776033540.0,1776033540,87.3518,19.5638,10668.0,False,248.69,106.71,0.0,,11262.36,0647,False,0
4bb162,THY51Q  ,Turkey,1776033540.0,1776033540,77.2879,28.7692,2644.14,False,156.18,156.31,-10.08,,2682.24,,False,0
896502,ADY200  ,United Arab Emirates,1776033540.0,1776033540,74.9235,11.8286,9067.8,False,233.43,124.04,-6.83,,9646.92,,False,0
896479,UAE374  ,United Arab Emirates,1776033540.0,1776033540,88.1576,21.2512,12496.8,False,265.33,108.54,0.0,,13136.88,6237,False,0
896485,ABY588  ,United Arab Emirates,1776033483.0,1776033483,75.2069,10.0719,10363.2,False,246.86,300.84,0.0,,10949.94,,False,0
89642d,ABY471  ,United Arab Emirates,1776033539.0,1776033540,79.1119,13.7804,8305.8,False,226.39,116.16,-10.08,,8793.48,,False,0
683274,VSV5316 ,Kazakhstan,1776033540.0,1776033540,77.432,30.0018,10668.0,False,266.62,149.38,0.0,,11049.0,,False,0
885973,TVJ763  ,Thailand,1776033533.0,1776033533,85.9988,18.8807,11277.6,False,251.67,108.47,0.0,,11902.44,0310,False,0
89662e,ADY133  ,United Arab Emirates,1776033539.0,1776033540,76.9634,8.4386,327.66,False,73.71,310.47,-3.58,,213.36,,False,0
896616,UAE9817 ,United Arab Emirates,1776032678.0,1776033535,95.8314,21.7443,9753.6,False,231.23,279.73,0.0,,10302.24,7006,False,0
89660b,FDB501  ,United Arab Emirates,1776033540.0,1776033540,74.9796,26.0784,11277.6,False,273.06,69.14,0.0,,11818.62,6230,False,0
89659d,ABY518  ,United Arab Emirates,1776033540.0,1776033540,90.1684,24.0575,1333.5,False,121.07,107.05,-2.93,,1303.02,1757,False,0
461f55,FIN8871 ,Finland,1776033516.0,1776033516,90.163,17.7691,11887.2,False,253.91,135.0,0.0,,12542.52,5610,False,0
05a042,DQA709  ,Maldives,1776033540.0,1776033540,76.3055,8.228,4480.56,False,118.29,244.77,3.9,,4648.2,,False,0
461f08,FIN121  ,Finland,1776033539.0,1776033539,75.2341,30.7425,11887.2,False,265.3,136.65,0.0,,12283.44,,False,0
484cbc,KLM843  ,Kingdom of the Netherlands,1776033540.0,1776033540,78.153,29.1865,10668.0,False,284.93,142.26,0.0,,11071.86,,False,0
89409f,GFA154  ,Bahrain,1776033540.0,1776033540,86.1317,22.8167,11887.2,False,282.02,95.13,-0.33,,12504.42,3104,False,0
89408f,GFA2053 ,Bahrain,1776033227.0,1776033227,77.6242,15.273,11574.78,False,247.56,303.13,0.0,,12222.48,,False,0
899037,EVA087  ,Taiwan,1776033495.0,1776033535,74.2514,31.4059,9753.6,False,212.6,282.15,0.0,,10134.6,,False,0
8881ff,VJC1926 ,Viet Nam,1776033539.0,1776033539,93.899,22.1152,10066.02,False,273.55,94.64,0.33,,10622.28,0372,False,0
4ba9e9,THY62Y  ,Turkey,1776033540.0,1776033540,89.5571,24.1506,4091.94,False,203.43,97.56,-10.4,,4221.48,5131,False,0
8990a6,CAL5522 ,Taiwan,1776033540.0,1776033540,91.3504,22.313,10058.4,False,280.84,97.68,0.0,,10591.8,7715,False,0
04008d,ETH3691 ,Ethiopia,1776033433.0,1776033441,84.0938,22.0585,9753.6,False,231.9,257.44,0.0,,10264.14,6004,False,0
06a2f7,QTR982  ,Qatar,1776033539.0,1776033539,95.2495,22.0093,11269.98,False,279.97,95.17,-0.98,,11871.96,2106,False,0
899136,EVA065  ,Taiwan,1776033539.0,1776033539,75.2032,31.1873,10965.18,False,206.56,286.49,0.33,,11361.42,6244,False,0
405bfe,BAW119  ,United Kingdom,1776033540.0,1776033540,77.4261,13.2198,2209.8,False,100.31,123.28,-1.63,,2232.66,,False,0
06a2af,QTR1C   ,Qatar,1776033537.0,1776033537,76.3809,13.6417,10363.2,False,250.9,298.4,0.0,,10957.56,,False,0
4ba95a,THY85   ,Turkey,1776033540.0,1776033540,78.2912,29.0294,9144.0,False,224.43,322.26,0.0,,9502.14,,False,0
7816be,CSC9661 ,China,1776033520.0,1776033521,92.6113,22.3657,10972.8,False,216.81,261.68,0.0,,11574.78,1506,False,0
8990f4,CAL063  ,Taiwan,1776033540.0,1776033540,76.5615,30.7527,11582.4,False,206.15,291.83,0.0,,11971.02,6257,False,0
4ba893,THY6102 ,Turkey,1776033524.0,1776033539,77.5141,13.687,3375.66,False,163.24,208.83,-11.05,,3482.34,,False,0
49d26c,SEJ443  ,Czech Republic,1776033539.0,1776033539,86.4317,22.7914,10500.36,False,210.75,275.18,6.18,,11041.38,1427,False,0
06a053,QTR18J  ,Qatar,1776033528.0,1776033528,78.527,9.0756,10363.2,False,254.97,306.38,0.0,,10934.7,,False,0
789275,CPA624  ,China,1776033498.0,1776033533,95.7942,22.7666,11887.2,False,279.93,82.93,0.0,,12473.94,0420,False,0
06a125,,Qatar,1776033536.0,1776033536,77.7693,13.228,1432.56,False,114.89,55.03,4.55,,1226.82,,False,0
801597,AIC2147 ,India,1776033535.0,1776033540,80.9328,26.4566,9448.8,False,268.1,134.92,0.0,,9875.52,,False,0
801590,AXB1230 ,India,1776033540.0,1776033540,76.2943,27.4962,9182.1,False,210.22,212.41,11.05,,9608.82,,False,0
06a103,QTR54X  ,Qatar,1776033539.0,1776033539,74.8258,28.655,9738.36,False,219.35,263.94,4.55,,10149.84,,False,0
7892a9,HKC9376 ,China,1776033540.0,1776033540,91.4529,22.3007,12496.8,False,262.64,96.75,0.0,,13144.5,0620,False,0
06a0b8,QTR529  ,Qatar,1776033540.0,1776033540,79.5833,13.0923,3901.44,False,192.97,287.37,8.45,,4030.98,,False,0
06a0bb,QTR9T   ,Qatar,1776033310.0,1776033317,84.3479,22.8727,11582.4,False,222.17,275.31,0.0,,12192.0,0425,False,0
8013a4,AIC5VW  ,India,1776033540.0,1776033540,88.2985,22.9416,1409.7,False,129.02,119.63,-3.9,,1386.84,0563,False,0
3c64f5,DLH757  ,Germany,1776033537.0,1776033537,72.1097,25.7941,10363.2,False,242.02,354.14,0.0,,10858.5,0343,False,0
151db6,AFL284  ,Russian Federation,1776033499.0,1776033536,83.6431,25.4634,10668.0,False,299.79,121.1,0.0,,11140.44,2723,False,0
151d48,AZV2955 ,Russian Federation,1776033540.0,1776033540,77.944,27.4693,10675.62,False,270.39,145.86,0.0,,11094.72,,False,0
70c13c,OMS497  ,Oman,1776033539.0,1776033539,90.3535,23.8991,388.62,False,75.83,143.83,-3.58,,289.56,4722,False,0
77044d,ALK151  ,Sri Lanka,1776033540.0,1776033540,76.0551,12.6121,10965.18,False,233.95,324.67,0.0,,11582.4,,False,0
781140,CSS174  ,China,1776033540.0,1776033540,87.0521,20.7847,10675.62,False,258.32,43.87,0.0,,11239.5,0642,False,0
7823da,JDL2747 ,China,1776033532.0,1776033533,94.2778,23.4324,10363.2,False,194.51,271.36,0.0,,10896.6,1546,False,0
48436e,KLM874  ,Kingdom of the Netherlands,1776033327.0,1776033333,72.047,26.3496,9738.36,False,253.39,354.17,0.0,,10218.42,0610,False,0
770594,ALK26L  ,Sri Lanka,1776033539.0,1776033539,78.2608,8.5616,10264.14,False,247.62,128.25,-9.1,,10965.18,,False,0
770590,ALK564  ,Sri Lanka,1776033537.0,1776033537,75.5865,10.7971,12496.8,False,233.44,129.72,0.0,,13152.12,,False,0
781230,CES2052 ,China,1776033231.0,1776033295,96.756,22.8749,11277.6,False,270.37,83.33,0.0,,11887.2,4773,False,0
88812d,HVN18   ,Viet Nam,1776033540.0,1776033540,89.2301,22.5621,11887.2,False,280.95,97.05,0.0,,12481.56,0663,False,0
8881aa,VJC884  ,Viet Nam,1776031998.0,1776033515,88.9718,16.3028,10058.4,False,239.31,104.19,0.0,,10652.76,0345,False,0
7813a0,CHH7913 ,China,1776033540.0,1776033540,93.4334,22.1491,10363.2,False,213.1,274.43,0.0,,10919.46,4503,False,0
4d0116,CLX873  ,Luxembourg,1776033532.0,1776033532,84.5916,24.9665,11277.6,False,291.14,124.93,0.0,,11803.38,1465,False,0
507c72,QNT2239 ,Uzbekistan,1776033532.0,1776033539,91.8686,20.5003,10043.16,False,253.43,124.5,0.0,,10614.66,2043,False,0
76cdc2,SIA346  ,Singapore,1776033539.0,1776033539,77.0348,26.2292,9753.6,False,224.63,298.15,0.0,,10210.8,,False,0
75046f,MAS157  ,Malaysia,1776033540.0,1776033540,77.9502,12.8296,11887.2,False,240.81,114.48,0.0,,12565.38,,False,0
8966aa,ETD341  ,United Arab Emirates,1776033539.0,1776033540,78.7868,13.3716,7940.04,False,219.79,288.99,4.23,,8351.52,,False,0
750422,MXD756  ,Malaysia,1776033540.0,1776033540,77.2883,28.3632,11277.6,False,279.76,129.1,0.0,,11734.8,,False,0
3474cd,WFL8623 ,Spain,1776033538.0,1776033539,89.0851,21.0449,11887.2,False,254.07,138.69,0.0,,12527.28,1410,False,0
507c4d,UZB553  ,Uzbekistan,1776033538.0,1776033539,87.0885,18.94,12496.8,False,258.16,132.5,0.0,,13152.12,2042,False,0
76bcc9,TGW50   ,Singapore,1776033539.0,1776033539,75.7723,25.6551,11582.4,False,221.52,306.98,-0.33,,12146.28,,False,0
4cadc9,ITY758  ,Ireland,1776033530.0,1776033530,91.2661,18.2117,12496.8,False,252.77,111.87,0.0,,13174.98,1016,False,0
800b80,SEJ106  ,India,1776033539.0,1776033539,76.6789,28.4987,3657.6,False,165.42,63.59,0.0,,3787.14,,False,0
4cad1e,KZR161  ,Ireland,1776033506.0,1776033526,91.1392,19.5435,9441.18,False,249.93,127.39,0.0,,9974.58,1740,False,0
3c4584,BOX718  ,Germany,1776033486.0,1776033539,74.7125,32.8455,11277.6,False,4.66,353.66,0.0,,10317.48,,False,0
40731c,BAW277  ,United Kingdom,1776033540.0,1776033540,76.702,24.8966,12496.8,False,253.74,168.9,0.0,,13068.3,,False,0
151f70,JTC9580 ,Russian Federation,1776033540.0,1776033540,76.807,24.7116,13716.0,False,248.55,165.62,0.0,,14279.88,,False,0
4cac0f,KZR563  ,Ireland,1776033539.0,1776033539,81.7878,25.7082,10668.0,False,264.45,142.35,0.0,,11132.82,,False,0
39d2b1,AFR198  ,France,1776033539.0,1776033540,78.9431,28.3253,12496.8,False,283.01,135.0,0.0,,12915.9,,False,0
4d2089,VJT275  ,Malta,1776033023.0,1776033502,94.7004,22.0574,12496.8,False,276.24,94.91,0.0,,12641.58,1305,False,0
800cd6,,India,1776033540.0,1776033540,74.8837,11.4531,10058.4,False,222.55,143.55,0.0,,10614.66,,False,0
801667,AIC2378 ,India,1776033548.0,1776033548,87.7534,18.3589,10668.0,False,240.88,133.62,0.0,,11277.6,0526,False,0
8014dd,AIC2115 ,India,1776033577.0,1776033578,79.7258,27.0036,9860.28,False,278.47,117.99,3.25,,10294.62,,False,0
8014bd,IGO6129 ,India,1776033455.0,1776033461,76.3175,11.4444,7947.66,False,194.69,170.26,-9.1,,8351.52,,False,0
801798,IGO706  ,India,1776033578.0,1776033578,77.2093,28.0236,2804.16,False,145.22,10.0,-4.88,,2857.5,,False,0
8015da,IGO1172 ,India,1776033577.0,1776033577,80.1102,11.0865,9052.56,False,231.56,1.27,-4.88,,9944.1,,False,0
80184b,IGO6564 ,India,1776033577.0,1776033578,77.342,13.3787,2651.76,False,169.94,151.03,-9.43,,2720.34,,False,0
80052b,AIC2PB  ,India,1776033575.0,1776033578,76.8971,8.6754,1508.76,False,138.15,3.63,10.08,,1447.8,,False,0
800588,AIC277  ,India,1776033578.0,1776033578,76.9993,28.4466,1638.3,False,144.78,191.27,16.91,,1615.44,,False,0
781b4b,CSS167  ,China,1776033577.0,1776033578,80.9616,26.7413,9144.0,False,204.65,286.2,0.0,,9532.62,6003,False,0
8003e4,AIC173  ,India,1776033578.0,1776033578,81.7276,26.5382,8839.2,False,294.27,106.66,0.0,,9235.44,,False,0
801805,IGO930  ,India,1776033578.0,1776033578,87.9056,23.1806,3375.66,False,193.48,123.39,-8.45,,3482.34,0531,False,0
300a63,ITY769  ,Italy,1776033126.0,1776033575,75.3218,29.8065,8763.0,False,215.24,350.79,2.93,,9083.04,,False,0
8017ff,IGO246  ,India,1776033577.0,1776033578,81.8825,26.192,10363.2,False,184.38,302.58,0.33,,10828.02,2651,False,0
8a0577,LNI111  ,Indonesia,1776033557.0,1776033557,78.2032,10.0138,10668.0,False,243.89,115.75,0.0,,11269.98,,False,0
7380c0,ELY065  ,Israel,1776033578.0,1776033578,77.1806,13.1673,11277.6,False,259.2,85.1,0.0,,11932.92,,False,0
780a66,CPA694  ,China,1776033538.0,1776033543,93.3546,23.4715,11277.6,False,283.21,101.74,0.0,,11849.1,0545,False,0
8005ee,AIC301  ,India,1776033578.0,1776033578,77.2682,27.5099,5890.26,False,166.12,319.9,-11.05,,6111.24,,False,0
780a94,CPA632  ,China,1776033577.0,1776033578,88.224,22.3243,11277.6,False,267.4,67.73,0.0,,11879.58,0602,False,0
4bb0ef,THY208  ,Turkey,1776033346.0,1776033389,90.4656,17.4839,11277.6,False,258.27,135.0,0.0,,11902.44,0771,True,0
896319,UAE371  ,United Arab Emirates,1776033578.0,1776033578,82.6771,17.8543,10363.2,False,245.16,288.47,0.0,,10949.94,6122,False,0
780a2a,CPA660  ,China,1776033578.0,1776033578,91.3399,23.8697,10668.0,False,286.65,102.02,0.0,,11201.4,0354,False,0
780a49,,China,1776033565.0,1776033565,99.283,13.6437,10668.0,False,241.34,76.94,0.0,,11330.94,,False,0
800732,AIC308  ,India,1776033578.0,1776033578,89.8305,18.0891,10660.38,False,258.64,134.76,0.0,,11262.36,0562,False,0
8830f7,TLM213  ,Thailand,1776033532.0,1776033557,90.0976,18.6543,11285.22,False,245.81,111.36,0.0,,11986.26,0363,False,0
8830f2,TLM211  ,Thailand,1776033559.0,1776033559,87.3952,19.5515,10668.0,False,248.69,106.71,0.0,,11262.36,0647,False,0
4bb162,THY51Q  ,Turkey,1776033578.0,1776033578,77.3125,28.7219,2392.68,False,146.13,154.79,-6.5,,2423.16,,False,0
896502,ADY200  ,United Arab Emirates,1776033568.0,1776033568,74.971,11.7971,8930.64,False,223.02,124.09,-4.23,,9471.66,,False,0
896479,UAE374  ,United Arab Emirates,1776033578.0,1776033578,88.2501,21.222,12496.8,False,264.85,108.58,0.0,,13136.88,6237,False,0
896485,ABY588  ,United Arab Emirates,1776033483.0,1776033483,75.2069,10.0719,10363.2,False,246.86,300.84,0.0,,10949.94,,False,0
89642d,ABY471  ,United Arab Emirates,1776033578.0,1776033578,79.1823,13.7466,7924.8,False,219.03,116.2,-9.43,,8382.0,,False,0
683274,VSV5316 ,Kazakhstan,1776033578.0,1776033578,77.4936,29.9274,10668.0,False,271.17,141.93,0.0,,11049.0,,False,0
885973,TVJ763  ,Thailand,1776033577.0,1776033577,86.0986,18.8489,11277.6,False,251.18,108.51,0.0,,11902.44,0310,False,0
89662e,ADY133  ,United Arab Emirates,1776033573.0,1776033573,76.947,8.4543,205.74,False,75.3,315.28,-3.58,,83.82,,False,0
896616,UAE9817 ,United Arab Emirates,1776033577.0,1776033577,93.8707,22.0369,9753.6,False,226.34,278.63,-0.33,,10287.0,7006,False,0
89660b,FDB501  ,United Arab Emirates,1776033577.0,1776033577,75.0736,26.1107,11277.6,False,273.06,69.14,0.0,,11811.0,6230,False,0
89659d,ABY518  ,United Arab Emirates,1776033577.0,1776033577,90.2089,24.0462,1165.86,False,114.27,106.48,-5.53,,1127.76,1757,False,0
461f55,FIN8871 ,Finland,1776033516.0,1776033516,90.163,17.7691,11887.2,False,253.91,135.0,0.0,,12542.52,5610,False,0
05a042,DQA709  ,Maldives,1776033578.0,1776033578,76.2684,8.2105,4632.96,False,118.29,244.77,5.2,,4800.6,,False,0
461f08,FIN121  ,Finland,1776033577.0,1776033577,75.308,30.6749,11887.2,False,266.02,136.65,0.0,,12283.44,,False,0
484cbc,KLM843  ,Kingdom of the Netherlands,1776033578.0,1776033578,78.2205,29.1098,10668.0,False,284.62,142.34,0.0,,11071.86,,False,0
89409f,GFA154  ,Bahrain,1776033578.0,1776033578,86.2345,22.8095,11887.2,False,282.43,93.45,-0.33,,12504.42,3104,False,0
899037,EVA087  ,Taiwan,1776033495.0,1776033535,74.2514,31.4059,9753.6,False,212.6,282.15,0.0,,10134.6,,False,0
8881ff,VJC1926 ,Viet Nam,1776033575.0,1776033575,93.9933,22.1082,10073.64,False,273.55,94.64,0.0,,10629.9,0372,False,0
4ba9e9,THY62Y  ,Turkey,1776033578.0,1776033578,89.6298,24.142,3703.32,False,187.15,97.11,-10.08,,3817.62,5131,False,0
8990a6,CAL5522 ,Taiwan,1776033577.0,1776033578,91.4522,22.3007,10058.4,False,280.89,96.94,0.0,,10591.8,7715,False,0
04008d,ETH3691 ,Ethiopia,1776033433.0,1776033441,84.0938,22.0585,9753.6,False,231.9,257.44,0.0,,10264.14,6004,False,0
06a2f7,QTR982  ,Qatar,1776033545.0,1776033576,95.2657,22.008,11277.6,False,281.13,95.46,-2.28,,11871.96,2106,False,0
899136,EVA065  ,Taiwan,1776033539.0,1776033539,75.2032,31.1873,10965.18,False,206.56,286.49,0.33,,11361.42,6244,False,0
405bfe,BAW119  ,United Kingdom,1776033578.0,1776033578,77.4585,13.2093,2118.36,False,98.88,92.68,-5.2,,2141.22,,False,0
06a2af,QTR1C   ,Qatar,1776033576.0,1776033577,76.3013,13.6837,10363.2,False,251.35,298.35,0.0,,10957.56,,False,0
4ba95a,THY85   ,Turkey,1776033578.0,1776033578,78.2379,29.0901,9144.0,False,224.43,322.26,0.0,,9502.14,,False,0
7816be,CSC9661 ,China,1776033552.0,1776033572,92.5449,22.3568,10972.8,False,216.81,261.68,0.0,,11574.78,1506,False,0
8990f4,CAL063  ,Taiwan,1776033578.0,1776033578,76.4848,30.779,11582.4,False,206.44,291.64,0.0,,11971.02,6257,False,0
4ba893,THY6102 ,Turkey,1776033576.0,1776033576,77.4761,13.6203,2857.5,False,163.24,208.83,-11.05,,3482.34,,False,0
49d26c,SEJ443  ,Czech Republic,1776033578.0,1776033578,86.3539,22.7979,10721.34,False,210.24,275.19,4.88,,11277.6,1427,False,0
06a053,QTR18J  ,Qatar,1776033571.0,1776033571,78.4468,9.1337,10363.2,False,253.34,306.08,0.0,,10934.7,,False,0
789275,CPA624  ,China,1776033498.0,1776033533,95.7942,22.7666,11887.2,False,279.93,82.93,0.0,,12473.94,0420,False,0
06a125,,Qatar,1776033566.0,1776033573,77.7989,13.2481,1615.44,False,136.07,44.08,16.58,,1600.2,,False,0
801597,AIC2147 ,India,1776033578.0,1776033578,81.0135,26.384,9448.8,False,267.73,135.0,0.33,,9875.52,,False,0
801590,AXB1230 ,India,1776033577.0,1776033577,76.2537,27.4363,9471.66,False,209.01,210.79,5.85,,9913.62,,False,0
06a103,QTR54X  ,Qatar,1776033578.0,1776033578,74.7408,28.6469,9883.14,False,221.45,263.87,2.6,,10302.24,,False,0
7892a9,HKC9376 ,China,1776033575.0,1776033578,91.5441,22.2904,12496.8,False,263.28,96.96,0.0,,13144.5,0620,False,0
06a0b8,QTR529  ,Qatar,1776033577.0,1776033577,79.5201,13.1115,4168.14,False,197.7,287.26,8.45,,4274.82,,False,0
06a0bb,QTR9T   ,Qatar,1776033310.0,1776033575,84.3479,22.8727,11582.4,False,222.17,275.31,0.0,,12192.0,0425,False,0
8013a4,AIC5VW  ,India,1776033578.0,1776033578,88.3385,22.9212,1280.16,False,117.84,118.13,-2.93,,1242.06,0563,False,0
3c64f5,DLH757  ,Germany,1776033578.0,1776033578,72.0998,25.8831,10363.2,False,243.05,354.17,0.0,,10858.5,0343,False,0
151db6,AFL284  ,Russian Federation,1776033499.0,1776033566,83.6431,25.4634,10668.0,False,299.09,121.07,0.0,,11148.06,2723,False,0
151d48,AZV2955 ,Russian Federation,1776033576.0,1776033577,78.0007,27.395,10668.0,False,272.4,145.62,0.33,,11087.1,,False,0
70c13c,OMS497  ,Oman,1776033577.0,1776033577,90.3703,23.8779,243.84,False,75.83,143.83,-3.58,,137.16,4722,False,0
77044d,ALK151  ,Sri Lanka,1776033578.0,1776033578,76.0081,12.677,10972.8,False,234.25,324.56,0.33,,11590.02,,False,0
781140,CSS174  ,China,1776033578.0,1776033578,87.1172,20.8483,10675.62,False,257.95,43.95,0.0,,11239.5,0642,False,0
7823da,JDL2747 ,China,1776033574.0,1776033574,94.1979,23.4343,10363.2,False,196.07,271.5,0.0,,10896.6,1546,False,0
48436e,KLM874  ,Kingdom of the Netherlands,1776033327.0,1776033333,72.047,26.3496,9738.36,False,253.39,354.17,0.0,,10218.42,0610,False,0
770594,ALK26L  ,Sri Lanka,1776033577.0,1776033578,78.3295,8.5117,9700.26,False,247.78,126.13,-13.98,,10302.24,,False,0
770590,ALK564  ,Sri Lanka,1776033578.0,1776033578,75.654,10.7417,12496.8,False,233.83,129.64,0.0,,13152.12,,False,0
781230,CES2052 ,China,1776033231.0,1776033295,96.756,22.8749,11277.6,False,270.37,83.33,0.0,,11887.2,4773,False,0
88812d,HVN18   ,Viet Nam,1776033577.0,1776033577,89.3307,22.5506,11887.2,False,280.83,96.84,0.0,,12489.18,0663,False,0
8881aa,VJC884  ,Viet Nam,1776031998.0,1776033573,88.9718,16.3028,10058.4,False,240.44,104.24,0.0,,10652.76,0345,False,0
7813a0,CHH7913 ,China,1776033557.0,1776033562,93.3985,22.1516,10363.2,False,213.62,274.42,0.0,,10919.46,4503,False,0
4d0116,CLX873  ,Luxembourg,1776033578.0,1776033578,84.6974,24.8991,11277.6,False,291.14,124.93,0.0,,11803.38,1465,False,0
507c72,QNT2239 ,Uzbekistan,1776033556.0,1776033559,91.9166,20.4693,10043.16,False,253.43,124.5,0.0,,10614.66,2043,False,0
76cdc2,SIA346  ,Singapore,1776033577.0,1776033577,76.9593,26.2656,9753.6,False,225.08,298.09,0.0,,10210.8,,False,0
75046f,MAS157  ,Malaysia,1776033578.0,1776033578,78.0266,12.7953,11887.2,False,240.81,114.48,0.0,,12565.38,,False,0
8966aa,ETD341  ,United Arab Emirates,1776033578.0,1776033578,78.7131,13.3965,8107.68,False,223.21,289.1,4.88,,8534.4,,False,0
750422,MXD756  ,Malaysia,1776033578.0,1776033578,77.3727,28.3025,11277.6,False,281.21,129.13,0.0,,11734.8,,False,0
3474cd,WFL8623 ,Spain,1776033577.0,1776033577,89.1472,20.9786,11887.2,False,254.07,138.69,0.0,,12527.28,1410,False,0
507c4d,UZB553  ,Uzbekistan,1776033577.0,1776033577,87.1593,18.8781,12496.8,False,257.78,132.57,0.0,,13152.12,2042,False,0
76bcc9,TGW50   ,Singapore,1776033577.0,1776033578,75.7069,25.6997,11574.78,False,220.8,306.95,0.0,,12138.66,,False,0
4cadc9,ITY758  ,Ireland,1776033530.0,1776033569,91.2661,18.2117,12496.8,False,253.25,111.82,0.0,,13174.98,1016,False,0
800b80,SEJ106  ,India,1776033574.0,1776033576,76.7336,28.5171,3657.6,False,167.2,90.35,0.0,,3779.52,,False,0
4cad1e,KZR161  ,Ireland,1776033506.0,1776033572,91.1392,19.5435,9441.18,False,249.93,127.39,0.0,,9974.58,1740,False,0
3c4584,BOX718  ,Germany,1776033486.0,1776033574,74.7125,32.8455,11277.6,False,4.66,353.66,0.0,,10317.48,,False,0
40731c,BAW277  ,United Kingdom,1776033578.0,1776033578,76.7202,24.8114,12496.8,False,253.64,169.01,0.0,,13075.92,,False,0
151f70,JTC9580 ,Russian Federation,1776033578.0,1776033578,76.8301,24.6291,13716.0,False,248.55,165.62,0.0,,14287.5,,False,0
4cac0f,KZR563  ,Ireland,1776033577.0,1776033577,81.8484,25.6369,10668.0,False,263.73,142.37,0.0,,11132.82,,False,0
39d2b1,AFR198  ,France,1776033577.0,1776033577,79.0213,28.2563,12496.8,False,284.47,134.85,0.0,,12915.9,,False,0
4d2089,VJT275  ,Malta,1776033023.0,1776033502,94.7004,22.0574,12496.8,False,276.24,94.91,0.0,,12641.58,1305,False,0
800cd6,AXB550  ,India,1776033560.0,1776033560,74.9084,11.4201,10058.4,False,222.55,143.55,0.0,,10614.66,,False,0
801667,AIC2378 ,India,1776033628.0,1776033634,87.8836,18.238,10668.0,False,240.46,135.61,0.0,,11277.6,0526,False,0
8014dd,AIC2115 ,India,1776033639.0,1776033639,79.8778,26.931,10058.4,False,275.71,118.05,0.33,,10500.36,,False,0
8014bd,IGO6129 ,India,1776033455.0,1776033461,76.3175,11.4444,7947.66,False,194.69,170.26,-9.1,,8351.52,,False,0
801798,IGO706  ,India,1776033639.0,1776033639,77.2243,28.0996,2506.98,False,138.19,9.43,-4.88,,2537.46,,False,0
8015db,,India,1776033638.0,1776033639,74.696,25.539,10660.38,False,239.94,20.46,0.0,,11201.4,0352,False,0
8015da,IGO1172 ,India,1776033610.0,1776033612,80.1214,11.1519,8892.54,False,224.21,9.38,-4.88,,9395.46,,False,0
80184b,IGO6564 ,India,1776033639.0,1776033639,77.3859,13.2981,2209.8,False,154.86,152.5,-3.58,,2247.9,,False,0
80052b,AIC2PB  ,India,1776033639.0,1776033639,76.9021,8.7547,2202.18,False,139.69,3.59,11.38,,2164.08,,False,0
800588,AIC277  ,India,1776033639.0,1776033639,76.9805,28.367,2423.16,False,151.55,192.15,13.0,,2453.64,,False,0
781b4b,CSS167  ,China,1776033638.0,1776033638,80.852,26.7907,9151.62,False,203.99,308.34,0.33,,9540.24,6003,False,0
8003e4,AIC173  ,India,1776033639.0,1776033639,81.8999,26.4919,8839.2,False,293.78,106.69,0.0,,9235.44,,False,0
801805,IGO930  ,India,1776033639.0,1776033639,87.9976,23.1243,2941.32,False,178.49,123.6,-7.15,,3017.52,0531,False,0
80183b,IGO454H ,India,1776033628.0,1776033637,83.8489,22.4436,10668.0,False,261.43,76.92,0.0,,11239.5,,False,0
300a63,ITY769  ,Italy,1776033126.0,1776033636,75.3218,29.8065,8763.0,False,215.24,350.79,2.93,,9083.04,,False,0
8017ff,IGO246  ,India,1776033638.0,1776033639,81.7878,26.2469,10370.82,False,183.95,302.67,0.0,,10828.02,2651,False,0
8a0577,LNI111  ,Indonesia,1776033557.0,1776033557,78.2032,10.0138,10668.0,False,243.89,115.75,0.0,,11269.98,,False,0
7380c0,ELY065  ,Israel,1776033639.0,1776033639,77.3247,13.1791,11277.6,False,258.64,85.21,-0.33,,11932.92,,False,0
780a66,CPA694  ,China,1776033607.0,1776033607,93.5438,23.443,11277.6,False,283.21,101.74,0.0,,11849.1,0545,False,0
8005ee,AIC301  ,India,1776033639.0,1776033639,77.2027,27.5792,5242.56,False,162.77,319.61,-10.73,,5425.44,,False,0
780a94,CPA632  ,China,1776033638.0,1776033639,88.3704,22.3798,11277.6,False,267.2,67.83,0.0,,11879.58,0602,False,0
4bb0ef,THY208  ,Turkey,1776033346.0,1776033389,90.4656,17.4839,11277.6,False,258.27,135.0,0.0,,11902.44,0771,True,0
896319,UAE371  ,United Arab Emirates,1776033638.0,1776033639,82.5442,17.8968,10363.2,False,245.81,288.55,0.0,,10949.94,6122,False,0
780a2a,CPA660  ,China,1776033639.0,1776033639,91.507,23.8368,10668.0,False,286.26,102.14,0.0,,11201.4,0354,False,0
780a49,CPA612  ,China,1776033635.0,1776033635,99.4225,13.713,10668.0,False,240.5,60.53,0.0,,11330.94,,False,0
800732,AIC308  ,India,1776033636.0,1776033638,89.9316,17.9932,10668.0,False,257.91,134.76,0.0,,11262.36,0562,False,0
8830f7,TLM213  ,Thailand,1776033532.0,1776033616,90.0976,18.6543,11285.22,False,245.81,111.36,0.0,,11986.26,0647,False,0
8830f2,TLM211  ,Thailand,1776033639.0,1776033639,87.5771,19.4995,10668.0,False,248.84,106.82,0.0,,11262.36,0647,False,0
4bb162,THY51Q  ,Turkey,1776033639.0,1776033639,77.3441,28.6531,1821.18,False,128.72,170.8,-11.7,,1828.8,,False,0
896502,ADY200  ,United Arab Emirates,1776033608.0,1776033608,75.0381,11.7524,8709.66,False,220.87,123.99,-5.53,,9281.16,,False,0
896479,UAE374  ,United Arab Emirates,1776033638.0,1776033639,88.3962,21.1758,12496.8,False,264.52,108.72,0.0,,13136.88,6237,False,0
896485,ABY588  ,United Arab Emirates,1776033620.0,1776033620,74.9395,10.2294,10363.2,False,248.18,300.66,0.0,,10957.56,,False,0
89642d,ABY471  ,United Arab Emirates,1776033638.0,1776033638,79.2906,13.6947,7193.28,False,214.43,116.2,-12.68,,7673.34,,False,0
683274,VSV5316 ,Kazakhstan,1776033639.0,1776033639,77.5992,29.8095,10668.0,False,272.3,141.98,0.0,,11056.62,,False,0
885973,TVJ763  ,Thailand,1776033634.0,1776033636,86.2291,18.8073,11277.6,False,250.69,108.55,0.0,,11902.44,0310,False,0
89662e,ADY133  ,United Arab Emirates,1776033573.0,1776033573,76.947,8.4543,205.74,False,75.3,315.28,-3.58,,83.82,,False,0
896616,UAE9817 ,United Arab Emirates,1776033605.0,1776033605,93.8102,22.045,9753.6,False,226.19,278.37,0.0,,10287.0,7006,False,0
89660b,FDB501  ,United Arab Emirates,1776033639.0,1776033639,75.2323,26.1651,11277.6,False,273.36,69.28,0.0,,11811.0,6230,False,0
89659d,ABY518  ,United Arab Emirates,1776033639.0,1776033639,90.2607,24.0151,990.6,False,98.18,141.81,-1.95,,937.26,1757,False,0
461f55,FIN8871 ,Finland,1776033516.0,1776033516,90.163,17.7691,11887.2,False,253.91,135.0,0.0,,12542.52,5610,False,0
05a042,DQA709  ,Maldives,1776033639.0,1776033639,76.2083,8.1821,4876.8,False,120.81,244.53,4.23,,5044.44,,False,0
461f08,FIN121  ,Finland,1776033638.0,1776033638,75.4239,30.5689,11689.08,False,267.44,136.32,-4.88,,12100.56,,False,0
484cbc,KLM843  ,Kingdom of the Netherlands,1776033639.0,1776033639,78.33,28.9851,10668.0,False,284.21,142.28,0.0,,11071.86,,False,0
8965f8,ABY423  ,United Arab Emirates,1776033630.0,1776033634,75.4149,11.7833,7307.58,False,231.66,335.88,1.63,,7665.72,,False,0
89409f,GFA154  ,Bahrain,1776033639.0,1776033639,86.4024,22.8008,11887.2,False,281.82,93.14,0.0,,12496.8,3104,False,0
899037,EVA087  ,Taiwan,1776033495.0,1776033535,74.2514,31.4059,9753.6,False,212.6,282.15,0.0,,10134.6,,False,0
8881ff,VJC1926 ,Viet Nam,1776033639.0,1776033639,94.1593,22.0957,10058.4,False,273.04,94.65,0.0,,10614.66,0372,False,0
4ba9e9,THY62Y  ,Turkey,1776033639.0,1776033639,89.7379,24.1296,3246.12,False,178.86,97.1,-8.78,,3337.56,5131,False,0
8990a6,CAL5522 ,Taiwan,1776033638.0,1776033638,91.6175,22.2821,10058.4,False,281.4,96.93,0.0,,10591.8,7715,False,0
04008d,ETH3691 ,Ethiopia,1776033433.0,1776033441,84.0938,22.0585,9753.6,False,231.9,257.44,0.0,,10264.14,6004,False,0
06a2f7,QTR982  ,Qatar,1776033638.0,1776033638,95.5181,21.987,11269.98,False,280.99,95.15,-0.33,,11871.96,2106,False,0
899136,EVA065  ,Taiwan,1776033639.0,1776033639,74.996,31.2393,10972.8,False,207.4,286.28,-0.33,,11361.42,6244,False,0
405bfe,BAW119  ,United Kingdom,1776033638.0,1776033639,77.5145,13.2086,1844.04,False,100.83,90.29,-4.88,,1844.04,,False,0
06a2af,QTR1C   ,Qatar,1776033639.0,1776033639,76.1737,13.7509,10363.2,False,250.2,298.36,0.0,,10957.56,,False,0
4ba95a,THY85   ,Turkey,1776033639.0,1776033639,78.1525,29.1869,9144.0,False,223.7,322.29,0.0,,9502.14,,False,0
7816be,CSC9661 ,China,1776033637.0,1776033639,92.3682,22.3327,10972.8,False,217.9,261.58,0.0,,11574.78,1506,False,0
8990f4,CAL063  ,Taiwan,1776033638.0,1776033639,76.3635,30.8203,11582.4,False,207.4,291.54,0.0,,11971.02,6257,False,0
4ba893,THY6102 ,Turkey,1776033576.0,1776033576,77.4761,13.6203,2857.5,False,163.24,208.83,-11.05,,3482.34,,False,0
49d26c,SEJ443  ,Czech Republic,1776033638.0,1776033638,86.2301,22.8083,10972.8,False,209.26,275.36,-0.65,,11551.92,1427,False,0
06a053,QTR18J  ,Qatar,1776033625.0,1776033625,78.347,9.206,10363.2,False,253.34,306.08,0.0,,10934.7,,False,0
789275,CPA624  ,China,1776033498.0,1776033533,95.7942,22.7666,11887.2,False,279.93,82.93,0.0,,12473.94,0420,False,0
06a125,QTR32N  ,Qatar,1776033639.0,1776033639,77.7998,13.3239,2636.52,False,139.51,309.91,11.05,,2682.24,,False,0
801597,AIC2147 ,India,1776033639.0,1776033639,81.1298,26.2794,9448.8,False,266.64,134.92,0.0,,9875.52,,False,0
801590,AXB1230 ,India,1776033639.0,1776033639,76.186,27.3367,9852.66,False,207.34,211.4,5.85,,10302.24,,False,0
06a103,QTR54X  ,Qatar,1776033638.0,1776033638,74.6023,28.6337,10066.02,False,225.65,263.72,2.93,,10492.74,,False,0
7892a9,HKC9376 ,China,1776033639.0,1776033639,91.7044,22.272,12496.8,False,263.34,97.07,0.0,,13144.5,0620,False,0
06a0b8,QTR529  ,Qatar,1776033639.0,1776033639,79.4097,13.1451,4678.68,False,202.58,287.28,7.8,,4861.56,,False,0
06a0bb,QTR9T   ,Qatar,1776033590.0,1776033602,83.7435,22.924,11574.78,False,221.61,275.19,-0.33,,12192.0,0425,False,0
8013a4,AIC5VW  ,India,1776033639.0,1776033639,88.3963,22.8943,1059.18,False,102.84,116.44,-3.25,,1005.84,0563,False,0
3c64f5,DLH757  ,Germany,1776033639.0,1776033639,72.0848,26.0159,10363.2,False,243.56,354.18,0.0,,10858.5,0343,False,0
151db6,AFL284  ,Russian Federation,1776033499.0,1776033566,83.6431,25.4634,10668.0,False,299.09,121.07,0.0,,11148.06,2723,False,0
151d48,AZV2955 ,Russian Federation,1776033639.0,1776033639,78.0974,27.2678,10675.62,False,274.1,145.86,0.0,,11094.72,,False,0
70c13c,OMS497  ,Oman,1776033638.0,1776033638,90.3969,23.8445,68.58,False,65.55,143.94,0.0,,-38.1,4722,False,0
77044d,ALK151  ,Sri Lanka,1776033638.0,1776033639,75.9328,12.7808,10972.8,False,234.25,324.56,0.0,,11590.02,,False,0
781140,CSS174  ,China,1776033639.0,1776033639,87.2224,20.9507,10668.0,False,257.58,44.03,0.0,,11231.88,0642,False,0
7823da,JDL2747 ,China,1776033609.0,1776033637,94.1301,23.436,10363.2,False,194.51,271.36,0.0,,10896.6,1546,False,0
48436e,KLM874  ,Kingdom of the Netherlands,1776033327.0,1776033333,72.047,26.3496,9738.36,False,253.39,354.17,0.0,,10218.42,0610,False,0
770594,ALK26L  ,Sri Lanka,1776033639.0,1776033639,78.4406,8.4308,8884.92,False,248.5,126.16,-12.35,,9441.18,,False,0
770590,ALK564  ,Sri Lanka,1776033637.0,1776033637,75.7524,10.661,12496.8,False,234.88,129.76,0.0,,13152.12,,False,0
88812d,HVN18   ,Viet Nam,1776033639.0,1776033639,89.4979,22.5319,11887.2,False,280.89,96.94,0.0,,12489.18,0663,False,0
8881aa,VJC884  ,Viet Nam,1776031998.0,1776033573,88.9718,16.3028,10058.4,False,240.44,104.24,0.0,,10652.76,0345,False,0
7813a0,CHH7913 ,China,1776033636.0,1776033636,93.2337,22.1633,10363.2,False,215.15,274.39,0.0,,10919.46,4503,False,0
4d0116,CLX873  ,Luxembourg,1776033638.0,1776033638,84.8401,24.8079,11277.6,False,289.58,125.02,0.0,,11811.0,1465,False,0
507c72,QNT2239 ,Uzbekistan,1776033639.0,1776033639,92.0828,20.3609,10058.4,False,254.77,125.13,0.0,,10629.9,2043,False,0
76cdc2,SIA346  ,Singapore,1776033638.0,1776033638,76.8377,26.324,9753.6,False,224.84,297.97,0.0,,10203.18,,False,0
75046f,MAS157  ,Malaysia,1776033639.0,1776033639,78.1496,12.7402,11887.2,False,241.49,114.54,0.0,,12565.38,,False,0
8966aa,ETD341  ,United Arab Emirates,1776033639.0,1776033639,78.5932,13.4371,8389.62,False,227.61,289.13,3.58,,8839.2,,False,0
750422,MXD756  ,Malaysia,1776033639.0,1776033639,77.5077,28.2054,11277.6,False,281.93,129.15,0.0,,11742.42,,False,0
3474cd,WFL8623 ,Spain,1776033638.0,1776033638,89.2553,20.8809,11887.2,False,256.64,127.83,0.0,,12527.28,1410,False,0
507c4d,UZB553  ,Uzbekistan,1776033617.0,1776033619,87.2312,18.8152,12496.8,False,258.16,132.5,0.0,,13152.12,2042,False,0
76bcc9,TGW50   ,Singapore,1776033638.0,1776033638,75.5995,25.7728,11582.4,False,220.08,306.92,0.0,,12138.66,,False,0
4cadc9,ITY758  ,Ireland,1776033530.0,1776033569,91.2661,18.2117,12496.8,False,253.25,111.82,0.0,,13174.98,1016,False,0
800b80,SEJ106  ,India,1776033627.0,1776033637,76.8193,28.5011,3467.1,False,160.34,103.55,-5.2,,3581.4,,False,0
4cad1e,KZR161  ,Ireland,1776033624.0,1776033624,91.3619,19.3825,9448.8,False,249.21,127.37,0.33,,9982.2,3405,False,0
3c4584,BOX718  ,Germany,1776033486.0,1776033634,74.7125,32.8455,11277.6,False,4.66,353.66,0.0,,10317.48,,False,0
40731c,BAW277  ,United Kingdom,1776033583.0,1776033606,76.7222,24.8015,12496.8,False,253.64,169.01,0.0,,13075.92,,False,0
151f70,JTC9580 ,Russian Federation,1776033600.0,1776033600,76.8434,24.5815,13716.0,False,248.55,165.62,0.0,,14279.88,,False,0
4cac0f,KZR563  ,Ireland,1776033638.0,1776033638,81.947,25.5209,10668.0,False,263.32,142.3,0.0,,11140.44,,False,0
39d2b1,AFR198  ,France,1776033638.0,1776033639,79.1467,28.1459,12496.8,False,285.56,134.93,0.0,,12923.52,,False,0
4d2089,VJT275  ,Malta,1776033023.0,1776033502,94.7004,22.0574,12496.8,False,276.24,94.91,0.0,,12641.58,1305,False,0
800cd6,AXB550  ,India,1776033560.0,1776033560,74.9084,11.4201,10058.4,False,222.55,143.55,0.0,,10614.66,,False,0
801667,AIC2378 ,India,1776033628.0,1776033634,87.8836,18.238,10668.0,False,240.46,135.61,0.0,,11277.6,0526,False,0
8014dd,AIC2115 ,India,1776033660.0,1776033660,79.9284,26.9068,10058.4,False,274.8,118.15,0.0,,10500.36,,False,0
8014bd,IGO6129 ,India,1776033455.0,1776033461,76.3175,11.4444,7947.66,False,194.69,170.26,-9.1,,8351.52,,False,0
801798,IGO706  ,India,1776033660.0,1776033660,77.2292,28.1257,2385.06,False,140.73,9.26,-8.13,,2415.54,,False,0
8015db,IGO242  ,India,1776033659.0,1776033660,74.7142,25.5831,10660.38,False,239.46,20.5,0.0,,11201.4,0352,False,0
8015da,IGO1172 ,India,1776033658.0,1776033660,80.1375,11.248,8648.7,False,221.58,9.35,-4.88,,9136.38,,False,0
88530b,THA340  ,Thailand,1776033658.0,1776033660,99.6154,14.8276,8747.76,False,221.93,134.06,-11.38,,9357.36,,False,0
80184b,IGO6564 ,India,1776033659.0,1776033660,77.3988,13.2737,2133.6,False,140.58,152.78,-3.9,,2156.46,,False,0
80052b,AIC2PB  ,India,1776033658.0,1776033659,76.9037,8.7797,2415.54,False,139.21,3.81,10.73,,2407.92,,False,0
800588,AIC277  ,India,1776033659.0,1776033660,76.9736,28.3391,2682.24,False,153.67,192.18,10.4,,2712.72,,False,0
781b4b,CSS167  ,China,1776033659.0,1776033659,80.8196,26.8148,9151.62,False,204.52,309.9,-0.33,,9540.24,6003,False,0
8003e4,AIC173  ,India,1776033660.0,1776033660,81.9594,26.4758,8839.2,False,291.66,106.71,0.33,,9235.44,,False,0
801805,IGO930  ,India,1776033660.0,1776033660,88.0278,23.1058,2796.54,False,174.07,123.55,-6.5,,2857.5,0531,False,0
80183b,IGO454H ,India,1776033659.0,1776033659,83.9267,22.4604,10668.0,False,262.05,76.84,0.0,,11247.12,0316,False,0
300a63,ITY769  ,Italy,1776033126.0,1776033655,75.3218,29.8065,8763.0,False,215.24,350.79,2.93,,9083.04,,False,0
8017ff,IGO246  ,India,1776033660.0,1776033660,81.7555,26.2656,10370.82,False,183.95,302.67,0.0,,10828.02,2651,False,0
8a0577,LNI111  ,Indonesia,1776033557.0,1776033557,78.2032,10.0138,10668.0,False,243.89,115.75,0.0,,11269.98,,False,0
7380c0,ELY065  ,Israel,1776033660.0,1776033660,77.3738,13.1831,11277.6,False,258.64,85.21,0.0,,11932.92,,False,0
780a66,CPA694  ,China,1776033607.0,1776033607,93.5438,23.443,11277.6,False,283.21,101.74,0.0,,11849.1,0545,False,0
8005ee,AIC301  ,India,1776033660.0,1776033660,77.1808,27.6025,5029.2,False,161.77,320.03,-8.45,,5204.46,,False,0
780a94,CPA632  ,China,1776033659.0,1776033660,88.4205,22.3987,11277.6,False,267.68,67.87,0.0,,11879.58,0602,False,0
4bb0ef,THY208  ,Turkey,1776033346.0,1776033389,90.4656,17.4839,11277.6,False,258.27,135.0,0.0,,11902.44,0771,True,0
896319,UAE371  ,United Arab Emirates,1776033659.0,1776033659,82.4981,17.9115,10363.2,False,246.3,288.51,0.0,,10949.94,6122,False,0
780a2a,CPA660  ,China,1776033660.0,1776033660,91.5645,23.8254,10668.0,False,285.86,102.26,0.0,,11209.02,0354,False,0
780a49,CPA612  ,China,1776033658.0,1776033659,99.4658,13.7369,10668.0,False,240.75,60.42,0.0,,11330.94,,False,0
800732,AIC308  ,India,1776033652.0,1776033652,89.958,17.9681,10660.38,False,257.91,134.76,0.0,,11262.36,0562,False,0
8830f7,TLM213  ,Thailand,1776033532.0,1776033616,90.0976,18.6543,11285.22,False,245.81,111.36,0.0,,11986.26,0647,False,0
8830f2,TLM211  ,Thailand,1776033660.0,1776033660,87.6241,19.486,10668.0,False,248.84,106.82,0.0,,11262.36,0647,False,0
4bb162,THY51Q  ,Turkey,1776033659.0,1776033660,77.3469,28.6299,1584.96,False,126.5,175.1,-11.38,,1577.34,,False,0
896502,ADY200  ,United Arab Emirates,1776033608.0,1776033608,75.0381,11.7524,8709.66,False,220.87,123.99,-5.53,,9281.16,,False,0
896479,UAE374  ,United Arab Emirates,1776033660.0,1776033660,88.447,21.1597,12496.8,False,264.36,108.61,0.0,,13136.88,6237,False,0
896485,ABY588  ,United Arab Emirates,1776033620.0,1776033620,74.9395,10.2294,10363.2,False,248.18,300.66,0.0,,10957.56,,False,0
89642d,ABY471  ,United Arab Emirates,1776033659.0,1776033659,79.328,13.6768,6957.06,False,211.44,116.13,-9.75,,7353.3,,False,0
683274,VSV5316 ,Kazakhstan,1776033659.0,1776033660,77.635,29.7695,10668.0,False,272.7,142.05,0.0,,11056.62,,False,0
885973,TVJ763  ,Thailand,1776033651.0,1776033656,86.2661,18.7954,11277.6,False,250.86,108.66,-0.33,,11902.44,0310,False,0
89662e,ADY133  ,United Arab Emirates,1776033573.0,1776033573,76.947,8.4543,205.74,False,75.3,315.28,-3.58,,83.82,,False,0
896616,UAE9817 ,United Arab Emirates,1776033605.0,1776033605,93.8102,22.045,9753.6,False,226.19,278.37,0.0,,10287.0,7006,False,0
89660b,FDB501  ,United Arab Emirates,1776033660.0,1776033660,75.2852,26.1832,11277.6,False,273.84,69.32,0.0,,11811.0,6230,False,0
89659d,ABY518  ,United Arab Emirates,1776033660.0,1776033660,90.2724,24.0009,944.88,False,91.16,143.26,-2.28,,891.54,1757,False,0
461f55,FIN8871 ,Finland,1776033516.0,1776033651,90.163,17.7691,11887.2,False,253.55,135.08,0.0,,12542.52,5610,False,0
05a042,DQA709  ,Maldives,1776033660.0,1776033660,76.1875,8.1723,4937.76,False,121.52,244.95,3.25,,5128.26,,False,0
461f08,FIN121  ,Finland,1776033659.0,1776033659,75.4642,30.5322,11582.4,False,268.19,136.48,-4.88,,11993.88,,False,0
484cbc,KLM843  ,Kingdom of the Netherlands,1776033660.0,1776033660,78.3665,28.9436,10668.0,False,283.17,142.38,0.0,,11071.86,,False,0
8965f8,ABY423  ,United Arab Emirates,1776033651.0,1776033651,75.3968,11.8233,7360.92,False,233.54,336.09,3.25,,7665.72,,False,0
89409f,GFA154  ,Bahrain,1776033660.0,1776033660,86.4585,22.7978,11887.2,False,281.85,93.24,0.0,,12504.42,3104,False,0
899037,EVA087  ,Taiwan,1776033495.0,1776033535,74.2514,31.4059,9753.6,False,212.6,282.15,0.0,,10134.6,,False,0
8881ff,VJC1926 ,Viet Nam,1776033660.0,1776033660,94.2174,22.0913,10058.4,False,273.04,94.65,0.0,,10614.66,0372,False,0
4ba9e9,THY62Y  ,Turkey,1776033660.0,1776033660,89.7724,24.1256,3108.96,False,169.03,97.17,-4.88,,3185.16,5131,False,0
8990a6,CAL5522 ,Taiwan,1776033660.0,1776033660,91.6753,22.2754,10058.4,False,280.95,97.05,0.0,,10599.42,7715,False,0
04008d,ETH3691 ,Ethiopia,1776033433.0,1776033441,84.0938,22.0585,9753.6,False,231.9,257.44,0.0,,10264.14,6004,False,0
06a2f7,QTR982  ,Qatar,1776033655.0,1776033656,95.5626,21.9832,11269.98,False,281.28,95.77,-3.25,,11879.58,2106,False,0
899136,EVA065  ,Taiwan,1776033657.0,1776033659,74.958,31.2489,10972.8,False,207.26,286.14,-0.65,,11361.42,6244,False,0
405bfe,BAW119  ,United Kingdom,1776033659.0,1776033659,77.5339,13.2084,1737.36,False,102.89,90.29,-5.53,,1729.74,,False,0
06a2af,QTR1C   ,Qatar,1776033659.0,1776033660,76.1321,13.7728,10363.2,False,249.51,298.31,0.0,,10957.56,,False,0
4ba95a,THY85   ,Turkey,1776033659.0,1776033660,78.1234,29.22,9144.0,False,224.02,322.18,0.0,,9502.14,,False,0
7816be,CSC9661 ,China,1776033659.0,1776033659,92.3206,22.3262,10972.8,False,218.41,261.6,0.0,,11574.78,1506,False,0
8990f4,CAL063  ,Taiwan,1776033660.0,1776033660,76.3207,30.8349,11582.4,False,207.88,291.49,0.0,,11971.02,6257,False,0
4ba893,THY6102 ,Turkey,1776033576.0,1776033576,77.4761,13.6203,2857.5,False,163.24,208.83,-11.05,,3482.34,,False,0
49d26c,SEJ443  ,Czech Republic,1776033660.0,1776033660,86.1868,22.812,10972.8,False,209.68,275.07,0.0,,11544.3,1427,False,0
06a053,QTR18J  ,Qatar,1776033625.0,1776033625,78.347,9.206,10363.2,False,253.34,306.08,0.0,,10934.7,,False,0
789275,CPA624  ,China,1776033498.0,1776033533,95.7942,22.7666,11887.2,False,279.93,82.93,0.0,,12473.94,0420,False,0
06a125,QTR32N  ,Qatar,1776033659.0,1776033659,77.7757,13.3363,2887.98,False,142.54,289.61,13.66,,2948.94,,False,0
801597,AIC2147 ,India,1776033660.0,1776033660,81.1689,26.2442,9448.8,False,266.28,135.0,0.33,,9875.52,,False,0
801590,AXB1230 ,India,1776033659.0,1776033659,76.1649,27.3058,9982.2,False,205.48,211.38,6.18,,10447.02,,False,0
06a103,QTR54X  ,Qatar,1776033660.0,1776033660,74.5537,28.629,10119.36,False,227.19,263.76,2.28,,10546.08,,False,0
7892a9,HKC9376 ,China,1776033660.0,1776033660,91.7576,22.2658,12496.8,False,263.34,97.07,0.0,,13144.5,0620,False,0
06a0b8,QTR529  ,Qatar,1776033659.0,1776033659,79.3739,13.156,4823.46,False,204.7,287.25,8.13,,5013.96,,False,0
06a0bb,QTR9T   ,Qatar,1776033590.0,1776033602,83.7435,22.924,11574.78,False,221.61,275.19,-0.33,,12192.0,0425,False,0
8013a4,AIC5VW  ,India,1776033660.0,1776033660,88.4131,22.8835,982.98,False,100.07,136.46,-3.25,,922.02,0563,False,0
3c64f5,DLH757  ,Germany,1776033656.0,1776033656,72.0803,26.0552,10363.2,False,244.07,354.19,0.0,,10850.88,0343,False,0
151db6,AFL284  ,Russian Federation,1776033499.0,1776033640,83.6431,25.4634,10668.0,False,299.09,121.07,0.0,,11148.06,2723,False,0
151d48,AZV2955 ,Russian Federation,1776033659.0,1776033659,78.1284,27.227,10675.62,False,274.1,145.86,0.0,,11102.34,,False,0
77044d,ALK151  ,Sri Lanka,1776033660.0,1776033660,75.905,12.8192,10972.8,False,234.25,324.56,0.0,,11590.02,,False,0
781140,CSS174  ,China,1776033659.0,1776033659,87.2564,20.9838,10675.62,False,256.86,44.03,0.0,,11231.88,0642,False,0
7823da,JDL2747 ,China,1776033655.0,1776033655,94.0432,23.438,10363.2,False,194.51,271.36,0.0,,10896.6,1546,False,0
770594,ALK26L  ,Sri Lanka,1776033659.0,1776033659,78.4768,8.4045,8633.46,False,246.34,126.08,-10.73,,9151.62,,False,0
770590,ALK564  ,Sri Lanka,1776033637.0,1776033654,75.7524,10.661,12496.8,False,235.28,129.68,0.0,,13152.12,,False,0
88812d,HVN18   ,Viet Nam,1776033660.0,1776033660,89.5541,22.5255,11887.2,False,281.4,96.93,0.0,,12489.18,0663,False,0
8881aa,VJC884  ,Viet Nam,1776031998.0,1776033660,88.9718,16.3028,10066.02,False,240.44,104.24,0.0,,10652.76,0345,False,0
7813a0,CHH7913 ,China,1776033636.0,1776033636,93.2337,22.1633,10363.2,False,215.15,274.39,0.0,,10919.46,4503,False,0
4d0116,CLX873  ,Luxembourg,1776033641.0,1776033641,84.8469,24.8036,11277.6,False,289.58,125.02,0.0,,11811.0,1465,False,0
507c72,QNT2239 ,Uzbekistan,1776033660.0,1776033660,92.124,20.3336,10058.4,False,254.77,125.13,0.33,,10637.52,2043,False,0
76cdc2,SIA346  ,Singapore,1776033659.0,1776033659,76.7968,26.3437,9753.6,False,224.84,297.97,0.0,,10203.18,,False,0
75046f,MAS157  ,Malaysia,1776033660.0,1776033660,78.1926,12.7209,11887.2,False,241.49,114.54,0.0,,12565.38,,False,0
8966aa,ETD341  ,United Arab Emirates,1776033659.0,1776033659,78.5519,13.451,8481.06,False,228.41,288.92,6.18,,8930.64,,False,0
750422,MXD756  ,Malaysia,1776033660.0,1776033660,77.5553,28.1711,11277.6,False,282.26,129.23,0.0,,11742.42,,False,0
3474cd,WFL8623 ,Spain,1776033659.0,1776033659,89.2971,20.852,11887.2,False,256.74,125.95,0.0,,12527.28,1410,False,0
507c4d,UZB553  ,Uzbekistan,1776033657.0,1776033657,87.3029,18.7525,12489.18,False,258.5,132.58,0.0,,13144.5,2042,False,0
76bcc9,TGW50   ,Singapore,1776033659.0,1776033659,75.5621,25.7983,11574.78,False,220.39,307.03,0.0,,12138.66,,False,0
4cadc9,ITY758  ,Ireland,1776033530.0,1776033569,91.2661,18.2117,12496.8,False,253.25,111.82,0.0,,13174.98,1016,False,0
800b80,SEJ106  ,India,1776033646.0,1776033650,76.8491,28.4948,3368.04,False,159.34,103.63,-5.53,,3474.72,,False,0
4cad1e,KZR161  ,Ireland,1776033659.0,1776033659,91.4281,19.3345,9456.42,False,248.48,127.34,0.0,,9997.44,3405,False,0
3c4584,BOX718  ,Germany,1776033486.0,1776033659,74.7125,32.8455,11277.6,False,4.66,353.66,0.0,,10317.48,,False,0
40731c,BAW277  ,United Kingdom,1776033583.0,1776033654,76.7222,24.8015,12496.8,False,252.54,169.08,0.0,,13083.54,,False,0
151f70,JTC9580 ,Russian Federation,1776033655.0,1776033655,76.8767,24.4622,13716.0,False,247.92,165.7,0.0,,14287.5,,False,0
4cac0f,KZR563  ,Ireland,1776033659.0,1776033659,81.9802,25.4818,10668.0,False,263.41,142.46,0.0,,11140.44,,False,0
39d2b1,AFR198  ,France,1776033660.0,1776033660,79.1914,28.1064,12496.8,False,285.92,134.85,0.0,,12923.52,,False,0
4d2089,VJT275  ,Malta,1776033023.0,1776033502,94.7004,22.0574,12496.8,False,276.24,94.91,0.0,,12641.58,1305,False,0
800cd6,AXB550  ,India,1776033560.0,1776033560,74.9084,11.4201,10058.4,False,222.55,143.55,0.0,,10614.66,,False,0
801645,AIC2NA  ,India,1776111986.0,1776111987,76.9472,8.4542,190.5,False,66.94,314.38,-3.58,,76.2,,False,0
80166d,AXB1121 ,India,1776112049.0,1776112049,79.0724,28.0509,8016.24,False,176.92,296.42,-6.18,,8359.14,,False,0
80164e,AIC4FB  ,India,1776112049.0,1776112049,80.5773,27.0011,11574.78,False,196.36,310.32,0.0,,12085.32,2636,False,0
80165e,AXB2069 ,India,1776112050.0,1776112050,77.6645,13.5292,3832.86,False,146.97,214.3,-3.58,,3985.26,,False,0
80168a,AXB2681 ,India,1776111762.0,1776111762,77.6257,13.1903,1249.68,False,75.63,90.39,-3.58,,1219.2,,False,0
8851e1,THA331  ,Thailand,1776112050.0,1776112050,78.3966,28.1035,6728.46,False,166.61,295.22,-5.2,,7002.78,0704,False,0
885222,THA346  ,Thailand,1776111944.0,1776112046,83.6208,25.3517,11887.2,False,292.41,116.66,0.0,,12451.08,4543,False,0
885221,THA934  ,Thailand,1776112019.0,1776112022,80.7051,26.9033,10363.2,False,224.82,310.36,0.0,,10828.02,6112,False,0
8014de,IGO342H ,India,1776112048.0,1776112048,79.5041,13.5106,6614.16,False,188.81,121.18,-5.53,,7010.4,,False,0
8014c8,IGO361  ,India,1776112040.0,1776112047,76.3225,14.8647,11109.96,False,241.18,135.26,-5.2,,11757.66,,False,0
8014ce,IGO6921 ,India,1776112050.0,1776112050,88.4626,22.8289,685.8,False,87.61,139.76,-2.6,,617.22,0314,False,0
885283,THA910  ,Thailand,1776112049.0,1776112049,82.9348,24.1643,9753.6,False,226.56,307.16,0.0,,10248.9,0747,False,0
885282,THA911  ,Thailand,1776112047.0,1776112048,84.9408,23.5271,11887.2,False,274.95,121.85,0.0,,12489.18,3447,False,0
801775,IGO276P ,India,1776112050.0,1776112050,77.1863,27.9048,3810.0,False,149.7,9.49,-6.18,,3939.54,,False,0
8852e4,THA940  ,Thailand,1776112049.0,1776112049,84.6637,23.3274,10355.58,False,222.62,289.86,-0.33,,10919.46,0702,False,0
8852e3,THA941  ,Thailand,1776112048.0,1776112049,87.2517,22.147,11277.6,False,275.52,123.81,-0.33,,11894.82,0470,False,0
801793,IGO5323 ,India,1776112033.0,1776112033,76.511,14.6531,10698.48,False,242.69,133.71,-4.88,,11338.56,,False,0
801798,IGO6366 ,India,1776112043.0,1776112050,88.4488,22.6637,76.2,False,77.15,186.51,0.98,,-30.48,1455,False,0
80184e,IGO1055 ,India,1776112050.0,1776112050,79.0942,12.9709,8458.2,False,220.8,94.28,3.25,,8930.64,,False,0
8960f6,UAE363  ,United Arab Emirates,1776112049.0,1776112050,87.7921,22.7191,11574.78,False,227.39,273.89,0.0,,12161.52,3124,False,0
8016ae,AXB2660 ,India,1776112024.0,1776112024,78.946,13.8387,9441.18,False,244.83,120.98,-18.21,,10165.08,,False,0
8016c8,AXB164  ,India,1776112049.0,1776112049,76.3352,28.3477,3657.6,False,159.9,63.43,0.0,,3779.52,4021,False,0
406947,BAW12   ,United Kingdom,1776112049.0,1776112049,76.9887,26.2514,9753.6,False,221.63,298.11,0.0,,10218.42,,False,0
80180e,IGO2369 ,India,1776112049.0,1776112049,77.3802,28.3374,2346.96,False,120.15,47.43,-2.93,,2392.68,,False,0
8a0816,LNI093  ,Indonesia,1776112049.0,1776112049,75.872,11.1936,10668.0,False,254.4,125.62,0.0,,11285.22,,False,0
8962e5,ETD218  ,United Arab Emirates,1776112050.0,1776112050,74.0475,28.1997,10812.78,False,295.08,99.33,-8.78,,11300.46,,False,0
8005f1,AIC301  ,India,1776112034.0,1776112034,90.0538,17.9361,12192.0,False,242.16,321.04,-0.33,,12854.94,,False,0
780a63,CPA694  ,China,1776112049.0,1776112049,80.1485,27.0136,11277.6,False,293.05,110.66,0.0,,11765.28,,False,0
8005f0,AIC312  ,India,1776112049.0,1776112049,89.7102,24.1636,11887.2,False,285.82,117.9,-0.33,,12451.08,0570,False,0
780a7f,CPA662  ,China,1776112049.0,1776112049,90.5749,23.645,2125.98,False,153.47,140.44,10.73,,2156.46,4722,False,0
4bb0f2,THY208  ,Turkey,1776111796.0,1776112048,75.3237,32.2049,11887.2,False,4.74,130.6,0.0,,10927.08,,False,0
4bb0f0,THY69   ,Turkey,1776111730.0,1776111757,73.7376,30.3792,11582.4,False,209.67,305.21,0.0,,11963.4,4031,False,0
4bb0ec,THY163  ,Turkey,1776112045.0,1776112049,74.3383,30.0075,11582.4,False,208.18,305.85,0.0,,11986.26,5525,False,0
4bb0ed,THY174  ,Turkey,1776112050.0,1776112050,87.432,18.6793,11887.2,False,260.84,135.72,0.0,,12519.66,1044,False,0
89631c,UAE512  ,United Arab Emirates,1776112050.0,1776112050,77.2169,28.4045,1668.78,False,122.85,68.38,-6.18,,1691.64,,False,0
896304,UAE542  ,United Arab Emirates,1776111914.0,1776111914,79.5326,13.495,6217.92,False,202.33,118.39,-9.75,,6835.14,,False,0
4bb0e8,THY067  ,Turkey,1776112019.0,1776112019,75.4433,31.1265,10363.2,False,211.59,286.67,0.0,,10683.24,4115,False,0
89630a,UAE395  ,United Arab Emirates,1776112048.0,1776112048,88.8024,22.6174,9753.6,False,235.31,280.33,0.0,,10264.14,7066,False,0
4bb0e4,THY58   ,Turkey,1776112049.0,1776112050,91.0721,21.0179,11887.2,False,267.68,124.27,0.0,,12352.02,5176,False,0
89639a,UAE303  ,United Arab Emirates,1776112049.0,1776112049,95.0748,22.6818,11811.0,False,225.19,262.52,2.28,,12184.38,,False,0
89637d,ETD394  ,United Arab Emirates,1776112024.0,1776112043,76.6148,9.9456,11277.6,False,233.7,130.0,0.0,,11925.3,,False,0
800732,AIC309  ,India,1776112050.0,1776112050,85.8349,22.1588,12184.38,False,232.53,316.52,0.0,,12801.6,1323,False,0
8830f1,TLM215  ,Thailand,1776112050.0,1776112050,87.7208,23.0914,11277.6,False,269.45,121.41,0.33,,11917.68,0520,False,0
4bb141,THY73   ,Turkey,1776112049.0,1776112049,79.3275,27.8147,9753.6,False,208.55,292.33,0.0,,10165.08,,False,0
8963f3,UAE381  ,United Arab Emirates,1776112047.0,1776112049,85.4054,22.8756,10972.8,False,232.32,274.83,0.0,,11536.68,5335,False,0
4bb106,THY39V  ,Turkey,1776112050.0,1776112050,77.1675,28.1489,11582.4,False,210.22,307.54,0.0,,12039.6,,False,0
4bb103,THY45M  ,Turkey,1776112049.0,1776112049,84.221,20.8824,11887.2,False,266.29,112.85,0.0,,12504.42,5132,False,0
4bb10a,THY165  ,Turkey,1776112050.0,1776112050,76.4954,30.7752,11582.4,False,205.29,291.61,0.0,,11925.3,,False,0
4bb184,THY25   ,Turkey,1776112049.0,1776112049,74.1609,30.1192,10965.18,False,214.57,305.63,-0.33,,11384.28,2275,False,0
4bb182,THY55   ,Turkey,1776112049.0,1776112049,78.6957,27.0891,10972.8,False,213.56,308.25,-0.33,,11452.86,,False,0
4bb148,THY71   ,Turkey,1776112049.0,1776112050,74.2148,30.0855,9144.0,False,217.33,305.95,0.0,,9494.52,,False,0
4067f5,TOM104  ,United Kingdom,1776112050.0,1776112050,73.1112,28.0784,12489.18,False,283.07,117.96,0.0,,12999.72,,False,0
4bb18a,THY311  ,Turkey,1776112050.0,1776112050,81.8874,26.1065,10972.8,False,215.97,306.38,0.33,,11468.1,4142,False,0
896464,ETD814  ,United Arab Emirates,1776112050.0,1776112050,83.2826,23.0158,11887.2,False,281.31,93.14,0.0,,12512.04,1704,False,0
8964b6,UAE568  ,United Arab Emirates,1776112049.0,1776112049,76.587,14.0212,7109.46,False,221.54,135.28,-11.38,,7543.8,,False,0
8965f6,ABY422  ,United Arab Emirates,1776112050.0,1776112050,75.6941,12.2195,10660.38,False,234.08,132.77,0.0,,11269.98,,False,0
4d0243,LXLMS   ,Luxembourg,1776112049.0,1776112049,97.9058,14.6315,11887.2,False,12.45,321.71,-0.33,,10927.08,,False,0
896714,ETD5PZ  ,United Arab Emirates,1776112048.0,1776112048,86.366,23.0063,9235.44,False,257.52,92.75,-6.83,,9723.12,1713,False,0
8965b8,UAE9892 ,United Arab Emirates,1776112050.0,1776112050,84.0731,22.9746,12496.8,False,276.2,93.31,0.0,,13098.78,6212,False,0
76cd79,SIA322  ,Singapore,1776112048.0,1776112049,74.5336,27.4226,10363.2,False,210.97,296.81,0.0,,10820.4,,False,0
899022,CAL061  ,Taiwan,1776112050.0,1776112050,79.8086,27.5801,11125.2,False,213.28,309.91,2.93,,11582.4,2617,False,0
899038,EVA087  ,Taiwan,1776112050.0,1776112050,87.5393,23.1938,9144.0,False,233.19,301.38,0.0,,9624.06,2642,False,0
780218,CPA044  ,China,1776111929.0,1776111929,96.5135,23.1342,10668.0,False,286.69,97.11,0.0,,11163.3,1122,False,0
04022b,ETH3773 ,Ethiopia,1776112049.0,1776112049,96.1098,21.9353,9753.6,False,228.81,278.4,0.0,,10347.96,,False,0
89913f,EVA071  ,Taiwan,1776112050.0,1776112050,89.3316,22.551,10363.2,False,230.03,276.81,-0.33,,10911.84,6246,False,0
06a2f7,QTR977  ,Qatar,1776111989.0,1776112040,95.6244,21.9779,11574.78,False,225.06,274.72,-11.7,,12207.24,,False,0
406d7a,BAW16   ,United Kingdom,1776111985.0,1776111989,73.3467,27.9672,10965.18,False,211.74,298.12,0.0,,11452.86,,False,0
406d6f,BLX404  ,United Kingdom,1776111852.0,1776111852,73.0426,28.1107,11582.4,False,208.05,298.02,-0.33,,12070.08,,False,0
4ba959,,Turkey,1776111994.0,1776111994,94.6013,23.3379,10668.0,False,283.66,96.35,0.0,,11224.26,,False,0
4ba956,THY85   ,Turkey,1776112049.0,1776112049,76.5821,28.7249,10363.2,False,206.37,300.4,0.0,,10789.92,,False,0
8990e2,EVA095  ,Taiwan,1776112050.0,1776112050,86.9256,23.7251,9753.6,False,227.3,299.12,0.0,,10256.52,2671,False,0
8990f3,CAL063  ,Taiwan,1776112050.0,1776112050,90.2092,22.4507,10972.8,False,228.69,277.24,0.0,,11551.92,6242,False,0
3949ef,AFR283  ,France,1776112049.0,1776112049,76.9272,28.5269,1417.32,False,136.2,252.87,13.33,,1402.08,,False,0
7c8070,QFA10   ,Australia,1776112050.0,1776112050,79.694,12.6205,11574.78,False,259.44,171.68,-0.33,,12252.96,,False,0
4406de,AUA8    ,Austria,1776112049.0,1776112049,77.7051,27.7806,10363.2,False,217.03,307.87,0.0,,10805.16,,False,0
06a127,QTR572  ,Qatar,1776111900.0,1776111900,77.6259,13.1903,1249.68,False,87.97,90.34,-4.23,,1653.54,,False,0
801534,AIC2336 ,India,1776112048.0,1776112048,86.4554,22.6407,10058.4,False,260.97,123.5,0.33,,10607.04,0567,False,0
80154d,IGO527Y ,India,1776112050.0,1776112050,77.2772,28.5052,929.64,False,89.59,283.96,-3.58,,891.54,0344,False,0
80155f,AIC2361 ,India,1776112048.0,1776112048,83.197,25.632,10363.2,False,198.02,298.9,0.0,,10850.88,6542,False,0
885112,THA350  ,Thailand,1776112048.0,1776112048,84.6904,25.0507,11887.2,False,285.65,123.69,0.0,,12435.84,7264,False,0
885114,THA925  ,Thailand,1776112048.0,1776112049,87.7253,21.85,11887.2,False,271.24,124.02,0.0,,12512.04,5561,False,0
885113,THA900  ,Thailand,1776112049.0,1776112050,79.2179,28.373,11582.4,False,213.23,316.37,0.0,,12031.98,0715,False,0
885105,THA961  ,Thailand,1776112049.0,1776112049,87.631,21.9094,13106.4,False,264.96,124.0,0.0,,13716.0,0726,False,0
88510e,THA955  ,Thailand,1776112048.0,1776112050,83.2651,24.4546,11887.2,False,287.0,120.84,0.0,,12443.46,0725,False,0
88510d,THA954  ,Thailand,1776112050.0,1776112050,81.0326,26.6696,9753.6,False,228.03,305.91,0.0,,10226.04,6120,False,0
88510f,THA326  ,Thailand,1776112037.0,1776112037,79.9929,12.9851,9083.04,False,263.44,88.99,3.58,,9555.48,,False,0
885119,THA901  ,Thailand,1776112049.0,1776112049,89.5348,20.6862,12496.8,False,269.05,126.76,0.0,,13136.88,5150,False,0
885116,THA924  ,Thailand,1776112049.0,1776112049,85.2817,23.1191,10363.2,False,229.65,290.18,0.0,,10896.6,0701,False,0
06a0f6,QTR85R  ,Qatar,1776112040.0,1776112040,76.5578,10.2259,1181.1,False,102.06,159.65,-4.88,,1127.76,,False,0
8013fd,IGO1170 ,India,1776112050.0,1776112050,77.2248,28.1012,2903.22,False,132.11,9.87,-5.2,,2979.42,,False,0
88516f,THA970  ,Thailand,1776112050.0,1776112050,87.5002,21.9922,9753.6,False,234.57,304.0,0.0,,10279.38,0746,False,0
88516c,THA950  ,Thailand,1776112049.0,1776112050,85.0043,23.213,9753.6,False,229.96,290.02,0.0,,10264.14,6145,False,0
88516e,THA921  ,Thailand,1776112050.0,1776112050,84.2536,23.4115,10668.0,False,284.86,117.54,0.0,,11216.64,7712,False,0
88516d,THA931  ,Thailand,1776112049.0,1776112049,86.878,22.3796,10668.0,False,269.67,123.72,0.0,,11231.88,4520,False,0
885178,THA920  ,Thailand,1776112048.0,1776112049,79.5692,26.4666,9144.0,False,229.86,308.64,0.0,,9563.1,,False,0
885179,THA971  ,Thailand,1776112045.0,1776112047,91.5459,19.249,11277.6,False,269.69,127.48,0.0,,11917.68,3045,False,0
885170,THA951  ,Thailand,1776112048.0,1776112048,84.88,23.5588,11277.6,False,278.01,122.45,0.0,,11856.72,4553,False,0
4b1880,SWR147  ,Switzerland,1776112050.0,1776112050,75.4238,29.3178,8801.1,False,213.46,298.97,4.55,,9144.0,,False,0
3c670b,DLH773  ,Germany,1776112049.0,1776112050,74.7448,29.7496,10363.2,False,209.08,306.19,0.0,,10736.58,1301,False,0
3c670a,DLH769  ,Germany,1776112049.0,1776112049,75.21,27.1154,11582.4,False,209.83,297.13,0.0,,12092.94,,False,0
7820d9,CBJ689  ,China,1776112049.0,1776112049,96.0733,22.8337,10972.8,False,211.21,262.44,0.0,,11544.3,,False,0
a9aba2,ETD9725 ,United States,1776112049.0,1776112049,86.4773,25.0261,12496.8,False,280.64,103.25,0.0,,13068.3,3407,False,0
86d90e,JAL749  ,Japan,1776112050.0,1776112050,81.9152,26.6534,12184.38,False,206.42,297.78,0.33,,12694.92,7400,False,0
484560,KLM836  ,Kingdom of the Netherlands,1776112047.0,1776112048,86.5322,19.5512,9144.0,False,248.46,315.42,0.0,,9662.16,0150,False,0
77044d,ALK173  ,Sri Lanka,1776112049.0,1776112049,78.2254,11.8981,9471.66,False,238.71,326.52,-19.83,,10043.16,,False,0
88812d,HVN73   ,Viet Nam,1776112049.0,1776112049,87.7584,23.1766,10972.8,False,229.58,301.62,0.0,,11529.06,7006,False,0
88812a,HVN62   ,Viet Nam,1776112050.0,1776112050,90.1343,22.4594,12496.8,False,276.36,97.16,0.0,,13121.64,0411,False,0
888138,HVN19   ,Viet Nam,1776112025.0,1776112025,80.6873,26.917,10972.8,False,213.1,310.5,0.0,,11430.0,7011,False,0
888167,HVN33   ,Viet Nam,1776112049.0,1776112049,83.803,23.5749,11582.4,False,220.38,294.11,0.0,,12054.84,5602,False,0
888152,HVN34   ,Viet Nam,1776112049.0,1776112049,95.6973,21.9716,12496.8,False,274.8,95.16,0.0,,13114.02,4521,False,0
88813a,HVN11   ,Viet Nam,1776112048.0,1776112048,79.7069,26.3807,10972.8,False,215.56,308.7,0.0,,11422.38,,False,0
7705c1,ALK191  ,Sri Lanka,1776112049.0,1776112050,79.7054,12.9525,10972.8,False,237.47,351.91,0.0,,11597.64,,False,0
888123,HVN18   ,Viet Nam,1776112049.0,1776112049,83.4976,24.8154,12496.8,False,285.09,114.07,0.0,,12824.46,0670,False,0
4851b0,KLM810  ,Kingdom of the Netherlands,1776112050.0,1776112050,76.2817,25.3044,9753.6,False,224.61,307.37,-0.33,,10248.9,,False,0
8881c7,VJC896  ,Viet Nam,1776112048.0,1776112049,88.0194,22.9361,12496.8,False,261.69,123.13,0.0,,13114.02,0512,False,0
8880e5,HVN980  ,Viet Nam,1776112048.0,1776112048,83.5107,25.2355,11277.6,False,279.98,110.43,0.0,,11803.38,,False,0
8880e1,HVN36   ,Viet Nam,1776112050.0,1776112050,89.2412,22.5611,11887.2,False,278.21,96.8,-0.33,,12504.42,7716,False,0
8880e2,HVN37   ,Viet Nam,1776111999.0,1776111999,74.0182,30.2082,9753.6,False,217.81,305.19,0.0,,10111.74,7045,False,0
8880e0,HVN30   ,Viet Nam,1776111819.0,1776111859,93.0269,19.6856,11887.2,False,263.2,127.3,0.0,,12550.14,7716,False,0
4d0119,CLX4951 ,Luxembourg,1776112049.0,1776112049,91.52,20.727,12489.18,False,260.26,124.29,0.0,,13106.4,3506,False,0
8940b5,DHX821  ,Bahrain,1776112050.0,1776112050,88.6744,22.639,11422.38,False,258.23,100.21,-3.58,,12016.74,4701,False,0
76cccb,SIA7333 ,Singapore,1776112049.0,1776112050,79.605,26.4408,11277.6,False,293.89,128.68,0.0,,11765.28,,False,0
5140d5,IGT1145 ,Georgia,1776112049.0,1776112049,94.7838,21.8473,9753.6,False,225.1,280.67,0.0,,10226.04,,False,0
76cdb7,SIA304  ,Singapore,1776112049.0,1776112050,82.0552,24.7139,10972.8,False,222.67,307.58,0.0,,11498.58,2203,False,0
76cdaf,SIA356  ,Singapore,1776112050.0,1776112050,76.7292,24.9962,11582.4,False,218.44,303.76,0.0,,12138.66,,False,0
76cdba,SIA352  ,Singapore,1776112019.0,1776112019,83.4876,23.6877,10972.8,False,226.08,312.69,0.0,,11521.44,2267,False,0
75044c,MAS2    ,Malaysia,1776112049.0,1776112049,75.6365,25.6802,11582.4,False,217.21,302.52,0.0,,12138.66,,False,0
750447,MXD161  ,Malaysia,1776112050.0,1776112050,91.5092,22.6127,8435.34,False,230.8,140.06,3.9,,8854.44,4754,False,0
7503bf,AXM36   ,Malaysia,1776111934.0,1776111934,76.5592,10.0014,4274.82,False,167.4,102.24,5.85,,4335.78,,False,0
507c44,UZB531  ,Uzbekistan,1776112048.0,1776112049,78.0588,29.2932,10668.0,False,268.37,142.16,-0.33,,11064.24,,False,0
75059a,XAX605  ,Malaysia,1776112038.0,1776112038,77.0009,24.758,11887.2,False,271.09,133.54,0.0,,12466.32,,False,0
750562,AXM93   ,Malaysia,1776112049.0,1776112049,88.4952,19.334,10058.4,False,242.4,133.11,0.0,,10629.9,0571,False,0
750554,MAS197  ,Malaysia,1776112043.0,1776112043,91.9443,22.1271,9403.08,False,246.87,140.07,4.55,,9890.76,4776,False,0
4caeb6,KZR964  ,Ireland,1776112034.0,1776112046,75.237,30.3294,10972.8,False,218.84,351.76,0.0,,11369.04,,False,0
4d235c,VJT100  ,Malta,1776112049.0,1776112049,76.4472,29.1138,6926.58,False,208.4,131.8,-9.1,,7185.66,,False,0
800b45,BDA481  ,India,1776112043.0,1776112043,74.9519,25.7143,10363.2,False,213.59,213.8,0.0,,10858.5,0516,False,0
4cad1e,KZR161  ,Ireland,1776112031.0,1776112036,75.3695,31.1451,9456.42,False,266.63,106.48,0.0,,9776.46,,False,0
800c86,AIC4KB  ,India,1776112050.0,1776112050,77.1933,28.5422,647.7,False,69.26,285.07,-3.25,,579.12,,False,0
39c428,AFR182  ,France,1776112038.0,1776112043,83.7613,21.8486,11277.6,False,272.04,130.01,0.0,,11894.82,0664,False,0
39d2a2,AFR196  ,France,1776112049.0,1776112050,79.3729,28.3526,11887.2,False,287.02,132.09,0.0,,12329.16,,False,0
4b191c,SWR177  ,Switzerland,1776111939.0,1776111952,73.9485,26.6721,9753.6,False,219.86,298.66,0.0,,10226.04,2233,False,0
800cb9,AIC5RP  ,India,1776112049.0,1776112049,75.7322,27.661,7040.88,False,214.21,27.3,-7.8,,7360.92,0333,False,0
801645,AIC2NA  ,India,1776111986.0,1776111987,76.9472,8.4542,190.5,False,66.94,314.38,-3.58,,76.2,,False,0
80166d,AXB1121 ,India,1776112070.0,1776112070,79.0383,28.0659,7886.7,False,176.46,296.49,-6.18,,8221.98,,False,0
80164e,AIC4FB  ,India,1776112051.0,1776112051,80.5742,27.0035,11582.4,False,196.36,310.32,0.0,,12085.32,2636,False,0
80165e,AXB2069 ,India,1776112071.0,1776112071,77.6489,13.5067,3764.28,False,139.98,214.22,-2.6,,3909.06,,False,0
80168a,AXB2681 ,India,1776111762.0,1776111762,77.6257,13.1903,1249.68,False,75.63,90.39,-3.58,,1219.2,,False,0
8851e1,THA331  ,Thailand,1776112071.0,1776112071,78.365,28.1168,6614.16,False,165.46,295.21,-5.53,,6873.24,0704,False,0
885222,THA346  ,Thailand,1776111944.0,1776112046,83.6208,25.3517,11887.2,False,292.41,116.66,0.0,,12451.08,4543,False,0
885221,THA934  ,Thailand,1776112019.0,1776112022,80.7051,26.9033,10363.2,False,224.82,310.36,0.0,,10828.02,6112,False,0
8014de,IGO342H ,India,1776112070.0,1776112070,79.5364,13.4916,6515.1,False,175.39,121.08,-4.55,,6835.14,,False,0
8014c8,IGO361  ,India,1776112040.0,1776112047,76.3225,14.8647,11109.96,False,241.18,135.26,-5.2,,11757.66,,False,0
8014ce,IGO6921 ,India,1776112070.0,1776112071,88.4656,22.814,670.56,False,81.85,182.16,0.0,,594.36,0314,False,0
885283,THA910  ,Thailand,1776112070.0,1776112070,82.8961,24.1911,9753.6,False,226.25,307.05,0.0,,10248.9,0747,False,0
885282,THA911  ,Thailand,1776112069.0,1776112069,84.9919,23.4979,11887.2,False,274.24,121.81,0.0,,12489.18,3447,False,0
801775,IGO276P ,India,1776112071.0,1776112071,77.1915,27.9323,3695.7,False,145.55,9.56,-5.2,,3817.62,,False,0
8852e4,THA940  ,Thailand,1776112070.0,1776112070,84.6221,23.3413,10355.58,False,222.13,289.9,0.33,,10911.84,0702,False,0
8852e3,THA941  ,Thailand,1776112070.0,1776112070,87.3018,22.1157,11277.6,False,276.23,123.84,0.0,,11894.82,0470,False,0
801793,IGO5323 ,India,1776112033.0,1776112033,76.511,14.6531,10698.48,False,242.69,133.71,-4.88,,11338.56,,False,0
801798,IGO6366 ,India,1776112068.0,1776112068,88.4468,22.6461,236.22,False,80.62,185.49,10.4,,121.92,1455,False,0
80184e,IGO1055 ,India,1776112070.0,1776112070,79.1368,12.9696,8526.78,False,224.31,89.34,4.23,,8999.22,,False,0
8960f6,UAE363  ,United Arab Emirates,1776112070.0,1776112071,87.7461,22.722,11590.02,False,227.39,273.89,-0.33,,12169.14,3124,False,0
8016ae,AXB2660 ,India,1776112070.0,1776112071,79.0347,13.7865,8724.9,False,242.09,121.09,-13.98,,9235.44,,False,0
8016c8,AXB164  ,India,1776112070.0,1776112070,76.366,28.3613,3657.6,False,159.9,63.43,0.0,,3779.52,4021,False,0
406947,BAW12   ,United Kingdom,1776112070.0,1776112070,76.9477,26.2711,9753.6,False,222.09,298.05,0.0,,10218.42,,False,0
80180e,IGO2369 ,India,1776112070.0,1776112071,77.399,28.3528,2286.0,False,118.95,44.82,-3.58,,2324.1,,False,0
8a0816,LNI093  ,Indonesia,1776112070.0,1776112070,75.9121,11.1653,10668.0,False,254.52,125.46,0.0,,11285.22,,False,0
8962e5,ETD218  ,United Arab Emirates,1776112069.0,1776112071,74.1055,28.1937,10668.0,False,294.27,94.81,-5.85,,11132.82,,False,0
8005f1,AIC301  ,India,1776112064.0,1776112071,90.0104,17.9874,12184.38,False,242.16,321.04,0.0,,12847.32,,False,0
780a63,CPA694  ,China,1776112070.0,1776112070,80.206,26.9941,11277.6,False,292.75,110.79,0.0,,11765.28,,False,0
8005f0,AIC312  ,India,1776112070.0,1776112070,89.7633,24.1375,11879.58,False,285.19,118.32,0.33,,12451.08,0570,False,0
780a7f,CPA662  ,China,1776112070.0,1776112070,90.595,23.6225,2369.82,False,155.32,140.51,10.4,,2415.54,4722,False,0
4bb0f2,THY208  ,Turkey,1776111796.0,1776112063,75.3237,32.2049,11887.2,False,4.74,130.6,0.0,,10927.08,,False,0
4bb0f0,THY69   ,Turkey,1776111730.0,1776111757,73.7376,30.3792,11582.4,False,209.67,305.21,0.0,,11963.4,4031,False,0
4bb0ec,THY163  ,Turkey,1776112070.0,1776112070,74.2937,30.0356,11582.4,False,208.9,305.88,-0.33,,11986.26,5525,False,0
4bb0ed,THY174  ,Turkey,1776112051.0,1776112065,87.4345,18.6769,11887.2,False,260.84,135.72,0.0,,12519.66,1044,False,0
89631c,UAE512  ,United Arab Emirates,1776112070.0,1776112071,77.2391,28.4139,1501.14,False,113.88,63.43,-9.1,,1501.14,,False,0
896304,UAE542  ,United Arab Emirates,1776111914.0,1776111914,79.5326,13.495,6217.92,False,202.33,118.39,-9.75,,6835.14,,False,0
4bb0e8,THY067  ,Turkey,1776112019.0,1776112019,75.4433,31.1265,10363.2,False,211.59,286.67,0.0,,10683.24,4115,False,0
89630a,UAE395  ,United Arab Emirates,1776112069.0,1776112070,88.7538,22.6256,9753.6,False,235.22,280.2,0.0,,10264.14,7066,False,0
4bb0e4,THY58   ,Turkey,1776112069.0,1776112070,91.1146,20.9907,11887.2,False,267.26,124.33,0.0,,12352.02,5176,False,0
89639a,UAE303  ,United Arab Emirates,1776112069.0,1776112069,95.0318,22.6766,11856.72,False,225.19,262.52,1.63,,12184.38,,False,0
89637d,ETD394  ,United Arab Emirates,1776112067.0,1776112068,76.6854,9.8869,11277.6,False,233.31,130.08,0.33,,11925.3,,False,0
800732,AIC309  ,India,1776112071.0,1776112071,85.8025,22.1906,12184.38,False,232.53,316.52,-0.33,,12801.6,1323,False,0
8830f1,TLM215  ,Thailand,1776112070.0,1776112071,87.7669,23.0654,11277.6,False,269.72,121.51,-0.33,,11917.68,0520,False,0
4bb141,THY73   ,Turkey,1776112070.0,1776112070,79.2858,27.8299,9753.6,False,208.55,292.33,0.0,,10165.08,,False,0
8963f3,UAE381  ,United Arab Emirates,1776112070.0,1776112070,85.3528,22.8797,10972.8,False,231.81,274.84,0.0,,11536.68,5335,False,0
4bb106,THY39V  ,Turkey,1776112070.0,1776112070,77.1322,28.173,11582.4,False,210.62,307.46,0.0,,12039.6,,False,0
4bb103,THY45M  ,Turkey,1776112070.0,1776112070,84.2696,20.8633,11887.2,False,266.29,112.85,0.0,,12504.42,5132,False,0
4bb10a,THY165  ,Turkey,1776112070.0,1776112070,76.4541,30.7893,11582.4,False,205.77,291.56,0.0,,11932.92,,False,0
4bb184,THY25   ,Turkey,1776112070.0,1776112071,74.1235,30.1427,10972.8,False,215.36,306.16,-0.65,,11384.28,2275,False,0
4bb182,THY55   ,Turkey,1776112070.0,1776112070,78.661,27.1136,10972.8,False,213.15,308.34,-0.33,,11452.86,,False,0
4bb148,THY71   ,Turkey,1776112049.0,1776112071,74.2148,30.0855,9144.0,False,217.33,305.95,0.0,,9494.52,,False,0
4067f5,TOM104  ,United Kingdom,1776112070.0,1776112071,73.1642,28.0535,12496.8,False,283.31,118.05,0.0,,12999.72,,False,0
4bb18a,THY311  ,Turkey,1776112071.0,1776112071,81.8512,26.1306,10965.18,False,215.97,306.38,-0.33,,11460.48,4142,False,0
896464,ETD814  ,United Arab Emirates,1776112071.0,1776112071,83.34,23.0129,11887.2,False,281.82,93.14,-0.33,,12504.42,1704,False,0
89664c,ETD408  ,United Arab Emirates,1776112070.0,1776112070,83.8023,19.4575,11277.6,False,263.94,129.31,0.0,,11932.92,3445,False,0
8964b6,UAE568  ,United Arab Emirates,1776112049.0,1776112049,76.587,14.0212,7109.46,False,221.54,135.28,-11.38,,7543.8,,False,0
8965f6,ABY422  ,United Arab Emirates,1776112071.0,1776112071,75.7272,12.1893,10660.38,False,234.08,132.77,0.0,,11269.98,,False,0
4d0243,LXLMS   ,Luxembourg,1776112071.0,1776112071,97.9063,14.6319,11887.2,False,12.37,106.93,0.0,,10927.08,,False,0
896714,ETD5PZ  ,United Arab Emirates,1776112069.0,1776112070,86.4172,23.0042,9121.14,False,252.33,92.57,-5.2,,9593.58,1713,False,0
8965b8,UAE9892 ,United Arab Emirates,1776112067.0,1776112071,84.1193,22.9721,12496.8,False,275.72,93.42,0.0,,13098.78,6212,False,0
76cd79,SIA322  ,Singapore,1776112070.0,1776112070,74.4917,27.4415,10363.2,False,210.74,296.69,0.0,,10820.4,,False,0
899022,CAL061  ,Taiwan,1776112070.0,1776112071,79.7753,27.605,11186.16,False,212.89,310.0,3.9,,11650.98,2617,False,0
899038,EVA087  ,Taiwan,1776112071.0,1776112071,87.4987,23.2167,9144.0,False,233.19,301.38,0.0,,9624.06,2642,False,0
780218,CPA044  ,China,1776111929.0,1776111929,96.5135,23.1342,10668.0,False,286.69,97.11,0.0,,11163.3,1122,False,0
04022b,ETH3773 ,Ethiopia,1776112071.0,1776112071,96.0615,21.9402,9753.6,False,228.83,275.16,0.0,,10287.0,,False,0
89913f,EVA071  ,Taiwan,1776112070.0,1776112070,89.2859,22.5562,10363.2,False,230.1,276.93,0.0,,10911.84,6246,False,0
06a2f7,QTR977  ,Qatar,1776111989.0,1776112070,95.6244,21.9779,11574.78,False,225.06,274.72,-11.7,,12207.24,,False,0
406d7a,BAW16   ,United Kingdom,1776111985.0,1776111989,73.3467,27.9672,10965.18,False,211.74,298.12,0.0,,11452.86,,False,0
406d6f,BLX404  ,United Kingdom,1776111852.0,1776111852,73.0426,28.1107,11582.4,False,208.05,298.02,-0.33,,12070.08,,False,0
4ba959,,Turkey,1776111994.0,1776111994,94.6013,23.3379,10668.0,False,283.66,96.35,0.0,,11224.26,,False,0
4ba956,THY85   ,Turkey,1776112070.0,1776112070,76.5434,28.745,10363.2,False,206.37,300.4,0.0,,10789.92,,False,0
8990e2,EVA095  ,Taiwan,1776112070.0,1776112071,86.8858,23.7456,9753.6,False,227.55,299.23,0.0,,10256.52,2671,False,0
8990f3,CAL063  ,Taiwan,1776112071.0,1776112071,90.1625,22.4561,10972.8,False,228.12,277.13,0.0,,11544.3,6242,False,0
3949ef,AFR283  ,France,1776112070.0,1776112071,76.8992,28.5194,1676.4,False,136.54,253.14,11.7,,1676.4,,False,0
7c8070,QFA10   ,Australia,1776112071.0,1776112071,79.7012,12.5722,11582.4,False,259.51,171.56,0.0,,12252.96,,False,0
4406de,AUA8    ,Austria,1776112070.0,1776112070,77.6684,27.8059,10363.2,False,217.43,307.79,0.0,,10805.16,,False,0
06a127,QTR572  ,Qatar,1776111900.0,1776111900,77.6259,13.1903,1249.68,False,87.97,90.34,-4.23,,1653.54,,False,0
801534,AIC2336 ,India,1776112071.0,1776112071,86.502,22.612,10058.4,False,260.54,123.56,0.33,,10607.04,0567,False,0
80154d,IGO527Y ,India,1776112070.0,1776112070,77.2595,28.509,845.82,False,85.72,283.54,-2.6,,792.48,0344,False,0
80155f,AIC2361 ,India,1776112048.0,1776112067,83.197,25.632,10363.2,False,197.57,298.97,0.0,,10843.26,6542,False,0
885112,THA350  ,Thailand,1776112070.0,1776112070,84.7429,25.0187,11887.2,False,285.22,123.75,0.0,,12435.84,7264,False,0
885114,THA925  ,Thailand,1776112070.0,1776112070,87.7718,21.8207,11887.2,False,271.96,124.05,0.0,,12512.04,5561,False,0
885113,THA900  ,Thailand,1776112071.0,1776112071,79.1863,28.4024,11582.4,False,213.6,316.46,0.0,,12031.98,0715,False,0
885105,THA961  ,Thailand,1776112070.0,1776112070,87.6748,21.8819,13106.4,False,264.96,124.0,0.0,,13716.0,0726,False,0
88510e,THA955  ,Thailand,1776112070.0,1776112070,83.3194,24.4249,11887.2,False,286.56,120.89,0.0,,12443.46,0725,False,0
88510d,THA954  ,Thailand,1776112070.0,1776112071,80.9944,26.6945,9753.6,False,228.03,305.91,0.0,,10226.04,6120,False,0
88510f,THA326  ,Thailand,1776112052.0,1776112053,80.0302,12.9857,9136.38,False,264.98,89.0,2.6,,9646.92,,False,0
885119,THA901  ,Thailand,1776112070.0,1776112071,89.5779,20.656,12496.8,False,268.33,126.74,0.0,,13136.88,5150,False,0
885116,THA924  ,Thailand,1776112070.0,1776112070,85.238,23.1339,10363.2,False,230.13,290.14,0.0,,10896.6,0701,False,0
06a0f6,QTR85R  ,Qatar,1776112070.0,1776112070,76.5645,10.1989,1036.32,False,102.59,176.26,-4.23,,1013.46,,False,0
8013fd,IGO1170 ,India,1776112071.0,1776112071,77.2296,28.1257,2788.92,False,129.49,9.84,-5.85,,2857.5,,False,0
88516f,THA970  ,Thailand,1776112070.0,1776112070,87.4613,22.0166,9753.6,False,234.57,304.0,0.0,,10279.38,0746,False,0
88516c,THA950  ,Thailand,1776112070.0,1776112070,84.961,23.2276,9753.6,False,230.44,289.97,0.0,,10264.14,6145,False,0
88516e,THA921  ,Thailand,1776112071.0,1776112071,84.3053,23.3866,10668.0,False,284.17,117.49,0.0,,11216.64,7712,False,0
88516d,THA931  ,Thailand,1776112070.0,1776112070,86.924,22.351,10668.0,False,269.67,123.72,0.0,,11231.88,4520,False,0
885178,THA920  ,Thailand,1776112070.0,1776112070,79.53,26.4948,9144.0,False,230.58,308.66,0.0,,9563.1,,False,0
885179,THA971  ,Thailand,1776112068.0,1776112070,91.5924,19.2152,11277.6,False,269.69,127.48,0.0,,11917.68,3045,False,0
885170,THA951  ,Thailand,1776112070.0,1776112070,84.9308,23.5289,11277.6,False,277.57,122.51,0.0,,11864.34,4553,False,0
4b1880,SWR147  ,Switzerland,1776112071.0,1776112071,75.3846,29.3392,8900.16,False,215.6,304.11,4.88,,9258.3,,False,0
3c670b,DLH773  ,Germany,1776112070.0,1776112070,74.7078,29.7732,10363.2,False,209.5,306.11,0.0,,10736.58,1301,False,0
3c670a,DLH769  ,Germany,1776112070.0,1776112070,75.17,27.1337,11582.4,False,210.06,296.94,0.0,,12092.94,,False,0
7820d9,CBJ689  ,China,1776112069.0,1776112069,96.0308,22.8284,10972.8,False,210.84,262.15,0.0,,11544.3,,False,0
a9aba2,ETD9725 ,United States,1776112070.0,1776112070,86.5344,25.0139,12496.8,False,280.64,103.25,0.0,,13068.3,3407,False,0
86d90e,JAL749  ,Japan,1776112071.0,1776112071,81.8771,26.6714,12192.0,False,206.42,297.78,0.0,,12702.54,7400,False,0
484560,KLM836  ,Kingdom of the Netherlands,1776112067.0,1776112070,86.4989,19.5833,9144.0,False,248.09,315.34,0.0,,9662.16,0150,False,0
77044d,ALK173  ,Sri Lanka,1776112070.0,1776112070,78.2,11.9359,9044.94,False,242.42,326.51,-18.53,,9585.96,,False,0
88812d,HVN73   ,Viet Nam,1776112070.0,1776112070,87.718,23.1997,10972.8,False,229.41,301.8,0.0,,11529.06,7006,False,0
88812a,HVN62   ,Viet Nam,1776112071.0,1776112071,90.1902,22.4529,12496.8,False,276.36,97.16,0.0,,13129.26,0411,False,0
888138,HVN19   ,Viet Nam,1776112070.0,1776112070,80.6147,26.9724,10972.8,False,213.1,310.5,0.0,,11430.0,7011,False,0
888167,HVN33   ,Viet Nam,1776112065.0,1776112065,83.7699,23.5887,11582.4,False,220.59,294.23,0.0,,12054.84,5602,False,0
888152,HVN34   ,Viet Nam,1776112070.0,1776112070,95.7539,21.9668,12496.8,False,274.84,95.26,0.0,,13114.02,4521,False,0
88813a,HVN11   ,Viet Nam,1776112069.0,1776112069,79.6717,26.4063,10972.8,False,214.76,308.87,0.0,,11422.38,,False,0
7705c1,ALK191  ,Sri Lanka,1776112070.0,1776112071,79.6987,12.9983,10972.8,False,237.47,351.91,0.0,,11597.64,,False,0
888123,HVN18   ,Viet Nam,1776112070.0,1776112070,83.5521,24.7931,12496.8,False,285.56,114.03,0.0,,12824.46,0670,False,0
4851b0,KLM810  ,Kingdom of the Netherlands,1776112071.0,1776112071,76.2448,25.33,9753.6,False,224.3,307.26,0.0,,10248.9,,False,0
8881c7,VJC896  ,Viet Nam,1776112070.0,1776112070,88.0654,22.9083,12496.8,False,260.98,123.09,0.33,,13114.02,0512,False,0
8880e5,HVN980  ,Viet Nam,1776112065.0,1776112065,83.5553,25.2204,11277.6,False,280.46,110.4,0.0,,11803.38,,False,0
8880e1,HVN36   ,Viet Nam,1776112070.0,1776112070,89.2964,22.555,11887.2,False,278.21,96.8,-0.33,,12496.8,7716,False,0
8880e2,HVN37   ,Viet Nam,1776111999.0,1776111999,74.0182,30.2082,9753.6,False,217.81,305.19,0.0,,10111.74,7045,False,0
8880e0,HVN30   ,Viet Nam,1776111819.0,1776111859,93.0269,19.6856,11887.2,False,263.2,127.3,0.0,,12550.14,7716,False,0
4d0119,CLX4951 ,Luxembourg,1776112070.0,1776112070,91.5616,20.7003,12489.18,False,259.84,124.35,0.0,,13106.4,3506,False,0
8940b5,DHX821  ,Bahrain,1776112070.0,1776112071,88.7251,22.6305,11346.18,False,256.29,100.41,-3.9,,11925.3,4701,False,0
76cccb,SIA7333 ,Singapore,1776112070.0,1776112070,79.6523,26.4066,11277.6,False,293.89,128.68,0.0,,11765.28,,False,0
5140d5,IGT1145 ,Georgia,1776112070.0,1776112070,94.7384,21.8553,9753.6,False,225.1,280.67,0.0,,10226.04,,False,0
76cdb7,SIA304  ,Singapore,1776112071.0,1776112071,82.0185,24.7396,10972.8,False,223.08,307.5,0.0,,11490.96,2203,False,0
76cdaf,SIA356  ,Singapore,1776112070.0,1776112071,76.694,25.0193,11582.4,False,220.0,307.78,0.0,,12138.66,,False,0
76cdba,SIA352  ,Singapore,1776112065.0,1776112065,83.4107,23.7462,10972.8,False,226.08,312.69,0.0,,11521.44,2267,False,0
75044c,MAS2    ,Malaysia,1776112068.0,1776112069,75.6022,25.7,11582.4,False,216.93,302.41,0.0,,12131.04,,False,0
750447,MXD161  ,Malaysia,1776112071.0,1776112071,91.5398,22.5787,8503.92,False,233.76,140.18,3.9,,8923.02,4754,False,0
7503bf,AXM36   ,Malaysia,1776111934.0,1776111934,76.5592,10.0014,4274.82,False,167.4,102.24,5.85,,4335.78,,False,0
507c44,UZB531  ,Uzbekistan,1776112070.0,1776112070,78.0943,29.253,10668.0,False,268.87,142.38,-0.33,,11064.24,,False,0
75059a,XAX605  ,Malaysia,1776112038.0,1776112038,77.0009,24.758,11887.2,False,271.09,133.54,0.0,,12466.32,,False,0
750562,AXM93   ,Malaysia,1776112069.0,1776112069,88.5299,19.3032,10058.4,False,242.05,133.02,0.0,,10629.9,0571,False,0
750554,MAS197  ,Malaysia,1776112070.0,1776112070,91.9867,22.08,9540.24,False,247.27,140.15,4.88,,10043.16,4776,False,0
4caeb6,KZR964  ,Ireland,1776112034.0,1776112066,75.237,30.3294,10972.8,False,218.84,351.76,0.0,,11369.04,,False,0
4d235c,VJT100  ,Malta,1776112070.0,1776112070,76.481,29.0873,6743.7,False,207.29,131.88,-9.1,,6995.16,,False,0
800b45,BDA481  ,India,1776112043.0,1776112070,74.9519,25.7143,10363.2,False,213.59,213.8,0.0,,10858.5,0516,False,0
4cad1e,KZR161  ,Ireland,1776112031.0,1776112071,75.3695,31.1451,9456.42,False,266.63,106.48,0.0,,9776.46,,False,0
800c86,AIC4KB  ,India,1776112071.0,1776112071,77.1788,28.5455,579.12,False,70.25,284.85,-3.58,,518.16,,False,0
39c428,AFR182  ,France,1776112062.0,1776112070,83.8093,21.8109,11269.98,False,272.04,130.01,0.0,,11894.82,0664,False,0
39d2a2,AFR196  ,France,1776112070.0,1776112070,79.4196,28.3153,11887.2,False,287.4,132.03,0.0,,12329.16,,False,0
4b191c,SWR177  ,Switzerland,1776112065.0,1776112069,73.7061,26.7914,9753.6,False,219.86,298.66,0.0,,10226.04,2233,False,0
800cb9,AIC5RP  ,India,1776112070.0,1776112070,75.7518,27.6948,6903.72,False,210.76,27.32,-7.48,,7208.52,0333,False,0
801638,AXB1996 ,India,1776347521.0,1776347521,88.0356,23.5531,9692.64,False,215.62,348.02,5.85,,10203.18,1431,False,0
801642,AXB2913 ,India,1776347203.0,1776347208,77.0365,14.6259,10325.1,False,223.07,316.59,4.23,,10896.6,,False,0
801648,IGO5023 ,India,1776347520.0,1776347520,78.6256,27.5389,10469.88,False,265.83,110.5,3.58,,10957.56,,False,0
801615,AXB2002 ,India,1776347493.0,1776347493,77.533,13.2084,1752.6,False,95.69,90.31,-4.88,,1752.6,,False,0
80160e,IGO601J ,India,1776347521.0,1776347521,88.3717,23.2527,4450.08,False,158.3,215.34,-12.68,,4625.34,2611,False,0
801629,IGO7605 ,India,1776347519.0,1776347519,79.1126,11.4176,4876.8,False,137.46,210.6,0.0,,5052.06,,False,0
801633,AKJ590Z ,India,1776347366.0,1776347366,82.5004,26.9286,5478.78,False,189.41,83.76,-7.8,,6560.82,,False,0
80161e,AKJ710Q ,India,1776347520.0,1776347520,77.6966,13.7291,3741.42,False,168.54,214.81,-4.88,,3878.58,,False,0
80167f,AIC4DM  ,India,1776347520.0,1776347520,82.2807,24.8781,10668.0,False,256.99,137.11,0.0,,11209.02,,False,0
80164b,IGO154H ,India,1776347463.0,1776347500,86.6314,26.2556,10980.42,False,206.01,274.87,0.0,,11498.58,2670,False,0
80164e,AIC5QC  ,India,1776347521.0,1776347521,76.8343,26.0512,11277.6,False,227.72,176.89,0.0,,11818.62,,False,0
80165e,AXB1982 ,India,1776347521.0,1776347521,82.2489,25.1465,5897.88,False,191.82,189.26,9.43,,6156.96,,False,0
801674,AIC4KJ  ,India,1776347521.0,1776347521,77.6496,13.2762,10363.2,False,243.05,6.93,0.0,,10957.56,,False,0
0800ae,ATC402  ,United Republic of Tanzania,1776347507.0,1776347508,92.2443,22.3156,12489.18,False,274.57,81.6,0.0,,13136.88,0323,False,0
885222,THA345  ,Thailand,1776347520.0,1776347520,96.2943,15.4064,11582.4,False,377.27,349.47,0.0,,12062.46,,False,0
8014ad,IGO6852 ,India,1776347520.0,1776347521,76.5157,25.5757,9197.34,False,234.6,162.12,5.2,,9669.78,,False,0
8014ae,AIC4LC  ,India,1776347521.0,1776347521,77.1361,28.5695,403.86,False,70.51,271.67,-3.25,,304.8,1143,False,0
8014e8,IGO6379 ,India,1776347520.0,1776347520,79.211,27.9556,10751.82,False,202.19,303.16,-4.88,,11254.74,,False,0
8014dd,AIC5YC  ,India,1776347521.0,1776347521,76.3667,28.3618,3665.22,False,176.69,63.73,-0.98,,3810.0,0242,False,0
8014da,AIC6KW  ,India,1776347520.0,1776347520,77.1712,27.825,3421.38,False,156.04,9.68,-4.88,,3543.3,,False,0
8014db,AIC6FK  ,India,1776347518.0,1776347518,77.8495,13.1921,2080.26,False,139.77,70.43,13.33,,2080.26,,False,0
8014df,IGO335  ,India,1776347514.0,1776347514,77.9123,14.6218,10965.18,False,241.32,13.56,0.0,,11590.02,,False,0
8014c4,AIC6EN  ,India,1776347520.0,1776347520,77.1558,13.8046,4099.56,False,187.04,153.36,-4.55,,4259.58,,False,0
8014d0,AIC5XU  ,India,1776347521.0,1776347521,77.1813,28.8239,3695.7,False,146.63,89.2,-5.53,,3825.24,,False,0
801775,IGO255K ,India,1776347519.0,1776347519,78.2549,14.3379,10668.0,False,241.73,131.12,0.0,,11277.6,,False,0
80172c,IGO315  ,India,1776347521.0,1776347521,77.3907,28.5088,1760.22,False,106.64,3.04,-5.85,,1767.84,0317,False,0
801738,IGO1183 ,India,1776347445.0,1776347466,78.3094,11.2052,11231.88,False,233.72,156.93,0.33,,11887.2,,False,0
801744,IGO13RC ,India,1776347521.0,1776347521,77.1959,26.5231,9723.12,False,229.7,357.3,-11.38,,10226.04,,False,0
801742,IGO264E ,India,1776347520.0,1776347520,78.902,28.1278,8686.8,False,192.58,295.81,-4.88,,9083.04,,False,0
80172d,IGO5003 ,India,1776347521.0,1776347521,78.5752,28.0509,5356.86,False,200.79,294.2,-8.45,,5593.08,,False,0
801752,IGO432C ,India,1776347405.0,1776347405,75.5463,26.1346,8671.56,False,200.74,200.71,-4.88,,9182.1,,False,0
80179a,AXB1365 ,India,1776347521.0,1776347521,77.6907,12.4032,7383.78,False,205.83,197.3,9.1,,7749.54,,False,0
80179b,AKJ1142 ,India,1776347491.0,1776347511,83.9167,22.6138,10972.8,False,219.95,247.15,0.0,,11544.3,2612,False,0
801786,AKJ463Q ,India,1776347485.0,1776347485,75.4524,25.729,10972.8,False,215.89,203.45,0.0,,11498.58,0542,False,0
8016a7,AIC4KS  ,India,1776347521.0,1776347521,77.6164,13.2217,11887.2,False,222.84,181.59,0.0,,12542.52,,False,0
8016b1,IGO6150 ,India,1776347520.0,1776347520,78.0439,28.4932,3970.02,False,153.36,278.29,-3.58,,4122.42,,False,0
8016b8,IGO235Y ,India,1776347521.0,1776347521,77.0565,28.5733,624.84,False,106.06,284.04,5.53,,541.02,,False,0
8016b9,IGO6298 ,India,1776347520.0,1776347520,76.9802,14.1786,7962.9,False,214.81,151.23,-4.23,,8382.0,,False,0
8002cc,VUAVT   ,India,1776347521.0,1776347521,77.3205,28.5654,1310.64,False,92.65,271.91,-5.53,,1287.78,,False,0
8015fc,IGO5AL  ,India,1776347520.0,1776347520,77.3721,11.6342,3261.36,False,162.12,201.6,-10.08,,3406.14,,False,0
885308,THA221  ,Thailand,1776347237.0,1776347264,99.3561,9.8775,9745.98,False,236.62,219.09,0.65,,10401.3,,False,0
8015e4,IGO312F ,India,1776347520.0,1776347521,85.9708,23.1714,11582.4,False,213.04,271.38,0.0,,12199.62,1401,False,0
8015e5,IGO403W ,India,1776347520.0,1776347520,87.9879,21.9895,6118.86,False,207.78,214.71,10.73,,6423.66,2655,False,0
8015e6,IGO749  ,India,1776347319.0,1776347319,84.3804,26.6507,10972.8,False,205.57,285.53,0.0,,11498.58,,False,0
8015db,IGO754J ,India,1776347518.0,1776347518,89.3845,26.475,10233.66,False,258.18,104.89,-6.5,,10736.58,0575,False,0
8015ef,AXB2893 ,India,1776347520.0,1776347521,84.8761,23.6994,10363.2,False,227.61,218.76,0.0,,10904.22,1466,False,0
885314,THA120  ,Thailand,1776347519.0,1776347519,98.9628,18.5987,1188.72,False,105.64,356.65,-1.95,,1226.82,,False,0
70203f,BBC335  ,Bangladesh,1776347521.0,1776347521,84.6648,23.2165,9753.6,False,240.77,270.49,0.0,,10271.76,4724,False,0
801733,IGO427C ,India,1776347521.0,1776347521,80.3903,27.1428,11582.4,False,202.95,310.27,0.0,,12108.18,,False,0
801874,AXB2945 ,India,1776347520.0,1776347520,84.753,19.9932,11277.6,False,237.6,37.79,0.0,,11902.44,2740,False,0
702098,UBG119  ,Bangladesh,1776347520.0,1776347520,90.4026,23.8375,205.74,False,62.67,142.0,9.43,,144.78,,False,0
800582,AIC174  ,India,1776347521.0,1776347521,90.9147,23.9612,11582.4,False,215.63,283.24,0.0,,12146.28,3121,False,0
8960dc,UAE333  ,United Arab Emirates,1776347432.0,1776347432,95.7671,14.7,9753.6,False,250.17,283.92,0.0,,10363.2,,False,0
8016e1,IGO388  ,India,1776347520.0,1776347520,77.4523,13.2091,1927.86,False,97.24,90.61,-2.6,,1927.86,,False,0
8016af,AXB1581 ,India,1776347512.0,1776347512,77.3982,14.1309,7444.74,False,206.05,327.02,8.78,,7673.34,,False,0
8016bc,IGO144  ,India,1776347520.0,1776347520,77.4504,11.8068,7932.42,False,214.2,207.0,-0.33,,8351.52,,False,0
8016c9,AXB2007 ,India,1776347521.0,1776347521,89.1053,24.7312,10972.8,False,216.03,236.95,0.0,,11521.44,2614,False,0
8016c7,AXB1369 ,India,1776347520.0,1776347520,90.6133,26.1767,5562.6,False,193.07,105.3,-9.75,,5791.2,5404,False,0
8016d6,IGO232  ,India,1776347521.0,1776347521,76.8768,26.8495,9799.32,False,234.12,178.87,9.75,,10271.76,,False,0
8016d3,IGO435  ,India,1776347520.0,1776347520,77.3504,13.2733,2385.06,False,106.34,118.3,-2.93,,2446.02,,False,0
8016cc,AXB1089 ,India,1776347520.0,1776347520,77.3777,29.3586,8968.74,False,215.2,351.75,-14.63,,9380.22,,False,0
8003e2,AIC126  ,India,1776347521.0,1776347521,75.8727,27.9678,6690.36,False,199.47,33.32,-8.78,,7018.02,1612,False,0
801805,IGO6039 ,India,1776347520.0,1776347520,77.2294,25.7647,10957.56,False,229.04,358.2,-0.33,,11483.34,,False,0
801848,AXB1080 ,India,1776347520.0,1776347520,75.9718,26.656,10972.8,False,212.92,203.34,0.0,,11498.58,,False,0
80180b,IGO1054 ,India,1776347360.0,1776347365,99.8569,14.0957,7680.96,False,215.81,300.35,7.48,,8145.78,,False,0
7020a9,UBG191  ,Bangladesh,1776347521.0,1776347521,89.2213,25.1357,3810.0,False,98.57,335.98,-4.88,,3924.3,4117,False,0
7020a6,BBC396  ,Bangladesh,1776347520.0,1776347520,89.7145,23.4523,3962.4,False,140.44,39.05,0.0,,4122.42,0424,False,0
7020b2,UBG116  ,Bangladesh,1776347521.0,1776347521,90.341,23.915,472.44,False,77.69,143.89,-3.9,,419.1,5555,False,0
7020bc,AWA435  ,Bangladesh,1776347496.0,1776347499,90.711,24.0239,2659.38,False,107.8,42.29,2.28,,2720.34,,False,0
8017e5,IGO248F ,India,1776347521.0,1776347521,85.3755,24.563,10668.0,False,255.09,118.68,0.0,,11224.26,0526,False,0
8017f3,IGO601P ,India,1776347520.0,1776347520,77.4541,28.4555,2758.44,False,107.96,20.94,-8.78,,2834.64,,False,0
896372,ABY466  ,United Arab Emirates,1776347520.0,1776347520,74.3079,28.6049,9768.84,False,206.56,263.57,0.33,,10210.8,,False,0
896371,ABY443  ,United Arab Emirates,1776347512.0,1776347518,76.8943,8.5085,480.06,False,98.24,316.27,3.25,,381.0,,False,0
896356,ETD909  ,United Arab Emirates,1776347521.0,1776347521,91.2739,22.6432,11887.2,False,269.41,100.45,0.0,,12489.18,3441,False,0
704946,MMA608  ,Myanmar,1776347520.0,1776347520,90.3425,20.115,11277.6,False,249.4,127.04,0.0,,11948.16,0453,False,0
896305,UAE587  ,United Arab Emirates,1776347520.0,1776347521,89.165,23.0343,7924.8,False,234.8,246.64,0.0,,8336.28,4722,False,0
89630d,UAE514  ,United Arab Emirates,1776347521.0,1776347521,73.275,28.3234,11277.6,False,275.81,99.99,0.0,,11742.42,,False,0
780a35,CPA665  ,China,1776347519.0,1776347520,86.2547,25.2297,10363.2,False,224.35,289.14,0.0,,10866.12,5157,False,0
780a43,HKC9458 ,China,1776347520.0,1776347520,80.1186,27.092,12496.8,False,265.54,115.47,0.33,,13068.3,,False,0
4bb156,THY6212 ,Turkey,1776347304.0,1776347305,83.841,25.1235,10668.0,False,279.02,110.51,0.0,,11201.4,,False,0
8007b2,IGO216E ,India,1776347520.0,1776347520,88.676,22.6837,2011.68,False,126.42,33.04,-3.58,,2042.16,7265,False,0
896442,ETD9674 ,United Arab Emirates,1776347519.0,1776347519,84.4449,23.0054,12496.8,False,266.6,84.69,0.0,,13098.78,1732,False,0
781e30,CSC3923 ,China,1776347521.0,1776347521,76.1896,7.5537,9136.38,False,236.21,218.37,0.0,,9654.54,,False,0
896662,FDB523  ,United Arab Emirates,1776347520.0,1776347520,85.7826,23.3502,11277.6,False,254.42,97.79,0.0,,11849.1,7243,False,0
896633,ADY063  ,United Arab Emirates,1776347520.0,1776347520,89.5466,24.1222,4572.0,False,174.55,101.91,-0.33,,4770.12,1715,False,0
8964c2,ETD238  ,United Arab Emirates,1776347520.0,1776347521,74.592,14.4984,11887.2,False,265.05,125.2,0.0,,12534.9,,False,0
8965f3,ETD8KU  ,United Arab Emirates,1776347449.0,1776347449,76.5947,14.8419,11887.2,False,267.81,117.2,-0.33,,12550.14,,False,0
75025b,MAS190  ,Malaysia,1776347511.0,1776347519,88.0205,19.429,11582.4,False,229.75,291.68,0.0,,12222.48,2132,False,0
896723,A6FAM   ,United Arab Emirates,1776347520.0,1776347521,85.0643,22.8689,11887.2,False,260.2,113.17,0.33,,12496.8,3406,False,0
70aa6f,HIM891  ,Nepal,1776347520.0,1776347520,88.022,21.8971,10355.58,False,224.15,3.29,-0.33,,10927.08,2174,False,0
76cd77,SIA406  ,Singapore,1776347514.0,1776347514,77.3372,24.9669,11582.4,False,230.41,318.8,0.0,,12138.66,,False,0
7800e5,CES713  ,China,1776347223.0,1776347224,85.5668,19.3874,10363.2,False,227.11,226.84,-0.33,,10919.46,3507,False,0
760a06,SIF146  ,Pakistan,1776347457.0,1776347457,74.3218,31.5782,1242.06,False,136.27,241.6,10.08,,1021.08,,False,0
78161d,CSN8069 ,China,1776347520.0,1776347520,76.4925,30.7763,11582.4,False,207.4,291.54,-0.33,,12016.74,,False,0
06a2b4,QTR1839 ,Qatar,1776347520.0,1776347520,95.5016,14.7634,9144.0,False,247.8,283.69,0.0,,9692.64,,False,0
880c44,AIQ5421 ,Thailand,1776347519.0,1776347520,99.9603,14.3353,11239.5,False,237.61,348.13,-4.88,,11955.78,,False,0
880c46,AIQ144  ,Thailand,1776347519.0,1776347520,85.5982,19.0102,10972.8,False,217.35,288.78,-0.33,,11567.16,6101,False,0
880c45,AIQ130  ,Thailand,1776346224.0,1776347424,96.2356,16.0806,10980.42,False,220.15,292.97,-0.33,,11612.88,,False,0
880c4a,AIQ3443 ,Thailand,1776347519.0,1776347520,99.016,18.306,2667.0,False,125.45,337.33,-7.15,,2758.44,,False,0
51016b,BRU796  ,Belarus,1776347519.0,1776347520,88.5079,22.6372,10972.8,False,223.25,305.34,0.33,,11567.16,5537,False,0
88628e,TAX230  ,Thailand,1776347520.0,1776347520,81.9355,26.1823,12192.0,False,207.0,301.79,0.0,,12740.64,6135,False,0
801408,AIC6GV  ,India,1776347521.0,1776347521,76.9569,28.3554,2628.9,False,148.53,198.37,16.26,,2697.48,,False,0
801409,AIC6GF  ,India,1776347520.0,1776347520,76.0083,28.1602,4884.42,False,171.75,35.74,-2.6,,5090.16,0326,False,0
801411,IGO362P ,India,1776347521.0,1776347521,88.6111,24.4368,10675.62,False,244.0,57.05,0.33,,11216.64,2716,False,0
801415,IGO7224 ,India,1776347232.0,1776347251,77.6086,13.2078,1341.12,False,58.65,90.5,-2.93,,1287.78,,False,0
80142a,IGO2096 ,India,1776347520.0,1776347521,83.4056,25.2714,9928.86,False,205.08,290.25,-1.95,,10439.4,,False,0
801439,AIC4KP  ,India,1776347520.0,1776347520,76.9329,24.9243,11887.2,False,243.44,152.57,0.0,,12466.32,,False,0
80141c,IGO2234 ,India,1776347520.0,1776347521,76.3778,27.5856,7955.28,False,231.77,203.55,6.18,,8343.9,,False,0
80141f,IGO913L ,India,1776347520.0,1776347520,85.8829,18.9589,10675.62,False,239.76,39.43,0.0,,11269.98,1000,False,0
801492,IGO907P ,India,1776347520.0,1776347520,81.8522,26.2326,5372.1,False,191.63,301.39,-13.98,,5631.18,,False,0
80145d,IGO542Y ,India,1776347521.0,1776347521,87.891,22.7753,6431.28,False,180.25,301.1,11.38,,6758.94,1313,False,0
80145f,IGO6914 ,India,1776347520.0,1776347520,87.3806,21.0507,10248.9,False,211.75,235.69,-5.85,,10812.78,0470,False,0
80148d,IGO6173 ,India,1776347521.0,1776347521,89.4072,22.9267,6400.8,False,200.95,72.72,0.0,,6713.22,1374,False,0
80149e,IGO371W ,India,1776347520.0,1776347521,86.4881,21.316,10668.0,False,251.07,81.75,0.33,,11254.74,2724,False,0
801523,IGO437  ,India,1776347226.0,1776347228,76.2442,11.3054,6697.98,False,209.18,164.6,-9.75,,7025.64,,False,0
801527,IGO62CH ,India,1776347520.0,1776347520,77.6969,13.8877,6240.78,False,159.71,225.91,-7.15,,6576.06,,False,0
80151f,VUMAB   ,India,1776347520.0,1776347520,76.8517,28.4468,3147.06,False,78.04,204.54,5.53,,3238.5,,False,0
06a137,QTR933  ,Qatar,1776347494.0,1776347494,99.4635,14.0108,9753.6,False,246.29,274.91,0.0,,10370.82,,False,0
801503,IGO1722 ,India,1776347521.0,1776347521,77.5281,28.4508,1379.22,False,127.27,284.04,-6.5,,1356.36,5125,False,0
80152f,IGO969  ,India,1776347520.0,1776347520,78.3528,13.6981,7254.24,False,199.71,36.52,9.43,,7620.0,,False,0
801553,AIC5RF  ,India,1776347521.0,1776347521,77.0083,28.4726,1363.98,False,146.6,191.74,15.28,,1318.26,,False,0
801554,IGO6453 ,India,1776347521.0,1776347521,77.227,28.5673,853.44,False,88.51,271.33,-4.23,,784.86,6414,False,0
80157c,AKJ1563 ,India,1776347520.0,1776347521,88.4371,22.8578,670.56,False,96.66,101.67,0.33,,601.98,0320,False,0
801591,AXB1049 ,India,1776347520.0,1776347520,76.6114,28.0445,5760.72,False,189.56,203.85,7.15,,6019.8,,False,0
8013fc,IGO619Y ,India,1776347520.0,1776347521,75.8746,26.8877,11582.4,False,205.51,207.91,0.33,,12108.18,,False,0
88516c,THA315  ,Thailand,1776347519.0,1776347519,90.966,19.6685,11582.4,False,234.18,307.32,0.0,,12214.86,6113,False,0
8013e5,IGO6041 ,India,1776347283.0,1776347283,80.8692,28.0152,10668.0,False,257.16,125.88,0.0,,11148.06,,False,0
8013e4,IGO7615 ,India,1776347520.0,1776347520,77.9501,12.7339,3962.4,False,130.46,77.94,0.0,,4076.7,,False,0
8013dc,IGO6556 ,India,1776347520.0,1776347520,88.3114,22.792,1760.22,False,104.71,9.05,-3.58,,1760.22,6415,False,0
8013f8,IGO6162 ,India,1776347520.0,1776347520,76.9493,12.9144,7315.2,False,200.52,256.5,0.0,,7688.58,,False,0
88045a,AIQ3168 ,Thailand,1776347515.0,1776347520,99.7872,16.811,11277.6,False,230.2,161.77,0.98,,11993.88,,False,0
151d70,AZV2947 ,Russian Federation,1776347507.0,1776347507,99.9601,13.1839,11582.4,False,226.94,198.23,0.0,,12252.96,,False,0
151d4a,AZV2938 ,Russian Federation,1776347520.0,1776347520,82.8364,24.4538,10370.82,False,227.58,355.46,0.0,,10858.5,,False,0
77170d,EXV824  ,Sri Lanka,1776347520.0,1776347521,77.8716,9.2638,10675.62,False,239.84,143.55,-0.33,,11285.22,,False,0
880845,AIQ3328 ,Thailand,1776347518.0,1776347519,99.6522,10.0422,7566.66,False,218.19,34.63,6.83,,8046.72,,False,0
880844,AIQ3075 ,Thailand,1776347367.0,1776347394,98.9625,18.6678,830.58,False,74.08,0.0,-3.58,,822.96,,False,0
880843,AIQ4419 ,Thailand,1776347463.0,1776347469,99.6681,11.7169,10942.32,False,230.76,190.53,8.13,,11658.6,,False,0
770592,ALK103  ,Sri Lanka,1776347521.0,1776347521,77.9681,5.9378,11582.4,False,235.58,245.9,0.0,,12237.72,,False,0
88818c,HVN977  ,Viet Nam,1776347514.0,1776347517,91.9467,20.4518,11574.78,False,237.03,304.66,0.0,,12199.62,5643,False,0
888164,HVN983  ,Viet Nam,1776347520.0,1776347521,93.922,22.1126,10355.58,False,216.26,274.64,0.0,,10888.98,,False,0
781360,CSN6037 ,China,1776347520.0,1776347520,79.667,27.6839,10363.2,False,225.74,304.41,-0.33,,10828.02,,False,0
706132,JZR5016 ,Kuwait,1776347268.0,1776347268,74.307,31.6088,1859.28,False,136.03,230.83,12.35,,845.82,,False,0
7812dc,CCA701  ,China,1776347519.0,1776347519,94.6952,22.7395,10972.8,False,204.62,259.42,0.33,,11529.06,,False,0
8880e7,HVN973  ,Viet Nam,1776347521.0,1776347521,88.3191,22.5479,11582.4,False,235.5,261.71,0.33,,12176.76,7033,False,0
86ebd8,ANA838  ,Japan,1776347520.0,1776347520,81.7343,26.5702,11269.98,False,283.14,107.12,-0.33,,11803.38,,False,0
7502d5,MXD182  ,Malaysia,1776347520.0,1776347520,87.5607,24.1986,10972.8,False,219.72,343.26,-0.33,,11536.68,2130,False,0
8966d4,ETD216  ,United Arab Emirates,1776347520.0,1776347520,77.1869,28.4224,2895.6,False,133.38,103.61,-9.1,,2979.42,,False,0
75041b,MXD131  ,Malaysia,1776347521.0,1776347521,82.0219,25.2103,11582.4,False,211.89,326.89,0.0,,12138.66,,False,0
ac5fd6,FDX5040 ,United States,1776347516.0,1776347516,80.7396,26.8227,11277.6,False,274.15,114.74,0.0,,11780.52,,False,0
60182a,TUA698  ,Turkmenistan,1776347520.0,1776347521,88.6267,24.431,10370.82,False,210.44,301.71,0.0,,10888.98,7034,False,0
75056d,MXD205  ,Malaysia,1776347519.0,1776347520,84.9489,21.0613,10972.8,False,217.9,314.9,0.0,,11612.88,2166,False,0
750555,,Malaysia,1776347520.0,1776347520,97.0429,15.0757,10972.8,False,230.26,308.56,0.0,,11643.36,,False,0
71ba09,KAL498  ,Republic of Korea,1776347521.0,1776347521,77.6158,27.9044,6477.0,False,242.85,111.24,9.1,,6781.8,,False,0
3c459a,BOX530  ,Germany,1776347520.0,1776347520,89.0656,21.1441,10668.0,False,270.1,150.07,0.0,,11247.12,4377,False,0
800b14,IGO6136 ,India,1776347521.0,1776347521,76.9692,28.4425,9448.8,False,233.47,188.36,0.0,,9898.38,,False,0
800b54,LLR751  ,India,1776347276.0,1776347276,92.421,26.1879,5173.98,False,139.96,91.26,-0.98,,5410.2,1362,False,0
800b62,AXB1041 ,India,1776347521.0,1776347521,78.4346,27.7683,8976.36,False,254.22,112.36,7.15,,9410.7,,False,0
800b44,AXB1050 ,India,1776347521.0,1776347521,77.3691,28.0625,5745.48,False,222.06,117.75,7.48,,6004.56,,False,0
800b9b,AXB2963 ,India,1776347410.0,1776347477,77.617,13.2078,1287.78,False,79.74,90.37,-3.9,,1211.58,,False,0
800c3c,AIC211  ,India,1776347520.0,1776347521,80.0443,27.199,11887.2,False,268.22,94.18,0.0,,12405.36,,False,0
800c88,AIC5WF  ,India,1776347521.0,1776347521,75.6349,12.0768,11887.2,False,228.12,160.5,0.0,,12550.14,,False,0
800c87,AIC5PR  ,India,1776347521.0,1776347521,83.6231,25.423,11277.6,False,259.82,117.99,0.0,,11818.62,,False,0
800c4b,AIC2335 ,India,1776347515.0,1776347519,83.4918,24.2218,11582.4,False,212.3,317.65,0.0,,12153.9,0747,False,0
800c4a,AICD6B  ,India,1776347272.0,1776347272,83.8195,21.35,10980.42,False,213.5,270.41,0.0,,11567.16,1474,False,0
800c99,IGO8RC  ,India,1776347505.0,1776347505,79.3725,12.5938,4579.62,False,121.71,26.35,0.33,,4831.08,,False,0
800c8e,AIC6HJ  ,India,1776347521.0,1776347521,77.2418,28.5128,861.06,False,88.96,283.71,0.0,,792.48,1375,False,0
710058,SVA761  ,Saudi Arabia,1776347520.0,1776347521,76.86,28.1692,3931.92,False,164.73,206.73,12.68,,4069.08,,False,0
800d10,IGO1161 ,India,1776347350.0,1776347350,85.3525,27.6818,1333.5,False,75.57,21.15,-4.23,,1325.88,,False,0
800d13,SEJ151  ,India,1776347491.0,1776347491,83.1553,26.9421,10972.8,False,202.0,284.0,0.0,,11475.72,,False,0
800d52,LLR508  ,India,1776347520.0,1776347520,77.2208,12.0125,5181.6,False,126.31,26.88,0.0,,5486.4,,False,0
800d36,IGO1169 ,India,1776347499.0,1776347499,76.9291,24.9797,11285.22,False,219.26,178.25,0.0,,11849.1,,False,0
800d34,IGO6717 ,India,1776347520.0,1776347521,87.4665,21.5377,7909.56,False,211.87,220.96,0.0,,8328.66,1430,False,0
800d37,IGO745J ,India,1776347521.0,1776347521,76.1961,28.2866,4191.0,False,166.57,63.2,-6.5,,4351.02,6424,False,0
800d40,AIC2338 ,India,1776347449.0,1776347449,99.4917,14.427,9128.76,False,226.76,298.6,4.88,,9022.08,,False,0
800bd4,AIC2JV  ,India,1776347314.0,1776347314,76.4724,10.1538,396.24,False,66.93,267.8,-3.25,,289.56,,False,0
800be5,AIC4FL  ,India,1776347521.0,1776347521,79.7486,27.2646,7589.52,False,246.18,116.03,-7.15,,7955.28,,False,0
800ce8,AIC6LW  ,India,1776347456.0,1776347456,76.897,25.187,10668.0,False,229.61,177.82,0.0,,11193.78,,False,0
800cc2,IGO7226 ,India,1776347430.0,1776347430,76.5022,14.5798,4869.18,False,135.46,305.26,-0.33,,5143.5,,False,0
